date,customer_id,region,purchase_frequency,days_since_last_purchase,avg_basket_size,payment_delay_days,returns_count,churn_probability,churn_flag
2024-01-01,CUST_1112,Pune,9.6,0,3700.34,2,1,0.022,0
2024-01-01,CUST_1265,Delhi,10.7,0,1410.88,0,0,0.021,0
2024-01-01,CUST_1272,Kolkata,6.1,35,2342.0,3,1,0.306,0
2024-01-01,CUST_1424,Chennai,8.9,16,1046.21,3,0,0.07,0
2024-01-01,CUST_1230,Kolkata,9.5,6,4857.78,0,0,0.015,0
2024-01-01,CUST_1229,Ahmedabad,9.3,1,2660.49,4,0,0.015,0
2024-01-01,CUST_1216,Mumbai,8.8,0,2735.87,0,0,0.011,0
2024-01-01,CUST_1294,Kolkata,9.1,10,3405.26,0,0,0.049,0
2024-01-01,CUST_1119,Pune,3.9,45,2661.36,4,0,0.188,0
2024-01-01,CUST_1301,Delhi,4.5,6,567.02,0,0,0.059,0
2024-01-01,CUST_1448,Pune,8.5,45,1737.62,15,2,0.306,0
2024-01-01,CUST_1318,Bangalore,9.5,14,1340.5,0,0,0.042,0
2024-01-01,CUST_1264,Hyderabad,10.2,0,4513.15,0,0,0.022,0
2024-01-01,CUST_1029,Kolkata,4.8,28,818.9,3,2,0.156,0
2024-01-01,CUST_1201,Delhi,6.2,3,1412.96,0,2,0.031,0
2024-01-01,CUST_1498,Kolkata,8.9,4,2113.41,0,0,0.045,0
2024-01-01,CUST_1068,Bangalore,8.4,8,2467.7,1,1,0.022,0
2024-01-01,CUST_1033,Chennai,7.6,0,1119.83,1,1,0.037,0
2024-01-01,CUST_1109,Chennai,7.8,18,4455.5,0,1,0.076,0
2024-01-01,CUST_1075,Hyderabad,6.2,33,922.86,5,0,0.16,0
2024-01-01,CUST_1186,Ahmedabad,3.9,2,2583.19,4,0,0.021,0
2024-01-01,CUST_1168,Pune,5.3,9,2496.62,0,0,0.016,0
2024-01-01,CUST_1038,Hyderabad,5.9,1,4608.56,2,0,0.032,0
2024-01-01,CUST_1443,Chennai,6.2,0,2733.8,4,0,0.011,0
2024-01-01,CUST_1426,Delhi,4.4,0,2957.01,0,1,0.025,0
2024-01-01,CUST_1233,Ahmedabad,7.3,6,3399.33,0,0,0.02,0
2024-01-01,CUST_1002,Hyderabad,10.1,16,3479.24,5,1,0.057,0
2024-01-01,CUST_1291,Chennai,6.5,2,4249.26,0,0,0.074,0
2024-01-01,CUST_1062,Pune,7.3,14,2158.95,1,0,0.049,0
2024-01-01,CUST_1185,Delhi,6.0,9,4736.35,2,1,0.061,0
2024-01-01,CUST_1295,Mumbai,7.5,8,3012.43,6,1,0.022,0
2024-01-01,CUST_1343,Pune,3.3,13,1314.49,0,0,0.016,0
2024-01-01,CUST_1111,Pune,8.3,0,1048.29,2,0,0.039,0
2024-01-01,CUST_1482,Ahmedabad,9.2,5,3154.59,0,0,0.016,0
2024-01-01,CUST_1198,Kolkata,7.6,6,1353.64,0,0,0.021,0
2024-01-01,CUST_1455,Delhi,6.2,4,4821.38,1,0,0.045,0
2024-01-01,CUST_1148,Ahmedabad,7.9,5,4498.91,6,0,0.026,0
2024-01-01,CUST_1308,Pune,4.8,62,3727.87,16,3,0.35,1
2024-01-01,CUST_1327,Chennai,5.0,13,3182.6,0,0,0.033,0
2024-01-01,CUST_1099,Delhi,7.3,7,2647.25,0,0,0.059,0
2024-01-01,CUST_1370,Pune,11.0,16,961.93,3,0,0.022,0
2024-01-01,CUST_1237,Kolkata,8.4,0,3118.24,0,0,0.032,0
2024-01-01,CUST_1276,Delhi,9.5,3,2409.02,0,0,0.013,0
2024-01-01,CUST_1030,Chennai,9.7,22,3330.17,6,0,0.074,0
2024-01-01,CUST_1271,Bangalore,8.3,3,3125.27,0,0,0.035,0
2024-01-01,CUST_1183,Mumbai,7.7,3,1637.31,5,0,0.057,0
2024-01-01,CUST_1012,Kolkata,5.5,40,3287.86,7,1,0.229,0
2024-01-01,CUST_1240,Mumbai,11.8,6,922.02,7,0,0.066,0
2024-01-01,CUST_1307,Chennai,6.3,2,2807.99,0,0,0.039,0
2024-01-01,CUST_1026,Chennai,10.7,16,2359.68,4,0,0.046,0
2024-01-01,CUST_1416,Delhi,7.0,14,1446.42,1,1,0.055,0
2024-01-01,CUST_1406,Kolkata,7.5,17,3200.21,0,0,0.072,0
2024-01-01,CUST_1334,Mumbai,5.1,0,2626.05,12,1,0.075,0
2024-01-01,CUST_1015,Mumbai,9.8,12,1726.5,6,0,0.055,0
2024-01-01,CUST_1464,Chennai,3.2,9,4606.86,9,0,0.076,0
2024-01-01,CUST_1323,Ahmedabad,4.0,4,1995.15,0,1,0.066,0
2024-01-01,CUST_1299,Chennai,7.5,12,1879.28,3,0,0.069,0
2024-01-01,CUST_1362,Pune,6.0,17,517.35,2,0,0.059,0
2024-01-01,CUST_1131,Delhi,6.7,17,2104.06,0,0,0.065,0
2024-01-01,CUST_1382,Chennai,9.2,3,4826.25,4,0,0.022,0
2024-01-01,CUST_1035,Chennai,8.3,0,3896.84,0,0,0.046,0
2024-01-01,CUST_1167,Kolkata,8.0,21,1015.18,2,0,0.038,0
2024-01-01,CUST_1253,Hyderabad,10.3,36,4586.04,2,0,0.076,0
2024-01-01,CUST_1094,Ahmedabad,6.4,0,4577.35,0,0,0.041,0
2024-01-01,CUST_1073,Kolkata,6.9,15,3648.08,1,1,0.229,1
2024-01-01,CUST_1048,Pune,7.1,47,2900.3,15,1,0.338,0
2024-01-01,CUST_1317,Ahmedabad,4.8,32,1298.63,13,0,0.314,1
2024-01-01,CUST_1215,Hyderabad,7.4,2,3851.39,4,0,0.034,0
2024-01-01,CUST_1315,Pune,8.7,15,1135.34,0,0,0.043,0
2024-01-01,CUST_1460,Pune,9.2,12,2246.35,4,0,0.065,0
2024-01-01,CUST_1285,Delhi,9.1,0,2406.57,7,0,0.031,0
2024-01-01,CUST_1050,Mumbai,8.0,4,882.62,1,0,0.03,0
2024-01-01,CUST_1468,Chennai,9.2,9,742.88,3,0,0.078,0
2024-01-01,CUST_1005,Pune,10.5,10,548.38,9,0,0.078,0
2024-01-01,CUST_1086,Bangalore,5.7,31,762.21,4,0,0.076,1
2024-01-01,CUST_1471,Chennai,10.7,20,2192.98,0,0,0.024,0
2024-01-01,CUST_1453,Delhi,5.6,27,2846.02,0,0,0.033,0
2024-01-01,CUST_1083,Ahmedabad,6.6,17,4074.61,13,0,0.057,0
2024-01-01,CUST_1176,Hyderabad,7.2,8,4078.58,5,0,0.062,0
2024-01-01,CUST_1045,Pune,7.6,8,512.34,8,0,0.066,0
2024-01-01,CUST_1267,Bangalore,6.2,0,557.2,0,0,0.077,0
2024-01-01,CUST_1162,Hyderabad,7.4,0,4100.13,0,0,0.02,0
2024-01-01,CUST_1484,Hyderabad,11.2,10,2169.94,2,0,0.02,0
2024-01-01,CUST_1082,Mumbai,7.4,21,3838.46,6,1,0.184,0
2024-01-01,CUST_1402,Bangalore,6.5,25,1380.26,19,3,0.232,0
2024-01-01,CUST_1381,Chennai,10.9,0,1281.98,1,1,0.045,0
2024-01-01,CUST_1116,Bangalore,6.2,16,1263.11,1,0,0.071,0
2024-01-01,CUST_1243,Kolkata,6.5,0,3665.1,0,0,0.015,0
2024-01-01,CUST_1462,Kolkata,3.5,0,4552.99,0,0,0.024,0
2024-01-01,CUST_1051,Kolkata,10.7,1,4703.68,1,0,0.043,0
2024-01-01,CUST_1282,Hyderabad,9.5,0,4027.83,6,0,0.012,0
2024-01-01,CUST_1187,Kolkata,3.1,50,863.63,3,0,0.257,0
2024-01-01,CUST_1286,Chennai,6.4,0,4276.77,0,0,0.027,0
2024-01-01,CUST_1133,Pune,5.8,4,3884.26,0,0,0.011,0
2024-01-01,CUST_1220,Mumbai,6.4,0,3114.49,0,0,0.044,0
2024-01-01,CUST_1235,Ahmedabad,6.1,2,4804.63,0,0,0.016,0
2024-01-01,CUST_1417,Mumbai,5.3,10,2925.78,0,0,0.018,0
2024-01-01,CUST_1139,Mumbai,7.7,1,4251.53,0,0,0.078,0
2024-01-01,CUST_1092,Mumbai,9.6,34,2592.37,12,1,0.238,1
2024-01-01,CUST_1393,Mumbai,6.8,21,3569.26,1,1,0.194,0
2024-01-01,CUST_1246,Hyderabad,7.1,17,4035.59,0,0,0.071,0
2024-01-01,CUST_1081,Kolkata,8.5,9,1650.18,0,0,0.051,0
2024-01-01,CUST_1041,Hyderabad,5.0,32,4060.42,0,0,0.074,0
2024-01-01,CUST_1444,Delhi,5.8,18,3178.75,4,0,0.07,0
2024-01-01,CUST_1495,Delhi,7.3,31,2408.21,2,2,0.251,0
2024-01-01,CUST_1461,Chennai,6.2,0,4198.96,2,0,0.062,0
2024-01-01,CUST_1411,Kolkata,4.8,11,2932.07,0,0,0.065,0
2024-01-01,CUST_1259,Mumbai,5.0,1,4075.07,0,0,0.067,0
2024-01-01,CUST_1079,Ahmedabad,10.8,9,4486.75,0,0,0.069,0
2024-01-01,CUST_1175,Hyderabad,4.1,0,4865.18,9,0,0.035,0
2024-01-01,CUST_1022,Pune,8.0,8,525.48,0,0,0.079,0
2024-01-01,CUST_1236,Kolkata,9.1,4,929.2,2,1,0.05,0
2024-01-01,CUST_1169,Kolkata,7.9,7,1686.94,0,1,0.073,0
2024-01-01,CUST_1113,Ahmedabad,6.8,40,1572.35,9,0,0.344,0
2024-01-01,CUST_1085,Bangalore,6.0,10,2037.24,8,0,0.067,0
2024-01-01,CUST_1475,Hyderabad,10.2,0,3124.37,0,0,0.017,0
2024-01-01,CUST_1341,Chennai,9.1,0,3982.79,0,0,0.018,0
2024-01-01,CUST_1359,Mumbai,6.0,23,3759.57,0,0,0.037,0
2024-01-01,CUST_1273,Ahmedabad,8.0,0,1951.27,0,1,0.044,0
2024-01-01,CUST_1040,Kolkata,5.4,2,3932.16,2,0,0.011,0
2024-01-01,CUST_1160,Bangalore,11.0,11,2476.51,2,0,0.039,0
2024-01-01,CUST_1400,Pune,6.8,22,3830.97,0,0,0.072,0
2024-01-01,CUST_1386,Ahmedabad,6.4,0,3674.58,0,0,0.027,0
2024-01-01,CUST_1324,Ahmedabad,6.5,14,3603.7,2,1,0.077,0
2024-01-01,CUST_1241,Chennai,7.5,0,2371.28,0,1,0.057,0
2024-01-01,CUST_1106,Kolkata,7.6,40,4269.59,12,1,0.28,0
2024-01-01,CUST_1137,Chennai,8.0,0,1906.59,2,1,0.018,0
2024-01-01,CUST_1024,Hyderabad,6.4,14,4125.48,0,0,0.03,0
2024-01-01,CUST_1060,Hyderabad,6.8,5,825.86,0,0,0.074,0
2024-01-01,CUST_1336,Delhi,6.4,13,598.37,2,0,0.204,0
2024-01-01,CUST_1101,Kolkata,5.0,53,3881.83,16,1,0.333,0
2024-01-01,CUST_1491,Chennai,7.9,16,601.7,11,0,0.023,0
2024-01-01,CUST_1454,Chennai,12.8,15,2603.02,0,0,0.032,0
2024-01-01,CUST_1388,Pune,10.6,17,2853.11,0,0,0.077,0
2024-01-01,CUST_1144,Chennai,6.4,0,1313.52,0,2,0.042,0
2024-01-01,CUST_1331,Kolkata,7.5,0,2573.2,1,0,0.057,0
2024-01-01,CUST_1211,Ahmedabad,5.0,21,1430.14,0,2,0.08,0
2024-01-01,CUST_1478,Hyderabad,7.6,20,2804.46,6,1,0.072,0
2024-01-01,CUST_1374,Mumbai,8.1,4,4808.24,0,0,0.038,0
2024-01-01,CUST_1214,Bangalore,8.5,18,1121.78,0,0,0.056,0
2024-01-01,CUST_1189,Delhi,3.8,19,2255.61,2,0,0.063,0
2024-01-01,CUST_1398,Bangalore,8.8,11,2066.55,0,0,0.04,0
2024-01-01,CUST_1372,Ahmedabad,6.5,16,4002.15,0,0,0.024,0
2024-01-01,CUST_1390,Ahmedabad,7.0,0,1887.11,15,0,0.05,0
2024-01-01,CUST_1125,Delhi,8.7,0,2256.66,7,1,0.03,0
2024-01-01,CUST_1292,Ahmedabad,8.6,0,1204.92,0,0,0.041,0
2024-01-01,CUST_1019,Ahmedabad,10.2,0,4452.43,0,0,0.02,0
2024-01-01,CUST_1191,Chennai,9.5,8,1860.18,1,0,0.058,0
2024-01-01,CUST_1023,Ahmedabad,10.0,0,2352.13,6,0,0.01,0
2024-01-01,CUST_1373,Delhi,7.3,0,2390.43,2,0,0.07,0
2024-01-01,CUST_1340,Mumbai,7.4,6,2184.22,8,0,0.047,0
2024-01-01,CUST_1171,Ahmedabad,9.7,0,3116.42,0,0,0.053,0
2024-01-01,CUST_1392,Bangalore,7.5,0,1611.07,0,0,0.027,0
2024-01-01,CUST_1006,Bangalore,4.7,0,1143.27,12,0,0.035,1
2024-01-01,CUST_1365,Bangalore,10.0,0,4593.6,0,0,0.028,0
2024-01-01,CUST_1232,Pune,8.7,19,879.34,4,0,0.031,0
2024-01-01,CUST_1014,Delhi,10.1,8,4869.34,0,0,0.052,0
2024-01-01,CUST_1492,Pune,8.2,7,4365.71,0,0,0.067,0
2024-01-01,CUST_1358,Hyderabad,8.5,21,3073.37,3,0,0.242,0
2024-01-01,CUST_1457,Chennai,10.0,7,547.27,0,1,0.051,0
2024-01-01,CUST_1277,Hyderabad,6.6,5,661.93,5,0,0.05,0
2024-01-01,CUST_1297,Mumbai,9.8,10,965.47,0,0,0.03,0
2024-01-01,CUST_1107,Hyderabad,9.9,0,2776.4,0,0,0.058,0
2024-01-01,CUST_1357,Ahmedabad,9.0,16,3282.42,0,1,0.034,0
2024-01-01,CUST_1418,Bangalore,7.4,13,1060.21,0,0,0.029,0
2024-01-01,CUST_1476,Delhi,7.2,18,1678.3,3,0,0.069,0
2024-01-01,CUST_1312,Bangalore,5.5,1,3698.12,0,0,0.017,0
2024-01-01,CUST_1226,Delhi,9.7,5,1665.89,4,0,0.062,0
2024-01-01,CUST_1184,Delhi,7.8,3,4197.59,0,0,0.065,0
2024-01-01,CUST_1161,Mumbai,7.2,5,4687.81,0,0,0.011,0
2024-01-01,CUST_1302,Ahmedabad,9.8,8,2452.05,12,0,0.038,0
2024-01-01,CUST_1182,Bangalore,10.3,2,2182.02,0,1,0.047,0
2024-01-01,CUST_1321,Ahmedabad,8.7,0,4709.92,0,0,0.018,0
2024-01-01,CUST_1466,Mumbai,11.8,4,2349.49,3,0,0.025,0
2024-01-01,CUST_1067,Bangalore,6.6,0,3997.57,0,0,0.036,0
2024-01-01,CUST_1477,Hyderabad,6.2,0,4713.99,4,0,0.036,0
2024-01-01,CUST_1087,Ahmedabad,8.5,26,1247.46,0,0,0.033,0
2024-01-01,CUST_1256,Ahmedabad,3.6,16,3416.4,0,0,0.05,0
2024-01-01,CUST_1205,Bangalore,6.4,0,550.59,3,0,0.05,0
2024-01-01,CUST_1298,Hyderabad,9.2,7,4123.55,1,0,0.044,0
2024-01-01,CUST_1279,Kolkata,6.4,21,3008.96,2,1,0.066,0
2024-01-01,CUST_1078,Pune,6.2,20,1323.85,0,0,0.078,0
2024-01-01,CUST_1020,Mumbai,4.6,2,1189.37,7,0,0.044,0
2024-01-01,CUST_1425,Pune,8.0,0,2610.56,2,1,0.025,0
2024-01-01,CUST_1470,Bangalore,8.2,5,4635.28,0,0,0.022,0
2024-01-01,CUST_1149,Chennai,7.6,20,961.91,7,0,0.079,0
2024-01-01,CUST_1449,Mumbai,9.3,12,4257.32,11,0,0.038,0
2024-01-01,CUST_1351,Mumbai,6.1,38,3193.55,9,0,0.273,0
2024-01-01,CUST_1009,Ahmedabad,4.5,15,3540.28,2,0,0.067,0
2024-01-01,CUST_1114,Kolkata,6.2,0,3828.77,3,0,0.078,0
2024-01-01,CUST_1043,Kolkata,7.6,0,2592.6,8,0,0.045,0
2024-01-01,CUST_1174,Kolkata,7.8,15,2476.74,0,0,0.056,0
2024-01-01,CUST_1011,Kolkata,9.2,5,4669.67,7,0,0.054,0
2024-01-01,CUST_1437,Chennai,11.3,4,1442.31,3,1,0.073,0
2024-01-01,CUST_1257,Pune,8.0,0,2131.83,3,0,0.016,0
2024-01-01,CUST_1017,Bangalore,4.1,24,3014.94,14,0,0.263,0
2024-01-01,CUST_1044,Ahmedabad,6.0,11,4372.31,0,0,0.068,0
2024-01-01,CUST_1356,Mumbai,3.6,23,2822.13,0,0,0.079,0
2024-01-01,CUST_1203,Kolkata,7.3,18,1534.34,9,0,0.039,0
2024-01-01,CUST_1042,Kolkata,2.8,0,3662.63,10,0,0.06,0
2024-01-31,CUST_1264,Kolkata,8.5,17,3755.75,0,0,0.022,0
2024-01-31,CUST_1390,Bangalore,7.5,17,1062.3,14,1,0.05,1
2024-01-31,CUST_1395,Kolkata,11.7,0,1648.7,0,0,0.016,0
2024-01-31,CUST_1271,Pune,8.0,4,1685.54,0,0,0.035,0
2024-01-31,CUST_1094,Kolkata,6.5,3,4805.94,0,0,0.041,0
2024-01-31,CUST_1160,Pune,4.3,15,2577.32,0,0,0.039,0
2024-01-31,CUST_1290,Delhi,7.5,18,3779.29,0,0,0.053,0
2024-01-31,CUST_1460,Ahmedabad,11.7,0,1068.16,0,0,0.065,0
2024-01-31,CUST_1449,Bangalore,9.4,0,4103.61,2,1,0.038,0
2024-01-31,CUST_1177,Ahmedabad,10.4,15,1504.75,0,0,0.017,0
2024-01-31,CUST_1061,Pune,6.6,0,2503.39,4,0,0.038,0
2024-01-31,CUST_1444,Kolkata,9.4,10,4812.41,8,0,0.07,0
2024-01-31,CUST_1291,Hyderabad,8.5,5,584.48,11,1,0.074,0
2024-01-31,CUST_1054,Kolkata,10.2,32,2157.78,0,0,0.038,0
2024-01-31,CUST_1350,Pune,5.9,2,1922.5,7,0,0.08,0
2024-01-31,CUST_1039,Mumbai,6.8,34,3049.89,7,0,0.176,0
2024-01-31,CUST_1007,Delhi,4.4,1,2904.59,0,0,0.042,0
2024-01-31,CUST_1206,Bangalore,7.2,0,2592.46,1,0,0.032,0
2024-01-31,CUST_1274,Delhi,9.8,2,3602.44,0,0,0.048,0
2024-01-31,CUST_1447,Delhi,6.2,9,1472.65,12,0,0.06,0
2024-01-31,CUST_1335,Ahmedabad,6.3,2,2274.85,0,0,0.027,0
2024-01-31,CUST_1292,Ahmedabad,4.2,0,3399.77,5,0,0.041,0
2024-01-31,CUST_1368,Kolkata,5.6,0,4502.98,1,1,0.039,0
2024-01-31,CUST_1063,Ahmedabad,9.7,14,4812.21,0,1,0.053,0
2024-01-31,CUST_1058,Mumbai,8.5,0,3093.37,0,0,0.065,0
2024-01-31,CUST_1021,Ahmedabad,6.8,5,2304.09,0,0,0.051,1
2024-01-31,CUST_1347,Bangalore,11.1,24,3496.31,0,0,0.021,0
2024-01-31,CUST_1168,Chennai,5.4,8,2246.09,0,0,0.016,0
2024-01-31,CUST_1293,Delhi,7.4,21,1533.91,0,0,0.041,0
2024-01-31,CUST_1421,Hyderabad,5.0,5,679.14,6,0,0.054,0
2024-01-31,CUST_1126,Pune,8.1,2,1694.84,6,0,0.069,0
2024-01-31,CUST_1024,Ahmedabad,8.1,4,4151.35,0,1,0.03,0
2024-01-31,CUST_1470,Pune,7.1,13,3598.98,4,0,0.022,0
2024-01-31,CUST_1240,Pune,8.3,13,794.66,0,0,0.066,0
2024-01-31,CUST_1260,Bangalore,11.0,3,4715.87,6,0,0.053,0
2024-01-31,CUST_1404,Kolkata,8.9,0,1226.55,3,0,0.051,0
2024-01-31,CUST_1118,Delhi,5.0,13,2934.4,0,0,0.048,0
2024-01-31,CUST_1356,Delhi,7.9,22,4792.44,4,1,0.079,0
2024-01-31,CUST_1013,Mumbai,8.5,9,3173.93,5,0,0.053,0
2024-01-31,CUST_1055,Kolkata,8.0,48,3542.76,10,1,0.319,0
2024-01-31,CUST_1207,Mumbai,8.3,15,4594.86,0,0,0.033,0
2024-01-31,CUST_1089,Chennai,6.7,10,1148.17,7,1,0.056,0
2024-01-31,CUST_1304,Ahmedabad,12.7,0,3641.89,0,0,0.016,0
2024-01-31,CUST_1261,Mumbai,11.9,0,2756.51,0,0,0.029,0
2024-01-31,CUST_1265,Kolkata,8.1,0,3514.36,0,0,0.021,0
2024-01-31,CUST_1167,Mumbai,8.3,6,4615.36,1,0,0.038,0
2024-01-31,CUST_1380,Bangalore,9.9,0,3165.25,3,1,0.052,0
2024-01-31,CUST_1233,Mumbai,6.0,4,1307.62,10,0,0.02,0
2024-01-31,CUST_1245,Kolkata,10.5,5,3824.2,0,2,0.038,0
2024-01-31,CUST_1140,Bangalore,6.9,9,1596.26,0,0,0.015,0
2024-01-31,CUST_1155,Mumbai,7.8,0,1913.6,0,0,0.037,0
2024-01-31,CUST_1481,Bangalore,8.2,10,1031.75,3,1,0.044,0
2024-01-31,CUST_1371,Mumbai,9.0,8,4485.34,0,0,0.017,0
2024-01-31,CUST_1109,Delhi,5.4,3,643.9,0,1,0.076,0
2024-01-31,CUST_1009,Mumbai,8.1,8,2661.04,1,0,0.067,0
2024-01-31,CUST_1432,Pune,4.0,0,3153.83,6,0,0.038,0
2024-01-31,CUST_1375,Pune,6.5,0,1765.89,0,0,0.014,0
2024-01-31,CUST_1236,Chennai,9.5,0,3772.68,0,0,0.05,0
2024-01-31,CUST_1180,Mumbai,6.7,8,4496.96,0,1,0.058,0
2024-01-31,CUST_1352,Mumbai,10.5,0,2755.36,9,0,0.017,0
2024-01-31,CUST_1426,Delhi,8.1,8,691.09,4,0,0.025,0
2024-01-31,CUST_1183,Pune,9.5,18,1248.28,0,1,0.057,0
2024-01-31,CUST_1496,Delhi,10.0,5,4833.2,0,0,0.018,0
2024-01-31,CUST_1401,Hyderabad,9.2,0,3278.5,0,0,0.057,0
2024-01-31,CUST_1462,Bangalore,9.1,10,1863.56,2,0,0.024,0
2024-01-31,CUST_1158,Kolkata,8.5,0,2747.93,17,0,0.027,0
2024-01-31,CUST_1338,Bangalore,10.0,3,2905.35,5,0,0.074,0
2024-01-31,CUST_1257,Delhi,7.6,0,2598.14,0,0,0.016,0
2024-01-31,CUST_1398,Mumbai,4.8,13,2412.77,4,0,0.04,0
2024-01-31,CUST_1174,Hyderabad,8.0,34,1618.08,5,0,0.056,0
2024-01-31,CUST_1288,Delhi,5.2,2,991.78,4,0,0.037,0
2024-01-31,CUST_1095,Chennai,8.5,14,2881.69,0,0,0.05,0
2024-01-31,CUST_1373,Delhi,9.4,0,1695.32,12,1,0.07,0
2024-01-31,CUST_1111,Delhi,6.8,26,3063.06,0,0,0.039,0
2024-01-31,CUST_1489,Chennai,6.1,34,2678.03,22,1,0.258,0
2024-01-31,CUST_1122,Chennai,7.3,14,4684.8,0,0,0.032,0
2024-01-31,CUST_1282,Chennai,8.4,2,1024.25,5,0,0.012,0
2024-01-31,CUST_1238,Pune,7.0,3,921.5,2,0,0.073,0
2024-01-31,CUST_1445,Chennai,5.2,13,3893.95,3,0,0.048,0
2024-01-31,CUST_1132,Chennai,5.9,0,3691.42,1,0,0.079,0
2024-01-31,CUST_1325,Bangalore,7.9,0,714.98,12,0,0.044,0
2024-01-31,CUST_1093,Ahmedabad,5.3,13,3858.2,6,0,0.045,0
2024-01-31,CUST_1190,Kolkata,5.4,0,4125.24,2,0,0.045,0
2024-01-31,CUST_1476,Ahmedabad,4.6,11,4729.81,12,1,0.069,0
2024-01-31,CUST_1383,Mumbai,10.2,0,1015.98,0,0,0.051,0
2024-01-31,CUST_1454,Ahmedabad,7.1,8,3300.36,1,0,0.032,0
2024-01-31,CUST_1275,Chennai,7.0,13,2055.84,0,0,0.056,0
2024-01-31,CUST_1250,Bangalore,6.2,0,2044.5,7,0,0.012,0
2024-01-31,CUST_1018,Kolkata,8.0,10,579.95,0,0,0.022,0
2024-01-31,CUST_1364,Pune,7.6,36,1322.49,2,1,0.203,0
2024-01-31,CUST_1307,Kolkata,6.4,0,3271.36,0,0,0.039,0
2024-01-31,CUST_1227,Pune,5.4,16,1667.47,1,0,0.017,0
2024-01-31,CUST_1266,Ahmedabad,5.3,6,2312.8,7,0,0.049,0
2024-01-31,CUST_1226,Kolkata,9.7,0,2464.56,8,1,0.062,0
2024-01-31,CUST_1067,Mumbai,9.6,21,2279.34,6,0,0.036,0
2024-01-31,CUST_1346,Bangalore,3.6,8,2101.58,11,0,0.072,0
2024-01-31,CUST_1079,Kolkata,5.9,9,2056.17,0,0,0.069,0
2024-01-31,CUST_1446,Mumbai,9.2,2,3273.58,0,0,0.023,0
2024-01-31,CUST_1166,Kolkata,9.8,26,4546.29,7,0,0.072,0
2024-01-31,CUST_1259,Bangalore,6.8,0,1601.72,4,0,0.067,0
2024-01-31,CUST_1493,Mumbai,8.5,14,2671.13,5,1,0.034,0
2024-01-31,CUST_1062,Chennai,10.6,6,2313.98,0,0,0.049,0
2024-01-31,CUST_1148,Hyderabad,10.3,0,2219.64,1,0,0.026,0
2024-01-31,CUST_1485,Pune,4.7,24,1567.67,0,1,0.154,0
2024-01-31,CUST_1023,Kolkata,6.9,0,3275.26,8,1,0.01,0
2024-01-31,CUST_1317,Mumbai,3.3,37,3440.8,3,0,0.314,0
2024-01-31,CUST_1082,Chennai,5.2,27,868.14,0,0,0.184,0
2024-01-31,CUST_1370,Delhi,8.3,25,2937.46,3,0,0.022,0
2024-01-31,CUST_1321,Delhi,6.9,0,3451.55,0,0,0.018,0
2024-01-31,CUST_1208,Delhi,7.8,25,618.1,0,0,0.042,0
2024-01-31,CUST_1176,Bangalore,3.7,10,2523.14,6,0,0.062,0
2024-01-31,CUST_1040,Delhi,5.9,6,1853.15,9,0,0.011,0
2024-01-31,CUST_1038,Bangalore,7.4,13,1220.22,9,0,0.032,0
2024-01-31,CUST_1361,Mumbai,8.4,10,4401.27,6,0,0.028,0
2024-01-31,CUST_1314,Delhi,6.4,16,3016.97,8,0,0.072,0
2024-01-31,CUST_1070,Hyderabad,10.4,0,1151.17,1,0,0.031,1
2024-01-31,CUST_1012,Delhi,5.7,34,3375.7,18,1,0.229,0
2024-01-31,CUST_1434,Pune,5.0,12,3627.8,0,1,0.038,0
2024-01-31,CUST_1184,Pune,5.5,5,3674.36,0,0,0.065,0
2024-01-31,CUST_1110,Kolkata,7.2,15,4285.3,2,0,0.042,0
2024-01-31,CUST_1047,Ahmedabad,5.7,0,1035.92,0,0,0.019,0
2024-01-31,CUST_1175,Ahmedabad,6.6,0,4309.03,0,0,0.035,0
2024-01-31,CUST_1366,Ahmedabad,8.3,12,1277.81,4,0,0.059,0
2024-01-31,CUST_1237,Mumbai,7.6,0,3265.82,4,0,0.032,0
2024-01-31,CUST_1328,Hyderabad,5.6,39,1153.27,10,1,0.344,0
2024-01-31,CUST_1015,Chennai,6.5,15,3796.74,0,1,0.055,0
2024-01-31,CUST_1097,Pune,4.5,0,2803.4,8,0,0.044,0
2024-01-31,CUST_1119,Pune,5.7,31,3917.65,3,0,0.188,0
2024-01-31,CUST_1297,Ahmedabad,6.3,11,3333.01,0,0,0.03,0
2024-01-31,CUST_1355,Ahmedabad,7.8,15,2498.4,0,0,0.067,0
2024-01-31,CUST_1008,Kolkata,8.3,4,3830.26,0,0,0.017,0
2024-01-31,CUST_1027,Ahmedabad,3.9,0,1279.44,10,0,0.03,0
2024-01-31,CUST_1137,Hyderabad,8.8,0,2732.17,3,0,0.018,0
2024-01-31,CUST_1205,Kolkata,6.7,17,2241.44,4,0,0.05,0
2024-01-31,CUST_1131,Delhi,7.3,6,1539.05,0,0,0.065,0
2024-01-31,CUST_1172,Bangalore,10.6,0,1143.35,0,0,0.02,0
2024-01-31,CUST_1221,Mumbai,8.4,2,1106.48,3,0,0.016,0
2024-01-31,CUST_1244,Pune,4.4,12,4307.18,12,1,0.049,0
2024-01-31,CUST_1423,Mumbai,6.4,4,745.9,0,0,0.042,0
2024-01-31,CUST_1319,Ahmedabad,9.1,20,2713.96,0,0,0.049,0
2024-01-31,CUST_1253,Hyderabad,5.9,15,645.45,0,0,0.076,0
2024-01-31,CUST_1441,Mumbai,9.3,8,3014.52,6,0,0.037,0
2024-01-31,CUST_1149,Mumbai,4.3,10,2819.32,9,0,0.079,0
2024-01-31,CUST_1202,Kolkata,6.0,4,2647.69,0,0,0.044,0
2024-01-31,CUST_1152,Hyderabad,7.6,0,4059.83,0,0,0.021,0
2024-01-31,CUST_1005,Bangalore,7.7,13,1998.76,1,0,0.078,0
2024-01-31,CUST_1453,Mumbai,10.2,0,3901.35,6,0,0.033,0
2024-01-31,CUST_1336,Kolkata,7.8,38,4431.09,10,0,0.204,0
2024-01-31,CUST_1011,Bangalore,8.4,13,2231.97,0,1,0.054,0
2024-01-31,CUST_1125,Ahmedabad,6.3,13,3846.88,1,0,0.03,0
2024-01-31,CUST_1376,Kolkata,8.6,10,4280.37,3,0,0.026,0
2024-01-31,CUST_1458,Ahmedabad,7.8,5,4417.24,0,0,0.039,0
2024-01-31,CUST_1224,Hyderabad,8.1,0,2070.27,0,0,0.065,0
2024-01-31,CUST_1211,Kolkata,6.0,24,2059.7,0,0,0.08,0
2024-01-31,CUST_1194,Delhi,7.9,20,1713.78,0,0,0.064,0
2024-01-31,CUST_1439,Ahmedabad,5.6,28,1495.62,9,1,0.289,0
2024-01-31,CUST_1296,Hyderabad,6.4,7,3363.0,6,0,0.017,0
2024-01-31,CUST_1230,Delhi,6.3,6,1280.27,0,0,0.015,0
2024-01-31,CUST_1378,Ahmedabad,7.2,42,2597.89,11,1,0.177,0
2024-01-31,CUST_1385,Ahmedabad,8.6,25,2112.53,1,1,0.075,0
2024-01-31,CUST_1298,Kolkata,6.2,0,3925.76,0,0,0.044,0
2024-01-31,CUST_1413,Kolkata,0.0,53,2235.88,12,0,0.345,0
2024-01-31,CUST_1156,Chennai,7.1,12,3603.08,0,0,0.056,0
2024-01-31,CUST_1396,Ahmedabad,9.5,7,4805.54,0,0,0.013,0
2024-01-31,CUST_1092,Delhi,4.9,29,4213.34,3,2,0.238,0
2024-01-31,CUST_1329,Chennai,5.5,16,1721.11,14,0,0.079,0
2024-01-31,CUST_1031,Kolkata,6.3,2,1322.36,0,0,0.011,0
2024-01-31,CUST_1212,Hyderabad,7.5,1,2018.41,11,0,0.036,0
2024-01-31,CUST_1283,Kolkata,9.9,18,2313.89,0,0,0.052,0
2024-01-31,CUST_1295,Chennai,4.4,17,1486.39,8,0,0.022,0
2024-01-31,CUST_1147,Delhi,10.0,9,1350.08,0,1,0.06,0
2024-01-31,CUST_1342,Pune,9.3,17,3157.84,0,0,0.046,0
2024-01-31,CUST_1457,Delhi,5.2,1,4557.14,5,0,0.051,0
2024-01-31,CUST_1020,Delhi,8.4,22,2707.9,0,0,0.044,0
2024-01-31,CUST_1437,Mumbai,9.2,8,2614.94,0,1,0.073,0
2024-01-31,CUST_1357,Mumbai,6.1,11,3916.48,0,0,0.034,0
2024-01-31,CUST_1354,Hyderabad,7.9,22,4137.39,0,0,0.065,0
2024-01-31,CUST_1161,Ahmedabad,8.9,11,1716.34,0,0,0.011,0
2024-01-31,CUST_1448,Kolkata,6.9,48,2465.84,4,2,0.306,0
2024-01-31,CUST_1246,Delhi,8.1,15,2904.01,14,0,0.071,0
2024-01-31,CUST_1442,Pune,8.0,1,1568.9,0,1,0.065,0
2024-01-31,CUST_1106,Kolkata,6.0,46,3676.75,7,1,0.28,0
2024-01-31,CUST_1452,Pune,6.9,0,1149.89,0,1,0.043,0
2024-01-31,CUST_1159,Pune,8.3,33,1316.4,0,0,0.021,0
2024-01-31,CUST_1170,Delhi,6.8,26,4519.26,6,0,0.07,0
2024-01-31,CUST_1059,Pune,5.8,2,4160.56,0,1,0.035,0
2024-01-31,CUST_1348,Chennai,4.8,19,4779.11,0,0,0.025,0
2024-01-31,CUST_1016,Ahmedabad,8.1,0,3320.18,2,0,0.032,0
2024-01-31,CUST_1075,Kolkata,8.0,32,4089.45,4,3,0.16,0
2024-01-31,CUST_1045,Bangalore,7.1,26,2259.51,0,0,0.066,0
2024-01-31,CUST_1001,Bangalore,6.1,12,1160.79,1,0,0.044,0
2024-01-31,CUST_1339,Ahmedabad,4.7,1,524.03,4,0,0.046,0
2024-01-31,CUST_1425,Mumbai,5.6,14,2947.79,0,0,0.025,0
2024-01-31,CUST_1142,Pune,7.0,6,3826.06,6,0,0.079,0
2024-01-31,CUST_1036,Pune,10.0,12,640.77,0,0,0.034,0
2024-01-31,CUST_1459,Hyderabad,4.0,43,1062.6,9,2,0.348,0
2024-01-31,CUST_1276,Chennai,9.9,16,2982.79,0,0,0.013,0
2024-01-31,CUST_1255,Mumbai,9.4,12,3226.24,4,0,0.039,0
2024-01-31,CUST_1164,Bangalore,8.8,0,901.43,0,0,0.019,0
2024-01-31,CUST_1406,Pune,9.1,30,1218.84,0,0,0.072,0
2024-03-01,CUST_1030,Delhi,5.9,18,1222.37,9,0,0.074,0
2024-03-01,CUST_1404,Delhi,6.0,16,4331.08,0,1,0.051,0
2024-03-01,CUST_1060,Hyderabad,8.1,14,618.42,10,0,0.074,0
2024-03-01,CUST_1469,Bangalore,7.4,6,2791.58,6,0,0.061,0
2024-03-01,CUST_1472,Ahmedabad,10.2,1,3488.9,0,0,0.051,0
2024-03-01,CUST_1495,Delhi,5.7,22,1051.38,0,1,0.251,0
2024-03-01,CUST_1117,Bangalore,5.1,2,2517.05,1,1,0.072,0
2024-03-01,CUST_1085,Hyderabad,7.9,25,823.56,2,0,0.067,0
2024-03-01,CUST_1048,Pune,5.5,35,2069.35,8,2,0.338,0
2024-03-01,CUST_1454,Mumbai,8.2,11,3515.85,6,0,0.032,0
2024-03-01,CUST_1464,Chennai,5.9,6,4680.16,0,0,0.076,0
2024-03-01,CUST_1347,Bangalore,6.5,2,3586.86,1,0,0.021,0
2024-03-01,CUST_1457,Ahmedabad,9.6,17,1746.74,4,0,0.051,0
2024-03-01,CUST_1369,Pune,7.2,4,2586.44,0,0,0.042,0
2024-03-01,CUST_1496,Pune,8.9,0,562.91,2,1,0.018,0
2024-03-01,CUST_1181,Pune,9.7,14,3025.72,9,0,0.071,0
2024-03-01,CUST_1165,Hyderabad,7.2,3,1750.12,9,0,0.062,0
2024-03-01,CUST_1242,Hyderabad,7.3,0,3580.9,1,0,0.011,0
2024-03-01,CUST_1412,Delhi,4.5,14,4637.75,0,0,0.063,0
2024-03-01,CUST_1321,Bangalore,7.1,4,2551.97,8,0,0.018,0
2024-03-01,CUST_1100,Pune,7.4,0,2125.09,0,0,0.042,0
2024-03-01,CUST_1066,Delhi,5.2,10,3183.23,2,1,0.067,0
2024-03-01,CUST_1403,Hyderabad,4.2,2,2898.3,0,0,0.016,0
2024-03-01,CUST_1482,Mumbai,5.4,27,861.26,3,0,0.016,0
2024-03-01,CUST_1307,Hyderabad,8.2,0,3306.93,0,0,0.039,0
2024-03-01,CUST_1432,Pune,5.7,12,1707.05,11,0,0.038,0
2024-03-01,CUST_1022,Bangalore,4.4,21,1314.42,7,1,0.079,0
2024-03-01,CUST_1355,Hyderabad,11.3,21,3164.27,6,0,0.067,0
2024-03-01,CUST_1323,Hyderabad,5.9,14,2246.93,4,0,0.066,0
2024-03-01,CUST_1241,Ahmedabad,8.3,7,798.1,0,1,0.057,0
2024-03-01,CUST_1027,Bangalore,7.2,6,2554.02,5,0,0.03,0
2024-03-01,CUST_1391,Chennai,8.1,13,694.97,1,0,0.048,0
2024-03-01,CUST_1231,Ahmedabad,5.4,4,1676.75,4,0,0.051,0
2024-03-01,CUST_1491,Pune,7.2,6,3176.64,0,0,0.023,0
2024-03-01,CUST_1143,Hyderabad,6.9,23,4500.5,3,0,0.066,0
2024-03-01,CUST_1498,Delhi,7.3,7,4809.07,2,0,0.045,0
2024-03-01,CUST_1168,Delhi,7.0,25,1362.17,5,0,0.016,0
2024-03-01,CUST_1371,Delhi,8.5,0,4754.17,12,0,0.017,0
2024-03-01,CUST_1324,Delhi,6.4,3,2139.39,7,0,0.077,0
2024-03-01,CUST_1271,Delhi,10.5,0,3277.33,0,1,0.035,0
2024-03-01,CUST_1394,Delhi,7.3,5,1069.64,0,0,0.015,0
2024-03-01,CUST_1069,Bangalore,12.2,4,4055.8,0,0,0.032,0
2024-03-01,CUST_1090,Pune,5.2,22,1665.95,0,0,0.075,0
2024-03-01,CUST_1106,Bangalore,5.9,67,885.62,4,0,0.28,0
2024-03-01,CUST_1109,Pune,6.5,17,574.51,0,1,0.076,0
2024-03-01,CUST_1240,Ahmedabad,4.7,20,4049.1,5,0,0.066,0
2024-03-01,CUST_1021,Hyderabad,10.7,44,504.43,5,0,0.051,0
2024-03-01,CUST_1456,Chennai,11.1,16,2761.87,1,1,0.065,0
2024-03-01,CUST_1303,Hyderabad,5.7,0,4461.2,0,0,0.067,0
2024-03-01,CUST_1013,Ahmedabad,5.1,0,1919.99,6,0,0.053,0
2024-03-01,CUST_1475,Chennai,10.8,14,3784.93,0,0,0.017,0
2024-03-01,CUST_1186,Kolkata,5.6,10,4770.78,1,0,0.021,0
2024-03-01,CUST_1499,Mumbai,8.7,28,2636.66,0,0,0.076,0
2024-03-01,CUST_1361,Delhi,11.7,0,546.5,0,0,0.028,0
2024-03-01,CUST_1439,Kolkata,4.2,83,1018.5,0,1,0.289,0
2024-03-01,CUST_1276,Pune,7.5,0,2046.97,5,0,0.013,0
2024-03-01,CUST_1001,Mumbai,7.9,0,1503.45,0,0,0.044,0
2024-03-01,CUST_1408,Hyderabad,8.8,0,3203.81,10,0,0.049,0
2024-03-01,CUST_1349,Chennai,10.6,4,3830.79,8,0,0.053,0
2024-03-01,CUST_1249,Hyderabad,11.1,0,2689.1,2,0,0.012,0
2024-03-01,CUST_1417,Hyderabad,8.3,12,1891.17,0,0,0.018,0
2024-03-01,CUST_1411,Chennai,9.2,7,3740.36,0,0,0.065,0
2024-03-01,CUST_1053,Ahmedabad,8.1,0,2016.29,12,0,0.029,0
2024-03-01,CUST_1348,Hyderabad,7.6,19,4536.24,0,0,0.025,0
2024-03-01,CUST_1005,Pune,7.2,5,4538.99,0,0,0.078,0
2024-03-01,CUST_1497,Ahmedabad,3.4,5,1412.94,0,0,0.052,0
2024-03-01,CUST_1422,Chennai,8.7,26,1071.21,0,1,0.07,0
2024-03-01,CUST_1484,Bangalore,9.5,12,3685.47,9,0,0.02,0
2024-03-01,CUST_1311,Bangalore,9.0,20,4326.46,0,0,0.043,0
2024-03-01,CUST_1169,Mumbai,4.6,2,3706.07,1,1,0.073,0
2024-03-01,CUST_1164,Mumbai,6.2,0,1841.3,9,0,0.019,0
2024-03-01,CUST_1314,Ahmedabad,6.4,0,825.0,8,0,0.072,0
2024-03-01,CUST_1050,Ahmedabad,5.4,6,2746.52,0,0,0.03,0
2024-03-01,CUST_1297,Chennai,6.2,4,1201.54,0,0,0.03,0
2024-03-01,CUST_1281,Ahmedabad,10.4,0,2638.97,0,0,0.012,0
2024-03-01,CUST_1392,Kolkata,7.7,0,3946.82,4,0,0.027,0
2024-03-01,CUST_1167,Bangalore,6.9,0,2239.44,0,0,0.038,0
2024-03-01,CUST_1289,Bangalore,7.7,3,1216.45,0,1,0.015,0
2024-03-01,CUST_1470,Hyderabad,7.2,21,1332.03,3,0,0.022,0
2024-03-01,CUST_1029,Chennai,5.0,24,4071.49,12,0,0.156,0
2024-03-01,CUST_1365,Hyderabad,4.6,10,528.36,2,0,0.028,0
2024-03-01,CUST_1413,Ahmedabad,5.6,74,3037.3,8,0,0.345,0
2024-03-01,CUST_1455,Pune,4.4,10,1429.19,0,0,0.045,0
2024-03-01,CUST_1239,Kolkata,7.6,9,1298.46,1,0,0.035,0
2024-03-01,CUST_1081,Hyderabad,11.2,0,4797.07,0,0,0.051,0
2024-03-01,CUST_1062,Ahmedabad,8.4,5,1882.51,0,0,0.049,0
2024-03-01,CUST_1332,Kolkata,12.8,0,2328.42,3,0,0.013,0
2024-03-01,CUST_1329,Bangalore,7.9,17,2027.32,3,2,0.079,0
2024-03-01,CUST_1486,Delhi,7.9,9,2792.87,0,0,0.036,0
2024-03-01,CUST_1139,Bangalore,4.8,0,1744.89,4,0,0.078,0
2024-03-01,CUST_1004,Delhi,8.8,16,2355.59,0,0,0.037,0
2024-03-01,CUST_1265,Kolkata,7.5,8,4413.01,0,0,0.021,0
2024-03-01,CUST_1071,Ahmedabad,7.7,4,3881.31,11,0,0.013,0
2024-03-01,CUST_1312,Chennai,10.3,4,1056.13,3,1,0.017,0
2024-03-01,CUST_1183,Mumbai,9.1,13,4483.1,0,1,0.057,0
2024-03-01,CUST_1337,Kolkata,7.9,0,2213.34,1,2,0.043,0
2024-03-01,CUST_1449,Bangalore,6.7,1,3790.26,5,1,0.038,0
2024-03-01,CUST_1145,Ahmedabad,10.4,19,2989.61,0,0,0.079,1
2024-03-01,CUST_1215,Chennai,5.1,19,1031.72,6,0,0.034,0
2024-03-01,CUST_1006,Hyderabad,8.0,11,917.39,7,0,0.035,0
2024-03-01,CUST_1199,Hyderabad,10.9,10,4655.58,0,0,0.06,0
2024-03-01,CUST_1388,Hyderabad,6.5,4,2528.74,1,1,0.077,0
2024-03-01,CUST_1144,Bangalore,7.0,0,1540.9,9,0,0.042,0
2024-03-01,CUST_1059,Chennai,9.4,0,3472.98,6,0,0.035,0
2024-03-01,CUST_1298,Chennai,4.4,13,961.68,0,0,0.044,0
2024-03-01,CUST_1379,Chennai,7.4,0,1993.75,0,0,0.025,0
2024-03-01,CUST_1378,Hyderabad,7.5,18,1013.54,2,0,0.177,0
2024-03-01,CUST_1123,Delhi,6.2,0,794.24,0,0,0.042,0
2024-03-01,CUST_1112,Ahmedabad,6.5,0,4078.45,0,0,0.022,0
2024-03-01,CUST_1229,Hyderabad,10.3,2,2953.0,0,0,0.015,0
2024-03-01,CUST_1381,Hyderabad,6.3,16,3148.56,2,0,0.045,0
2024-03-01,CUST_1171,Chennai,7.2,2,2094.75,3,0,0.053,0
2024-03-01,CUST_1398,Bangalore,7.9,0,3598.31,0,0,0.04,0
2024-03-01,CUST_1082,Delhi,11.6,12,2230.71,1,2,0.184,0
2024-03-01,CUST_1032,Delhi,8.0,22,1480.15,7,0,0.053,0
2024-03-01,CUST_1184,Kolkata,7.0,16,651.8,1,0,0.065,0
2024-03-01,CUST_1190,Hyderabad,5.9,6,4569.34,0,0,0.045,0
2024-03-01,CUST_1028,Bangalore,11.4,14,1920.7,0,0,0.033,0
2024-03-01,CUST_1333,Bangalore,11.6,0,1384.05,0,0,0.022,0
2024-03-01,CUST_1087,Mumbai,5.4,0,2061.08,1,0,0.033,0
2024-03-01,CUST_1225,Mumbai,6.0,15,3350.45,1,0,0.04,0
2024-03-01,CUST_1467,Kolkata,7.3,19,3699.22,0,0,0.063,0
2024-03-01,CUST_1057,Ahmedabad,6.1,10,4757.33,0,0,0.055,0
2024-03-01,CUST_1096,Hyderabad,8.9,0,4630.89,0,0,0.031,0
2024-03-01,CUST_1399,Mumbai,10.5,4,4802.31,6,0,0.021,0
2024-03-01,CUST_1313,Mumbai,5.5,2,4771.2,1,0,0.035,0
2024-03-01,CUST_1328,Hyderabad,5.4,59,973.7,17,0,0.344,0
2024-03-01,CUST_1343,Kolkata,6.9,26,2213.81,5,0,0.016,0
2024-03-01,CUST_1245,Kolkata,6.6,0,515.19,8,1,0.038,0
2024-03-01,CUST_1033,Delhi,9.2,6,3973.55,0,0,0.037,0
2024-03-01,CUST_1292,Delhi,10.8,1,1705.08,0,0,0.041,0
2024-03-01,CUST_1258,Ahmedabad,7.3,6,3958.64,12,0,0.08,0
2024-03-01,CUST_1410,Delhi,6.9,7,4590.75,7,0,0.076,0
2024-03-01,CUST_1310,Hyderabad,5.0,9,1137.79,9,0,0.04,0
2024-03-01,CUST_1163,Pune,5.9,7,1432.32,5,0,0.037,0
2024-03-01,CUST_1037,Pune,10.8,6,997.25,5,0,0.046,0
2024-03-01,CUST_1108,Kolkata,8.1,0,4476.99,5,0,0.059,0
2024-03-01,CUST_1367,Chennai,6.9,47,840.81,15,0,0.226,0
2024-03-01,CUST_1047,Delhi,5.8,12,4170.41,5,0,0.019,0
2024-03-01,CUST_1113,Bangalore,7.0,45,1966.71,6,3,0.344,0
2024-03-01,CUST_1016,Kolkata,7.8,25,1610.74,3,0,0.032,0
2024-03-01,CUST_1223,Chennai,6.4,0,3980.19,6,0,0.038,0
2024-03-01,CUST_1110,Mumbai,5.9,7,2468.95,8,0,0.042,0
2024-03-01,CUST_1357,Kolkata,8.0,0,1640.61,0,0,0.034,0
2024-03-01,CUST_1206,Hyderabad,4.1,18,3568.3,4,0,0.032,0
2024-03-01,CUST_1277,Delhi,6.6,13,1823.45,1,0,0.05,0
2024-03-01,CUST_1257,Ahmedabad,8.2,9,2908.84,9,1,0.016,0
2024-03-01,CUST_1102,Kolkata,5.5,6,4188.78,4,0,0.058,0
2024-03-01,CUST_1326,Mumbai,5.9,10,1165.47,5,0,0.048,0
2024-03-01,CUST_1318,Hyderabad,6.0,2,1225.47,2,0,0.042,0
2024-03-01,CUST_1479,Hyderabad,8.2,9,3220.32,0,0,0.079,0
2024-03-01,CUST_1451,Bangalore,8.8,19,1086.35,7,0,0.073,0
2024-03-01,CUST_1195,Ahmedabad,7.4,28,3950.84,0,0,0.074,0
2024-03-01,CUST_1341,Bangalore,10.0,0,815.37,0,0,0.018,0
2024-03-01,CUST_1119,Ahmedabad,2.0,20,3475.82,4,0,0.188,0
2024-03-01,CUST_1409,Pune,5.3,3,4369.39,5,0,0.018,0
2024-03-01,CUST_1130,Delhi,7.0,5,2525.63,0,0,0.012,0
2024-03-01,CUST_1135,Pune,7.4,0,1423.77,6,0,0.014,0
2024-03-01,CUST_1192,Hyderabad,4.5,7,4263.5,8,0,0.076,0
2024-03-01,CUST_1370,Mumbai,11.1,1,2254.18,0,0,0.022,0
2024-03-01,CUST_1189,Bangalore,7.4,9,3915.8,0,0,0.063,0
2024-03-01,CUST_1383,Delhi,9.1,0,3152.65,8,0,0.051,0
2024-03-01,CUST_1320,Kolkata,6.0,9,3689.64,0,0,0.02,0
2024-03-01,CUST_1193,Bangalore,6.0,21,1540.04,4,0,0.047,0
2024-03-01,CUST_1356,Bangalore,5.9,7,1215.63,0,0,0.079,0
2024-03-01,CUST_1254,Pune,8.9,14,1416.86,0,0,0.063,0
2024-03-01,CUST_1420,Ahmedabad,6.3,0,2072.88,2,0,0.034,0
2024-03-01,CUST_1492,Ahmedabad,5.7,13,3064.34,0,0,0.067,0
2024-03-01,CUST_1235,Chennai,10.2,0,2766.2,2,0,0.016,0
2024-03-01,CUST_1255,Pune,8.6,21,3793.09,0,0,0.039,0
2024-03-01,CUST_1020,Chennai,8.0,2,4236.73,1,0,0.044,0
2024-03-01,CUST_1415,Delhi,5.7,0,4108.41,3,0,0.031,0
2024-03-01,CUST_1166,Chennai,6.7,32,1457.7,0,0,0.072,0
2024-03-01,CUST_1127,Kolkata,3.4,0,3702.36,0,0,0.035,0
2024-03-01,CUST_1256,Bangalore,6.0,12,1464.31,0,0,0.05,0
2024-03-01,CUST_1466,Chennai,7.6,7,799.46,8,0,0.025,0
2024-03-01,CUST_1178,Bangalore,4.4,66,3021.47,12,2,0.275,0
2024-03-01,CUST_1373,Chennai,6.5,9,3458.61,1,0,0.07,1
2024-03-01,CUST_1272,Kolkata,4.2,34,3759.2,11,1,0.306,1
2024-03-01,CUST_1291,Chennai,8.4,16,4176.15,6,0,0.074,0
2024-03-01,CUST_1234,Kolkata,7.3,6,1629.34,7,0,0.029,0
2024-03-01,CUST_1217,Pune,8.2,17,2921.49,1,0,0.046,0
2024-03-01,CUST_1437,Bangalore,4.2,0,2965.94,0,1,0.073,0
2024-03-01,CUST_1264,Ahmedabad,5.4,0,1030.67,9,0,0.022,0
2024-03-01,CUST_1141,Kolkata,11.7,15,4362.59,3,0,0.024,0
2024-03-01,CUST_1243,Kolkata,7.1,8,3978.49,3,0,0.015,0
2024-03-01,CUST_1149,Kolkata,5.5,4,1665.28,0,0,0.079,0
2024-03-01,CUST_1336,Chennai,3.5,30,1515.2,10,0,0.204,0
2024-03-01,CUST_1041,Bangalore,9.1,17,4502.21,0,1,0.074,0
2024-03-01,CUST_1089,Chennai,5.7,0,2297.86,8,0,0.056,0
2024-03-01,CUST_1224,Mumbai,10.0,6,1333.7,7,0,0.065,0
2024-03-01,CUST_1170,Kolkata,4.5,23,4606.39,0,1,0.07,0
2024-03-01,CUST_1003,Mumbai,4.3,6,1963.12,0,0,0.016,0
2024-03-01,CUST_1173,Bangalore,8.1,10,1969.16,0,0,0.014,0
2024-03-01,CUST_1014,Kolkata,6.9,25,1618.98,1,0,0.052,0
2024-03-01,CUST_1103,Chennai,7.8,1,824.14,1,0,0.035,0
2024-03-01,CUST_1401,Pune,9.9,8,4274.54,4,1,0.057,0
2024-03-01,CUST_1389,Bangalore,6.1,23,3626.07,0,0,0.173,0
2024-03-01,CUST_1097,Mumbai,6.0,0,2379.44,11,0,0.044,0
2024-03-01,CUST_1198,Bangalore,7.7,6,633.27,0,0,0.021,0
2024-03-31,CUST_1150,Pune,8.7,9,4181.94,1,0,0.019,0
2024-03-31,CUST_1457,Pune,5.3,0,2014.22,0,0,0.051,0
2024-03-31,CUST_1454,Kolkata,7.6,0,1654.69,0,0,0.032,0
2024-03-31,CUST_1181,Bangalore,10.1,5,3893.48,7,0,0.071,1
2024-03-31,CUST_1073,Delhi,5.2,46,3532.09,1,1,0.229,0
2024-03-31,CUST_1399,Ahmedabad,8.9,0,4698.28,1,0,0.021,0
2024-03-31,CUST_1031,Chennai,11.6,0,659.94,0,0,0.011,0
2024-03-31,CUST_1351,Mumbai,6.6,50,2167.17,6,0,0.273,0
2024-03-31,CUST_1319,Kolkata,5.5,22,1830.55,0,0,0.049,0
2024-03-31,CUST_1324,Ahmedabad,7.7,21,4454.27,3,1,0.077,0
2024-03-31,CUST_1419,Ahmedabad,3.8,38,500.51,12,0,0.325,0
2024-03-31,CUST_1051,Pune,8.4,25,2119.23,0,1,0.043,0
2024-03-31,CUST_1392,Bangalore,3.7,1,1636.16,5,0,0.027,0
2024-03-31,CUST_1142,Pune,3.9,12,713.54,0,2,0.079,0
2024-03-31,CUST_1251,Chennai,7.8,8,521.63,0,0,0.046,0
2024-03-31,CUST_1302,Bangalore,8.4,0,875.48,0,0,0.038,0
2024-03-31,CUST_1397,Chennai,9.6,19,1461.46,0,0,0.204,1
2024-03-31,CUST_1025,Kolkata,10.7,0,4428.03,0,1,0.042,0
2024-03-31,CUST_1284,Chennai,7.9,17,4802.03,3,1,0.064,0
2024-03-31,CUST_1040,Ahmedabad,6.3,0,1641.92,0,0,0.011,0
2024-03-31,CUST_1176,Ahmedabad,9.8,4,1643.95,0,2,0.062,0
2024-03-31,CUST_1260,Pune,6.8,12,3545.55,0,0,0.053,0
2024-03-31,CUST_1389,Chennai,8.7,9,1193.68,14,0,0.173,1
2024-03-31,CUST_1323,Kolkata,3.7,23,1000.91,13,0,0.066,0
2024-03-31,CUST_1308,Hyderabad,4.6,53,2182.83,12,0,0.35,0
2024-03-31,CUST_1395,Chennai,7.3,0,1866.13,0,0,0.016,0
2024-03-31,CUST_1110,Delhi,4.9,9,689.33,6,0,0.042,0
2024-03-31,CUST_1410,Bangalore,11.2,1,4213.51,5,0,0.076,0
2024-03-31,CUST_1288,Ahmedabad,9.3,14,1114.73,5,0,0.037,0
2024-03-31,CUST_1071,Pune,8.7,0,4479.09,6,0,0.013,0
2024-03-31,CUST_1347,Pune,8.3,16,3438.18,0,0,0.021,0
2024-03-31,CUST_1016,Pune,7.9,0,2926.38,5,0,0.032,0
2024-03-31,CUST_1307,Mumbai,5.4,4,3000.81,0,0,0.039,0
2024-03-31,CUST_1086,Delhi,8.1,14,3415.85,2,0,0.076,0
2024-03-31,CUST_1083,Pune,7.2,0,552.28,1,0,0.057,0
2024-03-31,CUST_1381,Chennai,7.4,4,1642.37,1,0,0.045,0
2024-03-31,CUST_1368,Mumbai,5.9,9,3203.81,3,1,0.039,0
2024-03-31,CUST_1235,Bangalore,8.7,0,4787.65,11,0,0.016,0
2024-03-31,CUST_1041,Hyderabad,4.5,6,3303.15,3,0,0.074,0
2024-03-31,CUST_1225,Mumbai,12.9,12,3137.51,1,0,0.04,0
2024-03-31,CUST_1466,Kolkata,6.7,4,1299.85,0,0,0.025,0
2024-03-31,CUST_1155,Mumbai,6.4,15,2513.3,6,0,0.037,0
2024-03-31,CUST_1130,Kolkata,7.8,0,3751.1,2,0,0.012,0
2024-03-31,CUST_1078,Ahmedabad,4.5,29,2668.4,1,0,0.078,0
2024-03-31,CUST_1069,Ahmedabad,9.1,19,1206.35,1,0,0.032,0
2024-03-31,CUST_1121,Mumbai,7.5,18,3842.74,2,0,0.075,0
2024-03-31,CUST_1065,Mumbai,9.9,0,1555.23,8,0,0.072,0
2024-03-31,CUST_1338,Ahmedabad,6.2,14,1396.94,0,0,0.074,0
2024-03-31,CUST_1375,Chennai,7.4,0,1623.64,4,0,0.014,0
2024-03-31,CUST_1124,Pune,7.6,0,3854.57,0,0,0.044,0
2024-03-31,CUST_1188,Mumbai,5.5,61,4111.44,8,0,0.325,0
2024-03-31,CUST_1424,Kolkata,6.7,15,2833.01,0,0,0.07,0
2024-03-31,CUST_1448,Delhi,8.7,59,1025.16,12,1,0.306,0
2024-03-31,CUST_1476,Pune,6.8,21,1582.37,0,0,0.069,0
2024-03-31,CUST_1318,Bangalore,9.8,0,4339.16,7,0,0.042,0
2024-03-31,CUST_1459,Delhi,3.9,62,4057.41,13,2,0.348,0
2024-03-31,CUST_1229,Chennai,4.5,17,1452.14,4,0,0.015,0
2024-03-31,CUST_1293,Hyderabad,5.2,2,1753.9,5,0,0.041,0
2024-03-31,CUST_1033,Kolkata,8.5,0,4602.74,7,0,0.037,0
2024-03-31,CUST_1197,Delhi,8.0,21,1332.3,6,1,0.079,0
2024-03-31,CUST_1018,Mumbai,7.5,1,694.76,4,0,0.022,0
2024-03-31,CUST_1026,Mumbai,6.6,7,4821.21,0,0,0.046,0
2024-03-31,CUST_1479,Mumbai,11.8,0,4307.1,0,0,0.079,0
2024-03-31,CUST_1108,Ahmedabad,9.1,15,606.74,1,1,0.059,0
2024-03-31,CUST_1097,Pune,5.7,6,3929.59,0,1,0.044,0
2024-03-31,CUST_1029,Bangalore,10.2,12,1048.39,3,0,0.156,0
2024-03-31,CUST_1379,Chennai,6.8,0,2419.3,3,0,0.025,0
2024-03-31,CUST_1009,Bangalore,4.6,3,2975.42,10,1,0.067,0
2024-03-31,CUST_1185,Ahmedabad,8.2,12,1647.33,4,0,0.061,1
2024-03-31,CUST_1175,Mumbai,9.3,0,1061.31,0,0,0.035,0
2024-03-31,CUST_1425,Mumbai,8.3,1,2752.54,2,0,0.025,0
2024-03-31,CUST_1336,Bangalore,10.4,24,1951.33,8,0,0.204,0
2024-03-31,CUST_1204,Pune,6.4,0,4134.16,3,0,0.063,0
2024-03-31,CUST_1119,Delhi,6.7,27,3481.75,2,0,0.188,0
2024-03-31,CUST_1344,Mumbai,2.3,9,1251.06,7,0,0.076,0
2024-03-31,CUST_1028,Ahmedabad,7.1,4,4053.31,0,0,0.033,0
2024-03-31,CUST_1092,Ahmedabad,9.0,43,1898.53,3,1,0.238,0
2024-03-31,CUST_1096,Bangalore,8.3,19,4498.34,0,0,0.031,0
2024-03-31,CUST_1270,Ahmedabad,6.8,12,4101.93,4,0,0.062,0
2024-03-31,CUST_1487,Delhi,9.3,0,1674.62,0,0,0.053,0
2024-03-31,CUST_1358,Ahmedabad,6.6,28,2401.65,9,0,0.242,0
2024-03-31,CUST_1388,Ahmedabad,6.4,0,925.19,2,0,0.077,0
2024-03-31,CUST_1163,Delhi,7.3,10,3418.68,5,0,0.037,0
2024-03-31,CUST_1337,Ahmedabad,7.2,9,1544.01,0,0,0.043,0
2024-03-31,CUST_1468,Hyderabad,6.5,16,2851.53,7,0,0.078,0
2024-03-31,CUST_1300,Chennai,7.8,12,695.5,0,0,0.027,0
2024-03-31,CUST_1298,Delhi,5.0,21,2763.51,0,0,0.044,0
2024-03-31,CUST_1068,Bangalore,7.0,0,2157.58,0,0,0.022,0
2024-03-31,CUST_1295,Hyderabad,7.6,0,4655.6,0,0,0.022,0
2024-03-31,CUST_1002,Delhi,4.1,15,507.86,0,1,0.057,0
2024-03-31,CUST_1036,Bangalore,8.3,8,2244.25,0,0,0.034,0
2024-03-31,CUST_1000,Pune,7.9,13,4391.96,1,0,0.071,0
2024-03-31,CUST_1359,Bangalore,9.5,0,606.47,2,0,0.037,0
2024-03-31,CUST_1402,Bangalore,7.1,28,3636.56,7,0,0.232,0
2024-03-31,CUST_1170,Chennai,5.7,10,2341.36,0,0,0.07,0
2024-03-31,CUST_1413,Ahmedabad,6.9,44,2690.47,17,2,0.345,0
2024-03-31,CUST_1222,Mumbai,6.3,10,1068.45,0,0,0.042,0
2024-03-31,CUST_1492,Bangalore,7.0,36,3198.84,11,0,0.067,0
2024-03-31,CUST_1428,Chennai,8.2,0,3889.3,0,0,0.058,0
2024-03-31,CUST_1390,Bangalore,5.9,2,3722.52,0,0,0.05,0
2024-03-31,CUST_1386,Pune,3.5,0,1472.5,1,0,0.027,0
2024-03-31,CUST_1233,Hyderabad,7.8,6,2522.0,0,0,0.02,0
2024-03-31,CUST_1274,Bangalore,5.4,2,2192.86,0,0,0.048,0
2024-03-31,CUST_1286,Pune,8.5,0,2596.75,2,0,0.027,0
2024-03-31,CUST_1482,Bangalore,10.2,10,2688.56,7,0,0.016,0
2024-03-31,CUST_1221,Kolkata,7.6,0,3183.59,0,2,0.016,0
2024-03-31,CUST_1495,Delhi,8.7,29,2404.6,3,0,0.251,0
2024-03-31,CUST_1160,Hyderabad,8.4,17,2409.54,0,0,0.039,0
2024-03-31,CUST_1089,Delhi,6.8,3,3553.52,0,0,0.056,0
2024-03-31,CUST_1291,Pune,5.3,10,2635.33,4,1,0.074,0
2024-03-31,CUST_1045,Delhi,7.2,0,2832.82,5,0,0.066,0
2024-03-31,CUST_1259,Mumbai,9.9,18,1961.98,2,0,0.067,0
2024-03-31,CUST_1227,Delhi,4.4,0,1727.7,0,0,0.017,0
2024-03-31,CUST_1356,Kolkata,6.9,10,4350.91,0,0,0.079,0
2024-03-31,CUST_1460,Hyderabad,7.4,0,2652.86,5,1,0.065,0
2024-03-31,CUST_1107,Delhi,8.1,4,2889.22,8,0,0.058,0
2024-03-31,CUST_1135,Mumbai,6.4,6,2546.84,0,0,0.014,0
2024-03-31,CUST_1081,Chennai,6.5,5,3408.39,0,0,0.051,0
2024-03-31,CUST_1072,Ahmedabad,6.8,17,3669.81,0,2,0.063,0
2024-03-31,CUST_1474,Ahmedabad,6.0,20,919.78,2,0,0.075,0
2024-03-31,CUST_1473,Chennai,5.1,13,2827.1,3,0,0.151,0
2024-03-31,CUST_1245,Ahmedabad,9.6,10,1515.55,4,0,0.038,0
2024-03-31,CUST_1252,Delhi,4.6,21,1469.03,17,0,0.284,0
2024-03-31,CUST_1439,Pune,5.8,67,3862.94,14,0,0.289,0
2024-03-31,CUST_1127,Mumbai,5.5,9,4652.19,1,0,0.035,0
2024-03-31,CUST_1075,Kolkata,9.8,18,4280.94,1,1,0.16,0
2024-03-31,CUST_1442,Mumbai,9.5,4,1448.11,6,1,0.065,0
2024-03-31,CUST_1183,Delhi,5.5,0,2747.8,0,0,0.057,0
2024-03-31,CUST_1477,Ahmedabad,6.9,0,655.36,0,0,0.036,0
2024-03-31,CUST_1243,Hyderabad,8.0,0,4574.59,0,0,0.015,0
2024-03-31,CUST_1005,Bangalore,6.5,2,1010.76,2,0,0.078,0
2024-03-31,CUST_1365,Kolkata,5.3,2,3536.06,0,0,0.028,0
2024-03-31,CUST_1242,Ahmedabad,6.6,26,3988.82,5,0,0.011,0
2024-03-31,CUST_1341,Chennai,10.2,0,2156.87,4,0,0.018,0
2024-03-31,CUST_1210,Pune,3.4,0,3846.56,0,0,0.033,0
2024-03-31,CUST_1226,Hyderabad,7.4,3,1913.72,6,0,0.062,0
2024-03-31,CUST_1363,Bangalore,7.4,4,1304.75,0,1,0.05,0
2024-03-31,CUST_1462,Pune,10.4,24,1376.68,8,0,0.024,0
2024-03-31,CUST_1179,Bangalore,4.2,2,4085.99,0,0,0.039,0
2024-03-31,CUST_1373,Ahmedabad,3.2,19,4013.96,0,0,0.07,0
2024-03-31,CUST_1449,Delhi,4.6,3,4583.78,0,0,0.038,0
2024-03-31,CUST_1255,Hyderabad,10.0,4,3299.38,3,0,0.039,0
2024-03-31,CUST_1237,Chennai,5.3,1,3374.81,0,0,0.032,0
2024-03-31,CUST_1408,Delhi,3.8,11,1446.42,0,0,0.049,0
2024-03-31,CUST_1159,Chennai,7.3,5,1192.4,0,0,0.021,0
2024-03-31,CUST_1269,Bangalore,6.9,0,1485.45,8,0,0.052,0
2024-03-31,CUST_1366,Delhi,4.8,24,3671.38,4,0,0.059,0
2024-03-31,CUST_1123,Delhi,3.8,10,730.54,3,0,0.042,0
2024-03-31,CUST_1444,Kolkata,8.8,23,2145.95,5,0,0.07,0
2024-03-31,CUST_1048,Chennai,3.1,53,2710.2,15,1,0.338,0
2024-03-31,CUST_1186,Bangalore,5.8,7,540.94,0,0,0.021,0
2024-03-31,CUST_1446,Delhi,5.8,2,4035.41,0,1,0.023,0
2024-03-31,CUST_1217,Kolkata,7.2,25,4670.08,5,0,0.046,0
2024-03-31,CUST_1435,Pune,8.8,0,1931.64,11,0,0.019,0
2024-03-31,CUST_1470,Hyderabad,7.6,5,2526.32,0,0,0.022,0
2024-03-31,CUST_1451,Ahmedabad,6.0,3,2560.45,0,0,0.073,0
2024-03-31,CUST_1387,Ahmedabad,5.6,31,809.4,11,1,0.336,1
2024-03-31,CUST_1450,Mumbai,8.5,12,1274.21,5,0,0.04,0
2024-03-31,CUST_1314,Mumbai,7.2,10,2834.39,5,0,0.072,0
2024-03-31,CUST_1441,Chennai,6.2,6,1213.5,2,0,0.037,0
2024-03-31,CUST_1391,Ahmedabad,8.9,12,3926.14,0,0,0.048,0
2024-03-31,CUST_1207,Hyderabad,8.6,4,3342.96,3,0,0.033,0
2024-03-31,CUST_1223,Pune,9.3,9,2490.8,11,0,0.038,0
2024-03-31,CUST_1076,Mumbai,4.6,6,2596.44,10,0,0.059,0
2024-03-31,CUST_1198,Delhi,7.8,29,3665.65,3,0,0.021,0
2024-03-31,CUST_1325,Ahmedabad,6.7,21,669.89,2,0,0.044,0
2024-03-31,CUST_1304,Kolkata,7.0,0,4777.26,0,0,0.016,0
2024-03-31,CUST_1020,Pune,6.9,0,621.6,14,0,0.044,0
2024-03-31,CUST_1247,Hyderabad,5.1,27,2070.27,9,0,0.184,0
2024-03-31,CUST_1406,Mumbai,7.7,5,3959.14,9,1,0.072,0
2024-03-31,CUST_1192,Kolkata,11.0,0,4347.71,0,0,0.076,0
2024-03-31,CUST_1346,Mumbai,10.4,8,4428.3,0,0,0.072,0
2024-03-31,CUST_1059,Hyderabad,6.6,0,4406.04,0,0,0.035,0
2024-03-31,CUST_1030,Hyderabad,6.8,10,1763.49,6,0,0.074,0
2024-03-31,CUST_1216,Delhi,7.4,1,824.9,1,0,0.011,0
2024-03-31,CUST_1256,Chennai,6.3,0,1163.71,2,0,0.05,0
2024-03-31,CUST_1063,Bangalore,10.1,0,3811.38,0,0,0.053,0
2024-03-31,CUST_1165,Mumbai,6.2,0,2133.63,0,0,0.062,0
2024-03-31,CUST_1355,Mumbai,7.9,1,3305.24,0,0,0.067,0
2024-03-31,CUST_1128,Mumbai,3.7,43,3178.38,2,0,0.303,0
2024-03-31,CUST_1146,Delhi,7.6,0,3032.54,0,0,0.014,0
2024-03-31,CUST_1143,Kolkata,6.5,22,4079.3,0,0,0.066,0
2024-03-31,CUST_1136,Delhi,10.8,18,1320.96,0,0,0.043,0
2024-03-31,CUST_1361,Delhi,10.3,12,2362.0,1,0,0.028,0
2024-03-31,CUST_1393,Pune,9.0,37,2579.05,3,1,0.194,0
2024-03-31,CUST_1098,Ahmedabad,9.8,1,4191.39,0,0,0.067,0
2024-03-31,CUST_1385,Mumbai,3.7,0,3741.07,6,2,0.075,0
2024-03-31,CUST_1219,Chennai,11.1,28,3250.16,5,0,0.056,0
2024-03-31,CUST_1156,Chennai,7.5,15,2039.76,0,0,0.056,0
2024-03-31,CUST_1200,Delhi,7.1,3,4564.4,7,0,0.078,0
2024-03-31,CUST_1481,Delhi,8.8,6,2467.96,1,0,0.044,0
2024-03-31,CUST_1116,Ahmedabad,13.0,33,4563.32,0,0,0.071,0
2024-03-31,CUST_1054,Delhi,7.2,0,2769.52,0,0,0.038,0
2024-03-31,CUST_1396,Ahmedabad,5.7,0,2957.7,1,0,0.013,0
2024-03-31,CUST_1484,Pune,8.6,0,2768.89,4,0,0.02,0
2024-03-31,CUST_1253,Pune,5.2,21,3955.41,0,0,0.076,0
2024-03-31,CUST_1060,Chennai,4.5,15,732.1,0,1,0.074,0
2024-03-31,CUST_1464,Chennai,7.3,16,2197.15,0,1,0.076,0
2024-03-31,CUST_1178,Ahmedabad,4.2,43,3929.66,12,0,0.275,0
2024-03-31,CUST_1055,Pune,6.6,31,452.78,2,3,0.319,0
2024-04-30,CUST_1349,Ahmedabad,10.7,19,3389.94,0,0,0.053,0
2024-04-30,CUST_1462,Ahmedabad,4.6,19,3773.01,0,0,0.024,0
2024-04-30,CUST_1157,Pune,5.5,0,4165.12,0,0,0.036,0
2024-04-30,CUST_1228,Delhi,5.1,35,3416.52,2,0,0.056,0
2024-04-30,CUST_1238,Kolkata,9.3,26,3858.74,0,0,0.073,0
2024-04-30,CUST_1456,Delhi,6.6,28,3330.28,0,0,0.065,0
2024-04-30,CUST_1121,Kolkata,5.3,11,2564.0,2,0,0.075,0
2024-04-30,CUST_1466,Pune,7.9,0,4741.76,0,0,0.025,0
2024-04-30,CUST_1066,Mumbai,9.9,0,2923.68,10,0,0.067,0
2024-04-30,CUST_1248,Delhi,6.5,0,2784.02,2,1,0.038,0
2024-04-30,CUST_1362,Ahmedabad,7.6,10,2952.25,0,0,0.059,0
2024-04-30,CUST_1179,Ahmedabad,8.0,21,2443.12,12,0,0.039,0
2024-04-30,CUST_1092,Hyderabad,6.4,34,860.59,17,1,0.238,0
2024-04-30,CUST_1268,Delhi,8.3,1,2517.31,4,0,0.017,0
2024-04-30,CUST_1323,Delhi,7.7,7,4826.84,4,0,0.066,0
2024-04-30,CUST_1372,Pune,8.9,9,3974.32,6,0,0.024,0
2024-04-30,CUST_1264,Kolkata,11.5,7,3918.33,0,0,0.022,0
2024-04-30,CUST_1079,Pune,7.1,0,4552.84,4,1,0.069,0
2024-04-30,CUST_1395,Mumbai,9.4,0,1585.97,0,0,0.016,0
2024-04-30,CUST_1005,Delhi,5.6,3,709.95,0,0,0.078,0
2024-04-30,CUST_1303,Delhi,7.0,11,1883.01,3,1,0.067,1
2024-04-30,CUST_1176,Chennai,10.6,1,2713.63,0,1,0.062,0
2024-04-30,CUST_1027,Bangalore,9.1,10,2310.31,10,0,0.03,0
2024-04-30,CUST_1317,Delhi,0.5,42,3920.81,6,0,0.314,0
2024-04-30,CUST_1467,Delhi,8.6,8,1415.97,0,0,0.063,0
2024-04-30,CUST_1495,Kolkata,2.5,48,3969.92,6,0,0.251,0
2024-04-30,CUST_1156,Ahmedabad,7.6,8,4566.02,9,0,0.056,0
2024-04-30,CUST_1429,Pune,9.2,11,916.79,4,0,0.048,1
2024-04-30,CUST_1479,Hyderabad,7.5,1,3029.49,1,0,0.079,0
2024-04-30,CUST_1470,Chennai,10.8,0,4491.84,0,0,0.022,0
2024-04-30,CUST_1312,Ahmedabad,6.2,1,1100.85,0,0,0.017,0
2024-04-30,CUST_1356,Hyderabad,10.9,16,2441.93,2,1,0.079,0
2024-04-30,CUST_1435,Pune,6.7,0,2037.0,15,0,0.019,0
2024-04-30,CUST_1002,Bangalore,8.6,2,504.87,4,0,0.057,0
2024-04-30,CUST_1169,Chennai,9.4,11,2473.32,0,1,0.073,0
2024-04-30,CUST_1259,Kolkata,7.1,9,2223.94,0,0,0.067,0
2024-04-30,CUST_1021,Mumbai,7.9,0,2350.5,4,0,0.051,0
2024-04-30,CUST_1290,Pune,9.3,1,1590.08,0,0,0.053,0
2024-04-30,CUST_1285,Mumbai,8.8,8,3933.66,5,0,0.031,0
2024-04-30,CUST_1321,Kolkata,10.0,4,553.66,4,0,0.018,0
2024-04-30,CUST_1240,Chennai,4.9,15,1303.9,5,0,0.066,0
2024-04-30,CUST_1030,Bangalore,1.4,4,804.77,0,0,0.074,0
2024-04-30,CUST_1325,Bangalore,5.2,17,2288.91,0,0,0.044,0
2024-04-30,CUST_1236,Pune,8.7,0,3986.71,5,0,0.05,0
2024-04-30,CUST_1396,Delhi,6.5,0,2389.75,6,0,0.013,0
2024-04-30,CUST_1392,Chennai,8.5,0,1653.37,4,0,0.027,0
2024-04-30,CUST_1304,Kolkata,5.2,1,1521.3,10,0,0.016,0
2024-04-30,CUST_1035,Hyderabad,6.8,0,1595.24,8,0,0.046,0
2024-04-30,CUST_1451,Delhi,8.9,0,3276.85,4,0,0.073,0
2024-04-30,CUST_1307,Mumbai,4.0,8,1648.79,2,0,0.039,0
2024-04-30,CUST_1391,Ahmedabad,7.9,14,4202.5,2,0,0.048,0
2024-04-30,CUST_1046,Chennai,5.7,6,1908.73,8,0,0.065,0
2024-04-30,CUST_1390,Kolkata,9.9,23,2000.1,2,0,0.05,0
2024-04-30,CUST_1460,Bangalore,8.5,16,1840.26,9,1,0.065,0
2024-04-30,CUST_1182,Hyderabad,9.0,23,2505.25,1,0,0.047,0
2024-04-30,CUST_1383,Bangalore,4.5,15,2574.76,0,0,0.051,0
2024-04-30,CUST_1269,Bangalore,5.8,15,3063.71,5,0,0.052,0
2024-04-30,CUST_1283,Delhi,8.3,5,1308.96,0,0,0.052,0
2024-04-30,CUST_1111,Delhi,7.5,1,578.98,0,0,0.039,0
2024-04-30,CUST_1428,Chennai,10.3,0,3840.79,0,0,0.058,0
2024-04-30,CUST_1130,Mumbai,9.0,4,3695.19,8,0,0.012,0
2024-04-30,CUST_1183,Hyderabad,5.0,12,4370.31,3,0,0.057,0
2024-04-30,CUST_1093,Pune,1.1,4,3838.37,0,0,0.045,0
2024-04-30,CUST_1133,Kolkata,8.2,0,1642.14,1,0,0.011,0
2024-04-30,CUST_1440,Kolkata,8.8,16,4433.2,0,0,0.014,0
2024-04-30,CUST_1160,Pune,5.8,8,3386.11,5,0,0.039,0
2024-04-30,CUST_1141,Kolkata,8.3,4,1304.47,0,0,0.024,0
2024-04-30,CUST_1208,Ahmedabad,8.4,9,3190.63,0,0,0.042,0
2024-04-30,CUST_1474,Kolkata,7.5,25,2472.36,9,0,0.075,0
2024-04-30,CUST_1352,Hyderabad,6.8,0,908.6,0,0,0.017,0
2024-04-30,CUST_1249,Delhi,9.8,0,3381.63,5,0,0.012,0
2024-04-30,CUST_1172,Kolkata,8.6,0,1284.52,1,0,0.02,0
2024-04-30,CUST_1076,Mumbai,6.3,12,3055.8,0,0,0.059,0
2024-04-30,CUST_1047,Mumbai,9.1,2,4727.81,0,0,0.019,0
2024-04-30,CUST_1007,Hyderabad,5.9,0,1236.24,0,0,0.042,0
2024-04-30,CUST_1271,Hyderabad,3.7,0,4912.43,5,0,0.035,0
2024-04-30,CUST_1487,Bangalore,11.7,0,3922.87,5,0,0.053,0
2024-04-30,CUST_1406,Hyderabad,4.8,4,1207.54,6,0,0.072,0
2024-04-30,CUST_1052,Pune,10.9,4,1569.15,6,0,0.038,0
2024-04-30,CUST_1301,Ahmedabad,7.9,0,592.54,6,0,0.059,0
2024-04-30,CUST_1421,Mumbai,6.7,15,1735.8,3,0,0.054,0
2024-04-30,CUST_1144,Chennai,7.4,0,4064.61,1,0,0.042,0
2024-04-30,CUST_1109,Kolkata,8.2,8,4060.98,2,0,0.076,0
2024-04-30,CUST_1403,Mumbai,7.4,0,2562.99,3,1,0.016,0
2024-04-30,CUST_1347,Chennai,9.9,15,4083.91,0,0,0.021,0
2024-04-30,CUST_1279,Bangalore,7.0,0,1294.78,3,0,0.066,0
2024-04-30,CUST_1328,Ahmedabad,5.1,56,2362.11,6,0,0.344,0
2024-04-30,CUST_1009,Pune,5.5,0,4764.03,0,0,0.067,0
2024-04-30,CUST_1089,Chennai,6.3,0,3920.51,0,1,0.056,0
2024-04-30,CUST_1012,Delhi,7.5,50,1289.99,7,0,0.229,0
2024-04-30,CUST_1272,Hyderabad,6.0,46,2784.27,3,1,0.306,0
2024-04-30,CUST_1315,Pune,9.7,9,2056.18,5,0,0.043,0
2024-04-30,CUST_1393,Hyderabad,8.9,27,1739.34,4,0,0.194,0
2024-04-30,CUST_1211,Mumbai,8.7,0,3037.01,7,0,0.08,0
2024-04-30,CUST_1246,Kolkata,10.2,0,3270.21,0,1,0.071,0
2024-04-30,CUST_1058,Mumbai,7.5,2,1771.65,0,1,0.065,0
2024-04-30,CUST_1316,Mumbai,3.9,8,3572.48,6,0,0.078,0
2024-04-30,CUST_1049,Mumbai,9.0,11,1963.89,5,1,0.04,0
2024-04-30,CUST_1481,Kolkata,7.9,7,793.07,0,1,0.044,0
2024-04-30,CUST_1374,Kolkata,10.7,14,4600.61,3,0,0.038,0
2024-04-30,CUST_1302,Bangalore,5.0,10,3249.43,4,0,0.038,0
2024-04-30,CUST_1447,Bangalore,6.8,19,3292.5,0,0,0.06,0
2024-04-30,CUST_1054,Pune,7.8,8,3941.55,9,1,0.038,0
2024-04-30,CUST_1432,Pune,5.2,5,3897.55,0,0,0.038,0
2024-04-30,CUST_1025,Pune,6.0,10,1184.35,5,0,0.042,0
2024-04-30,CUST_1399,Chennai,7.7,0,3639.08,4,0,0.021,0
2024-04-30,CUST_1059,Mumbai,8.3,10,2509.2,0,0,0.035,0
2024-04-30,CUST_1069,Hyderabad,2.2,0,1210.46,0,0,0.032,0
2024-04-30,CUST_1198,Mumbai,5.7,0,4469.84,0,0,0.021,0
2024-04-30,CUST_1461,Ahmedabad,9.1,21,1488.73,4,0,0.062,0
2024-04-30,CUST_1294,Pune,8.2,0,2964.22,4,1,0.049,0
2024-04-30,CUST_1224,Mumbai,8.3,5,786.19,0,0,0.065,0
2024-04-30,CUST_1173,Ahmedabad,6.9,12,4384.94,1,0,0.014,0
2024-04-30,CUST_1123,Kolkata,10.0,11,856.77,8,0,0.042,0
2024-04-30,CUST_1297,Kolkata,5.2,0,4098.62,3,1,0.03,0
2024-04-30,CUST_1375,Pune,4.2,2,4527.24,0,0,0.014,0
2024-04-30,CUST_1345,Chennai,11.6,0,2781.85,0,0,0.026,0
2024-04-30,CUST_1166,Chennai,8.8,3,4041.26,0,0,0.072,0
2024-04-30,CUST_1441,Hyderabad,7.6,7,2280.23,5,0,0.037,0
2024-04-30,CUST_1067,Delhi,9.5,10,3726.9,4,0,0.036,0
2024-04-30,CUST_1086,Delhi,3.5,9,641.79,0,0,0.076,0
2024-04-30,CUST_1247,Pune,1.9,17,1486.51,2,0,0.184,0
2024-04-30,CUST_1410,Bangalore,3.1,5,3058.68,3,1,0.076,0
2024-04-30,CUST_1484,Delhi,6.3,24,4942.25,3,0,0.02,0
2024-04-30,CUST_1281,Mumbai,8.9,0,2254.25,3,0,0.012,0
2024-04-30,CUST_1221,Chennai,6.9,0,2558.29,4,0,0.016,0
2024-04-30,CUST_1478,Pune,7.3,0,1087.95,7,0,0.072,0
2024-04-30,CUST_1464,Pune,10.7,31,1649.96,7,0,0.076,0
2024-04-30,CUST_1087,Bangalore,6.9,12,2523.04,4,0,0.033,0
2024-04-30,CUST_1239,Ahmedabad,11.4,0,1513.32,2,0,0.035,0
2024-04-30,CUST_1041,Pune,6.8,12,4795.11,4,0,0.074,0
2024-04-30,CUST_1107,Bangalore,6.1,8,1401.68,1,0,0.058,0
2024-04-30,CUST_1365,Chennai,11.2,0,4125.27,2,0,0.028,0
2024-04-30,CUST_1493,Pune,8.5,11,1070.15,0,0,0.034,0
2024-04-30,CUST_1422,Bangalore,6.2,31,2863.25,1,0,0.07,0
2024-04-30,CUST_1405,Delhi,6.8,0,1155.49,5,0,0.058,0
2024-04-30,CUST_1220,Hyderabad,4.8,17,2194.89,5,0,0.044,0
2024-04-30,CUST_1299,Delhi,9.0,12,2115.16,0,0,0.069,0
2024-04-30,CUST_1186,Hyderabad,4.6,7,741.63,0,0,0.021,0
2024-04-30,CUST_1063,Pune,5.0,4,2618.85,5,0,0.053,0
2024-04-30,CUST_1394,Delhi,10.2,12,2505.72,0,0,0.015,0
2024-04-30,CUST_1154,Pune,8.9,3,3748.22,0,1,0.026,0
2024-04-30,CUST_1416,Pune,8.0,0,3120.02,10,1,0.055,0
2024-04-30,CUST_1062,Delhi,11.1,0,873.22,0,0,0.049,0
2024-04-30,CUST_1293,Ahmedabad,3.1,9,1531.25,10,0,0.041,0
2024-04-30,CUST_1288,Bangalore,10.3,5,2516.22,0,0,0.037,0
2024-04-30,CUST_1319,Hyderabad,7.3,0,4189.91,7,1,0.049,0
2024-04-30,CUST_1215,Chennai,11.4,0,3004.42,5,0,0.034,0
2024-04-30,CUST_1151,Pune,7.7,4,1175.62,0,0,0.014,0
2024-04-30,CUST_1326,Chennai,3.6,0,1985.74,6,2,0.048,0
2024-04-30,CUST_1267,Bangalore,7.3,0,3682.22,2,0,0.077,0
2024-04-30,CUST_1468,Pune,4.1,0,3450.54,0,0,0.078,0
2024-04-30,CUST_1313,Bangalore,6.2,15,4116.86,0,0,0.035,0
2024-04-30,CUST_1060,Delhi,6.4,15,2718.53,4,1,0.074,0
2024-04-30,CUST_1324,Bangalore,5.6,8,4414.0,0,1,0.077,0
2024-04-30,CUST_1162,Pune,8.6,1,1823.82,0,0,0.02,0
2024-04-30,CUST_1308,Bangalore,5.4,76,2665.12,16,1,0.35,1
2024-04-30,CUST_1252,Pune,4.7,63,2141.37,13,3,0.284,0
2024-04-30,CUST_1254,Chennai,5.3,12,4236.6,0,0,0.063,0
2024-04-30,CUST_1263,Chennai,8.2,0,2038.01,7,1,0.078,0
2024-04-30,CUST_1369,Kolkata,11.2,21,642.43,0,0,0.042,0
2024-04-30,CUST_1129,Pune,8.8,4,3850.97,0,0,0.065,0
2024-04-30,CUST_1202,Delhi,9.0,1,4298.66,0,0,0.044,0
2024-04-30,CUST_1190,Delhi,7.4,0,808.64,4,0,0.045,0
2024-04-30,CUST_1398,Kolkata,3.9,0,4121.03,0,0,0.04,0
2024-04-30,CUST_1408,Kolkata,7.0,0,997.74,2,0,0.049,0
2024-04-30,CUST_1234,Bangalore,12.2,0,1770.15,2,0,0.029,0
2024-04-30,CUST_1368,Chennai,5.6,11,2525.86,0,0,0.039,0
2024-04-30,CUST_1233,Pune,8.5,4,930.98,0,1,0.02,0
2024-04-30,CUST_1438,Bangalore,5.6,0,1212.92,4,0,0.03,0
2024-04-30,CUST_1023,Chennai,7.0,0,1234.26,5,0,0.01,0
2024-04-30,CUST_1333,Pune,10.8,5,3637.38,2,0,0.022,0
2024-04-30,CUST_1010,Delhi,5.6,5,4437.25,0,0,0.051,0
2024-04-30,CUST_1492,Hyderabad,5.2,0,2374.6,4,1,0.067,0
2024-04-30,CUST_1364,Ahmedabad,5.4,26,2057.22,3,0,0.203,0
2024-04-30,CUST_1499,Ahmedabad,5.4,15,1056.64,0,0,0.076,0
2024-04-30,CUST_1088,Bangalore,7.7,10,1856.14,0,0,0.02,0
2024-04-30,CUST_1266,Kolkata,10.1,10,2229.25,0,0,0.049,0
2024-04-30,CUST_1404,Kolkata,7.6,8,2684.24,4,0,0.051,0
2024-04-30,CUST_1420,Delhi,7.8,12,1360.01,0,0,0.034,0
2024-04-30,CUST_1341,Bangalore,8.2,0,3477.48,0,0,0.018,0
2024-04-30,CUST_1170,Hyderabad,5.8,6,3392.11,0,0,0.07,0
2024-04-30,CUST_1450,Ahmedabad,9.0,2,3990.17,6,0,0.04,0
2024-04-30,CUST_1298,Bangalore,8.1,0,3650.17,0,0,0.044,0
2024-04-30,CUST_1491,Mumbai,5.5,0,1537.86,5,0,0.023,0
2024-04-30,CUST_1097,Kolkata,7.8,7,913.53,2,0,0.044,0
2024-04-30,CUST_1006,Chennai,10.6,8,1145.11,2,0,0.035,0
2024-04-30,CUST_1128,Kolkata,4.1,40,3301.87,8,3,0.303,0
2024-04-30,CUST_1367,Hyderabad,5.7,31,2323.45,12,0,0.226,0
2024-04-30,CUST_1175,Chennai,5.8,0,1427.34,0,0,0.035,0
2024-04-30,CUST_1409,Chennai,7.7,3,2628.07,1,0,0.018,0
2024-04-30,CUST_1258,Chennai,8.3,21,2693.14,0,0,0.08,0
2024-04-30,CUST_1363,Hyderabad,6.7,12,4612.01,5,0,0.05,0
2024-04-30,CUST_1381,Kolkata,7.8,24,3336.69,0,0,0.045,0
2024-04-30,CUST_1389,Ahmedabad,5.4,25,4251.94,2,0,0.173,0
2024-04-30,CUST_1126,Delhi,12.4,12,892.63,5,0,0.069,0
2024-04-30,CUST_1448,Mumbai,4.3,51,2521.87,4,2,0.306,0
2024-04-30,CUST_1423,Kolkata,4.3,0,1164.31,1,0,0.042,0
2024-04-30,CUST_1473,Hyderabad,8.5,30,543.8,11,0,0.151,0
2024-04-30,CUST_1276,Pune,6.3,0,2793.91,0,0,0.013,0
2024-05-30,CUST_1276,Mumbai,6.9,11,1548.08,4,0,0.013,0
2024-05-30,CUST_1486,Mumbai,8.0,16,1914.84,7,0,0.036,0
2024-05-30,CUST_1244,Kolkata,7.1,8,4451.68,7,1,0.049,0
2024-05-30,CUST_1119,Kolkata,6.9,32,884.47,0,1,0.188,0
2024-05-30,CUST_1226,Kolkata,11.3,24,4697.25,1,0,0.062,0
2024-05-30,CUST_1384,Mumbai,9.9,0,4858.2,1,0,0.01,0
2024-05-30,CUST_1170,Mumbai,7.1,0,3873.27,3,0,0.07,0
2024-05-30,CUST_1219,Pune,7.4,22,3297.3,0,0,0.056,0
2024-05-30,CUST_1422,Chennai,6.2,0,1144.51,4,0,0.07,0
2024-05-30,CUST_1045,Bangalore,8.5,14,1557.89,3,0,0.066,1
2024-05-30,CUST_1214,Bangalore,7.4,17,1824.95,18,0,0.056,0
2024-05-30,CUST_1447,Kolkata,8.6,6,2987.07,6,0,0.06,0
2024-05-30,CUST_1285,Ahmedabad,5.2,0,3070.1,0,1,0.031,0
2024-05-30,CUST_1385,Chennai,10.1,16,3299.66,3,0,0.075,0
2024-05-30,CUST_1062,Bangalore,6.7,1,3648.66,3,0,0.049,0
2024-05-30,CUST_1158,Hyderabad,5.8,19,4613.0,0,0,0.027,0
2024-05-30,CUST_1477,Pune,6.9,4,4668.72,0,0,0.036,0
2024-05-30,CUST_1358,Bangalore,6.9,27,3769.35,0,0,0.242,0
2024-05-30,CUST_1099,Pune,6.8,11,2059.87,0,0,0.059,0
2024-05-30,CUST_1366,Delhi,8.0,12,3718.77,3,0,0.059,0
2024-05-30,CUST_1324,Ahmedabad,6.5,36,2025.07,0,0,0.077,0
2024-05-30,CUST_1237,Delhi,7.8,0,3741.43,1,0,0.032,0
2024-05-30,CUST_1334,Pune,4.8,12,3850.26,4,1,0.075,0
2024-05-30,CUST_1178,Pune,6.7,43,871.9,1,1,0.275,0
2024-05-30,CUST_1129,Delhi,7.8,11,3408.93,9,0,0.065,0
2024-05-30,CUST_1389,Bangalore,8.2,19,3357.85,0,2,0.173,0
2024-05-30,CUST_1478,Delhi,5.3,0,2330.17,0,0,0.072,0
2024-05-30,CUST_1140,Hyderabad,7.3,9,1031.33,9,0,0.015,0
2024-05-30,CUST_1002,Chennai,7.7,0,1130.15,0,0,0.057,0
2024-05-30,CUST_1063,Kolkata,8.0,21,3433.9,0,0,0.053,0
2024-05-30,CUST_1362,Ahmedabad,5.4,10,2264.56,0,1,0.059,0
2024-05-30,CUST_1156,Pune,9.0,17,3874.41,2,0,0.056,0
2024-05-30,CUST_1024,Mumbai,8.6,0,745.18,0,0,0.03,0
2024-05-30,CUST_1190,Pune,7.9,14,3028.21,3,0,0.045,0
2024-05-30,CUST_1331,Pune,5.4,18,1080.41,7,1,0.057,0
2024-05-30,CUST_1348,Chennai,7.1,0,1087.98,0,0,0.025,0
2024-05-30,CUST_1068,Kolkata,12.1,17,4858.21,10,0,0.022,0
2024-05-30,CUST_1459,Hyderabad,2.1,58,1407.46,4,1,0.348,0
2024-05-30,CUST_1173,Kolkata,10.2,6,4142.04,0,0,0.014,0
2024-05-30,CUST_1134,Delhi,6.8,21,2491.26,0,1,0.062,0
2024-05-30,CUST_1113,Mumbai,9.7,60,592.64,16,1,0.344,0
2024-05-30,CUST_1079,Bangalore,5.0,8,786.35,8,0,0.069,0
2024-05-30,CUST_1201,Ahmedabad,8.8,0,945.38,0,0,0.031,0
2024-05-30,CUST_1496,Delhi,4.8,7,3898.34,0,0,0.018,0
2024-05-30,CUST_1187,Bangalore,6.3,46,3255.68,2,1,0.257,0
2024-05-30,CUST_1434,Pune,7.4,5,3394.61,9,1,0.038,0
2024-05-30,CUST_1443,Kolkata,5.2,0,1192.11,5,0,0.011,0
2024-05-30,CUST_1026,Delhi,8.9,1,4519.86,0,0,0.046,0
2024-05-30,CUST_1450,Mumbai,7.3,14,2323.54,0,0,0.04,0
2024-05-30,CUST_1498,Hyderabad,6.6,14,3776.13,3,0,0.045,0
2024-05-30,CUST_1313,Chennai,4.4,0,3128.99,1,1,0.035,0
2024-05-30,CUST_1088,Mumbai,8.9,0,2188.5,0,0,0.02,0
2024-05-30,CUST_1220,Delhi,5.8,0,4199.89,0,0,0.044,0
2024-05-30,CUST_1105,Ahmedabad,6.6,3,1688.87,3,0,0.049,0
2024-05-30,CUST_1206,Ahmedabad,9.5,4,2504.86,1,0,0.032,0
2024-05-30,CUST_1302,Chennai,7.5,8,2930.48,3,0,0.038,0
2024-05-30,CUST_1030,Delhi,5.5,21,1341.42,1,0,0.074,0
2024-05-30,CUST_1429,Mumbai,3.7,10,4255.85,0,0,0.048,0
2024-05-30,CUST_1122,Kolkata,10.0,15,4760.4,0,0,0.032,0
2024-05-30,CUST_1194,Chennai,8.6,6,3683.98,5,1,0.064,0
2024-05-30,CUST_1280,Ahmedabad,8.3,3,2596.46,4,0,0.017,0
2024-05-30,CUST_1438,Ahmedabad,9.1,8,1337.18,0,0,0.03,0
2024-05-30,CUST_1467,Pune,11.3,5,3842.56,3,0,0.063,0
2024-05-30,CUST_1407,Mumbai,2.7,17,4284.88,8,1,0.076,0
2024-05-30,CUST_1233,Ahmedabad,9.0,4,962.64,1,0,0.02,0
2024-05-30,CUST_1497,Ahmedabad,7.7,2,4401.2,8,0,0.052,0
2024-05-30,CUST_1442,Chennai,8.1,2,1536.94,0,0,0.065,0
2024-05-30,CUST_1494,Kolkata,6.2,0,2881.95,7,0,0.039,0
2024-05-30,CUST_1451,Delhi,8.6,8,632.81,3,0,0.073,0
2024-05-30,CUST_1196,Pune,7.8,48,2505.22,7,2,0.292,1
2024-05-30,CUST_1120,Bangalore,7.8,4,2243.29,0,0,0.03,0
2024-05-30,CUST_1013,Hyderabad,7.0,7,2021.47,0,0,0.053,0
2024-05-30,CUST_1391,Delhi,4.9,7,2082.93,0,0,0.048,0
2024-05-30,CUST_1357,Hyderabad,7.2,1,4614.73,0,0,0.034,0
2024-05-30,CUST_1115,Hyderabad,9.9,3,1411.22,1,0,0.033,0
2024-05-30,CUST_1090,Chennai,7.6,4,1794.02,0,0,0.075,0
2024-05-30,CUST_1252,Kolkata,5.2,41,4024.75,6,3,0.284,0
2024-05-30,CUST_1060,Pune,7.0,9,3621.92,4,0,0.074,0
2024-05-30,CUST_1268,Chennai,12.8,2,4229.62,0,0,0.017,0
2024-05-30,CUST_1360,Delhi,6.5,2,2463.13,1,0,0.025,0
2024-05-30,CUST_1475,Delhi,6.9,4,1988.67,0,0,0.017,0
2024-05-30,CUST_1108,Bangalore,9.2,7,4625.66,0,1,0.059,0
2024-05-30,CUST_1278,Mumbai,7.8,10,550.36,5,0,0.044,0
2024-05-30,CUST_1370,Pune,7.1,21,2726.89,0,0,0.022,0
2024-05-30,CUST_1124,Kolkata,5.7,18,1032.62,10,0,0.044,0
2024-05-30,CUST_1076,Delhi,9.0,16,3013.33,0,0,0.059,0
2024-05-30,CUST_1435,Chennai,6.2,0,2440.39,0,0,0.019,0
2024-05-30,CUST_1177,Ahmedabad,7.2,0,3994.82,3,0,0.017,0
2024-05-30,CUST_1354,Bangalore,7.9,18,795.4,5,0,0.065,0
2024-05-30,CUST_1004,Delhi,4.2,12,1808.21,0,0,0.037,0
2024-05-30,CUST_1350,Delhi,6.1,15,4129.25,3,0,0.08,0
2024-05-30,CUST_1495,Bangalore,8.9,27,2242.05,3,0,0.251,0
2024-05-30,CUST_1332,Kolkata,9.5,0,828.07,7,0,0.013,0
2024-05-30,CUST_1021,Delhi,5.6,7,1231.62,6,0,0.051,0
2024-05-30,CUST_1281,Hyderabad,10.2,6,3477.19,0,0,0.012,0
2024-05-30,CUST_1210,Delhi,13.4,9,684.4,0,0,0.033,0
2024-05-30,CUST_1008,Delhi,7.2,13,3533.12,0,0,0.017,0
2024-05-30,CUST_1148,Ahmedabad,9.2,9,4848.37,6,0,0.026,0
2024-05-30,CUST_1146,Pune,9.5,23,4577.04,8,0,0.014,0
2024-05-30,CUST_1084,Pune,6.8,12,2624.54,0,0,0.022,0
2024-05-30,CUST_1318,Delhi,8.1,17,3020.0,11,0,0.042,0
2024-05-30,CUST_1236,Mumbai,6.4,0,3614.42,4,0,0.05,0
2024-05-30,CUST_1445,Pune,7.4,14,2714.2,2,0,0.048,0
2024-05-30,CUST_1471,Ahmedabad,6.5,0,3338.31,7,0,0.024,0
2024-05-30,CUST_1109,Pune,5.7,16,2447.1,3,0,0.076,0
2024-05-30,CUST_1130,Delhi,8.6,0,1981.06,3,0,0.012,0
2024-05-30,CUST_1216,Chennai,3.6,8,3371.02,0,0,0.011,0
2024-05-30,CUST_1051,Bangalore,9.0,2,2390.48,1,0,0.043,0
2024-05-30,CUST_1338,Bangalore,5.1,2,2138.94,13,0,0.074,0
2024-05-30,CUST_1037,Mumbai,8.7,4,631.53,5,1,0.046,0
2024-05-30,CUST_1255,Delhi,5.0,8,2602.9,3,0,0.039,0
2024-05-30,CUST_1415,Pune,2.8,2,3642.8,0,0,0.031,0
2024-05-30,CUST_1417,Mumbai,8.2,0,903.21,1,0,0.018,0
2024-05-30,CUST_1205,Mumbai,12.3,9,3092.78,3,1,0.05,0
2024-05-30,CUST_1104,Hyderabad,5.0,4,4443.19,1,0,0.017,0
2024-05-30,CUST_1367,Pune,10.7,32,1888.67,12,1,0.226,0
2024-05-30,CUST_1416,Pune,5.9,1,2256.76,0,0,0.055,0
2024-05-30,CUST_1179,Pune,10.2,0,1325.88,6,0,0.039,0
2024-05-30,CUST_1172,Kolkata,6.7,2,1970.11,6,0,0.02,0
2024-05-30,CUST_1333,Kolkata,5.6,0,4877.0,1,0,0.022,0
2024-05-30,CUST_1489,Hyderabad,7.0,42,872.92,14,1,0.258,0
2024-05-30,CUST_1103,Mumbai,7.9,3,4373.79,0,0,0.035,0
2024-05-30,CUST_1048,Ahmedabad,7.5,45,2508.73,0,0,0.338,0
2024-05-30,CUST_1181,Hyderabad,7.3,26,1459.1,0,0,0.071,0
2024-05-30,CUST_1162,Pune,7.9,0,1584.93,0,0,0.02,0
2024-05-30,CUST_1323,Mumbai,4.5,7,544.19,0,0,0.066,0
2024-05-30,CUST_1449,Pune,10.0,20,3801.02,8,0,0.038,0
2024-05-30,CUST_1097,Mumbai,8.6,11,898.37,10,0,0.044,0
2024-05-30,CUST_1428,Mumbai,5.3,8,1899.7,0,1,0.058,0
2024-05-30,CUST_1153,Hyderabad,5.8,10,3239.67,0,0,0.041,0
2024-05-30,CUST_1039,Chennai,4.5,27,3774.1,0,3,0.176,0
2024-05-30,CUST_1266,Hyderabad,8.4,0,4005.95,0,0,0.049,0
2024-05-30,CUST_1430,Bangalore,9.2,0,916.89,0,0,0.025,0
2024-05-30,CUST_1046,Mumbai,7.8,13,617.27,8,0,0.065,0
2024-05-30,CUST_1014,Bangalore,7.7,13,2749.55,0,1,0.052,0
2024-05-30,CUST_1246,Chennai,6.2,0,3012.79,3,0,0.071,0
2024-05-30,CUST_1335,Chennai,9.0,0,2313.3,8,0,0.027,0
2024-05-30,CUST_1329,Pune,8.2,16,1576.56,2,0,0.079,0
2024-05-30,CUST_1440,Bangalore,6.2,2,839.06,8,0,0.014,0
2024-05-30,CUST_1398,Ahmedabad,7.2,24,4174.87,3,0,0.04,0
2024-05-30,CUST_1091,Ahmedabad,6.9,10,2329.31,0,0,0.063,0
2024-05-30,CUST_1260,Chennai,4.8,5,657.86,1,0,0.053,0
2024-05-30,CUST_1031,Mumbai,5.7,0,751.95,0,0,0.011,0
2024-05-30,CUST_1373,Chennai,5.8,22,1639.71,2,0,0.07,0
2024-05-30,CUST_1330,Kolkata,6.9,0,4957.24,0,0,0.016,0
2024-05-30,CUST_1171,Bangalore,5.8,23,3620.23,0,0,0.053,0
2024-05-30,CUST_1025,Bangalore,6.9,0,644.7,2,0,0.042,0
2024-05-30,CUST_1143,Bangalore,7.3,18,3439.02,7,0,0.066,0
2024-05-30,CUST_1284,Chennai,4.7,30,1439.21,3,1,0.064,0
2024-05-30,CUST_1117,Pune,10.1,4,2086.97,1,0,0.072,0
2024-05-30,CUST_1231,Delhi,9.5,3,660.43,0,0,0.051,0
2024-05-30,CUST_1035,Hyderabad,6.7,19,2860.64,2,0,0.046,0
2024-05-30,CUST_1464,Hyderabad,6.5,7,3321.54,8,0,0.076,0
2024-05-30,CUST_1074,Bangalore,4.4,30,1257.36,8,1,0.193,0
2024-05-30,CUST_1303,Pune,2.6,6,2837.57,10,0,0.067,0
2024-05-30,CUST_1016,Ahmedabad,8.0,3,1697.07,0,0,0.032,0
2024-05-30,CUST_1192,Bangalore,8.9,13,1589.68,0,0,0.076,0
2024-05-30,CUST_1121,Mumbai,6.4,17,1843.94,0,0,0.075,0
2024-05-30,CUST_1470,Kolkata,8.5,5,776.87,0,0,0.022,0
2024-05-30,CUST_1136,Hyderabad,6.9,0,731.52,0,1,0.043,0
2024-05-30,CUST_1328,Delhi,7.2,72,2831.63,14,1,0.344,0
2024-05-30,CUST_1235,Ahmedabad,6.0,0,1658.84,1,0,0.016,0
2024-05-30,CUST_1289,Bangalore,8.6,0,1190.9,3,0,0.015,0
2024-05-30,CUST_1034,Kolkata,10.3,0,4042.86,1,0,0.021,0
2024-05-30,CUST_1484,Mumbai,5.4,6,520.02,0,0,0.02,0
2024-05-30,CUST_1409,Pune,9.6,2,2189.49,1,0,0.018,0
2024-05-30,CUST_1296,Mumbai,10.4,4,1837.51,3,0,0.017,0
2024-05-30,CUST_1460,Ahmedabad,8.0,5,858.15,0,1,0.065,0
2024-05-30,CUST_1073,Pune,5.5,19,2059.3,0,0,0.229,0
2024-05-30,CUST_1493,Bangalore,7.2,0,3283.08,2,0,0.034,0
2024-05-30,CUST_1247,Hyderabad,5.5,20,825.48,13,2,0.184,0
2024-05-30,CUST_1254,Hyderabad,8.9,0,1066.27,2,0,0.063,0
2024-05-30,CUST_1382,Chennai,6.2,6,2210.01,0,0,0.022,0
2024-05-30,CUST_1044,Delhi,6.3,0,3436.37,2,0,0.068,0
2024-05-30,CUST_1111,Pune,4.0,0,4478.8,0,1,0.039,0
2024-05-30,CUST_1368,Bangalore,5.0,17,4004.77,0,0,0.039,0
2024-05-30,CUST_1359,Mumbai,6.5,10,3312.7,9,0,0.037,0
2024-05-30,CUST_1147,Ahmedabad,10.8,24,4534.48,5,0,0.06,0
2024-05-30,CUST_1401,Delhi,5.3,0,1241.19,1,0,0.057,0
2024-05-30,CUST_1154,Pune,6.5,5,1644.26,0,0,0.026,0
2024-05-30,CUST_1082,Bangalore,5.6,13,1406.89,0,1,0.184,0
2024-05-30,CUST_1456,Chennai,7.4,9,3738.53,4,0,0.065,0
2024-05-30,CUST_1128,Bangalore,7.5,31,2424.81,0,0,0.303,0
2024-05-30,CUST_1166,Kolkata,7.8,20,2955.92,0,1,0.072,0
2024-05-30,CUST_1436,Ahmedabad,4.9,5,2260.28,0,0,0.05,0
2024-05-30,CUST_1208,Chennai,7.6,8,1106.79,0,0,0.042,0
2024-05-30,CUST_1083,Delhi,6.2,0,4309.18,4,0,0.057,0
2024-05-30,CUST_1212,Mumbai,7.2,0,1141.65,6,0,0.036,0
2024-05-30,CUST_1314,Kolkata,6.5,10,4354.0,7,0,0.072,0
2024-05-30,CUST_1466,Chennai,4.3,7,4802.42,0,0,0.025,0
2024-05-30,CUST_1240,Hyderabad,9.8,5,1287.28,3,0,0.066,0
2024-05-30,CUST_1375,Pune,10.3,0,3059.89,4,0,0.014,0
2024-05-30,CUST_1145,Hyderabad,8.3,30,3657.61,0,1,0.079,0
2024-05-30,CUST_1005,Delhi,7.6,2,1362.57,2,0,0.078,0
2024-05-30,CUST_1480,Chennai,3.7,30,1300.76,2,0,0.296,0
2024-05-30,CUST_1473,Hyderabad,8.0,5,2510.59,0,1,0.151,0
2024-05-30,CUST_1400,Ahmedabad,6.8,5,1403.48,6,0,0.072,0
2024-05-30,CUST_1022,Bangalore,9.7,0,2580.47,4,0,0.079,0
2024-05-30,CUST_1363,Ahmedabad,3.9,2,4614.04,0,0,0.05,0
2024-05-30,CUST_1307,Delhi,8.9,10,3816.83,1,0,0.039,0
2024-06-29,CUST_1402,Hyderabad,7.1,56,4218.91,1,0,0.232,0
2024-06-29,CUST_1092,Delhi,6.5,41,2476.56,11,0,0.238,0
2024-06-29,CUST_1202,Pune,8.8,5,2472.62,4,0,0.044,0
2024-06-29,CUST_1009,Chennai,8.1,16,1577.24,3,0,0.067,0
2024-06-29,CUST_1152,Kolkata,4.3,0,746.97,0,0,0.021,0
2024-06-29,CUST_1332,Delhi,7.9,16,1248.38,0,0,0.013,0
2024-06-29,CUST_1271,Mumbai,5.5,4,2652.75,0,0,0.035,0
2024-06-29,CUST_1175,Pune,4.8,0,3102.95,1,1,0.035,0
2024-06-29,CUST_1387,Pune,7.3,68,504.27,4,0,0.336,0
2024-06-29,CUST_1291,Bangalore,4.1,14,3357.91,0,0,0.074,0
2024-06-29,CUST_1360,Pune,7.0,28,796.78,0,0,0.025,0
2024-06-29,CUST_1053,Mumbai,8.0,18,4897.62,0,0,0.029,0
2024-06-29,CUST_1351,Chennai,7.5,50,3971.89,9,0,0.273,0
2024-06-29,CUST_1410,Mumbai,5.6,8,965.61,0,1,0.076,0
2024-06-29,CUST_1427,Hyderabad,5.0,17,1947.13,0,0,0.041,0
2024-06-29,CUST_1113,Hyderabad,7.8,34,1415.96,19,0,0.344,0
2024-06-29,CUST_1048,Hyderabad,8.1,56,969.35,9,1,0.338,0
2024-06-29,CUST_1127,Pune,5.2,12,1770.95,7,0,0.035,0
2024-06-29,CUST_1023,Bangalore,6.8,5,1743.13,5,0,0.01,0
2024-06-29,CUST_1108,Chennai,7.5,13,3472.75,0,0,0.059,0
2024-06-29,CUST_1264,Bangalore,4.6,1,3903.73,0,0,0.022,0
2024-06-29,CUST_1458,Ahmedabad,11.9,17,1653.03,0,0,0.039,0
2024-06-29,CUST_1278,Pune,13.0,5,1636.07,2,0,0.044,0
2024-06-29,CUST_1440,Ahmedabad,7.1,1,1908.91,0,0,0.014,0
2024-06-29,CUST_1456,Mumbai,8.4,11,1342.77,0,0,0.065,0
2024-06-29,CUST_1306,Kolkata,5.4,0,980.81,12,0,0.051,0
2024-06-29,CUST_1307,Hyderabad,5.8,0,2561.8,3,0,0.039,0
2024-06-29,CUST_1209,Hyderabad,5.6,8,3600.95,0,0,0.05,0
2024-06-29,CUST_1168,Pune,8.9,27,4440.5,0,0,0.016,0
2024-06-29,CUST_1177,Delhi,8.6,0,1263.35,0,0,0.017,0
2024-06-29,CUST_1473,Delhi,3.9,29,4332.3,1,1,0.151,0
2024-06-29,CUST_1301,Delhi,6.8,5,904.21,14,0,0.059,0
2024-06-29,CUST_1231,Hyderabad,3.3,1,3852.91,0,0,0.051,0
2024-06-29,CUST_1211,Chennai,7.8,7,2825.17,5,1,0.08,0
2024-06-29,CUST_1385,Ahmedabad,7.4,15,2075.97,0,1,0.075,0
2024-06-29,CUST_1227,Kolkata,8.5,26,4249.52,3,0,0.017,0
2024-06-29,CUST_1454,Bangalore,8.0,12,1654.05,0,0,0.032,0
2024-06-29,CUST_1474,Kolkata,7.6,39,753.55,6,0,0.075,0
2024-06-29,CUST_1063,Delhi,10.1,1,4474.09,9,2,0.053,0
2024-06-29,CUST_1020,Bangalore,6.6,8,1104.48,1,0,0.044,0
2024-06-29,CUST_1196,Hyderabad,7.6,54,2331.65,8,0,0.292,1
2024-06-29,CUST_1090,Bangalore,9.3,4,4651.82,4,0,0.075,0
2024-06-29,CUST_1411,Delhi,9.7,17,3113.94,6,0,0.065,0
2024-06-29,CUST_1015,Hyderabad,10.8,8,3905.63,0,0,0.055,0
2024-06-29,CUST_1125,Mumbai,5.0,0,3248.65,0,0,0.03,0
2024-06-29,CUST_1442,Ahmedabad,6.8,0,1561.86,6,0,0.065,0
2024-06-29,CUST_1212,Pune,6.0,12,1842.47,8,0,0.036,0
2024-06-29,CUST_1146,Pune,9.7,2,1272.89,2,0,0.014,0
2024-06-29,CUST_1204,Ahmedabad,2.8,4,3767.07,0,0,0.063,0
2024-06-29,CUST_1429,Kolkata,10.1,12,576.01,1,0,0.048,0
2024-06-29,CUST_1016,Hyderabad,8.9,0,1661.38,4,0,0.032,0
2024-06-29,CUST_1018,Bangalore,8.4,17,3733.25,4,0,0.022,0
2024-06-29,CUST_1406,Ahmedabad,5.1,6,528.5,5,0,0.072,0
2024-06-29,CUST_1450,Pune,10.0,6,1683.7,0,0,0.04,0
2024-06-29,CUST_1396,Chennai,5.2,5,4632.28,0,0,0.013,0
2024-06-29,CUST_1294,Pune,8.0,6,3985.19,7,0,0.049,0
2024-06-29,CUST_1367,Kolkata,8.4,41,1875.01,0,0,0.226,0
2024-06-29,CUST_1279,Ahmedabad,8.2,21,1619.16,3,0,0.066,0
2024-06-29,CUST_1237,Delhi,7.3,0,1908.01,0,1,0.032,0
2024-06-29,CUST_1244,Bangalore,4.0,26,4175.32,0,0,0.049,0
2024-06-29,CUST_1235,Mumbai,6.2,7,1327.66,0,0,0.016,0
2024-06-29,CUST_1121,Bangalore,8.0,0,2471.96,6,0,0.075,0
2024-06-29,CUST_1487,Pune,9.4,16,1641.88,0,0,0.053,0
2024-06-29,CUST_1182,Hyderabad,5.6,16,1580.53,0,0,0.047,0
2024-06-29,CUST_1208,Chennai,10.0,0,1483.52,0,0,0.042,0
2024-06-29,CUST_1445,Mumbai,7.6,3,1181.4,0,0,0.048,0
2024-06-29,CUST_1138,Kolkata,7.0,26,496.22,0,0,0.025,0
2024-06-29,CUST_1132,Hyderabad,8.8,3,783.51,0,1,0.079,0
2024-06-29,CUST_1286,Hyderabad,11.3,7,2557.83,2,0,0.027,0
2024-06-29,CUST_1135,Pune,7.4,1,4511.49,1,0,0.014,0
2024-06-29,CUST_1329,Ahmedabad,6.6,0,938.16,0,0,0.079,0
2024-06-29,CUST_1284,Kolkata,8.8,8,963.56,6,0,0.064,0
2024-06-29,CUST_1229,Delhi,8.6,7,3854.99,0,0,0.015,0
2024-06-29,CUST_1354,Pune,6.5,7,845.02,0,1,0.065,0
2024-06-29,CUST_1323,Delhi,4.8,0,1925.56,3,0,0.066,0
2024-06-29,CUST_1477,Delhi,8.2,0,4430.7,0,0,0.036,0
2024-06-29,CUST_1314,Pune,6.1,6,4478.3,12,1,0.072,0
2024-06-29,CUST_1297,Kolkata,8.1,0,3182.36,8,1,0.03,0
2024-06-29,CUST_1312,Bangalore,7.4,0,1146.57,0,0,0.017,0
2024-06-29,CUST_1189,Ahmedabad,10.2,3,2491.39,2,0,0.063,0
2024-06-29,CUST_1256,Delhi,8.0,0,4073.8,4,0,0.05,0
2024-06-29,CUST_1342,Chennai,5.8,1,4443.0,7,0,0.046,0
2024-06-29,CUST_1266,Hyderabad,11.4,4,1164.46,3,0,0.049,0
2024-06-29,CUST_1213,Delhi,10.2,0,4137.47,0,0,0.069,0
2024-06-29,CUST_1028,Ahmedabad,9.0,19,796.67,0,0,0.033,0
2024-06-29,CUST_1120,Bangalore,6.2,14,849.73,4,0,0.03,0
2024-06-29,CUST_1293,Delhi,10.8,0,3277.11,0,0,0.041,0
2024-06-29,CUST_1489,Hyderabad,6.6,42,2393.63,7,2,0.258,0
2024-06-29,CUST_1322,Pune,3.3,28,4173.22,6,0,0.207,0
2024-06-29,CUST_1464,Mumbai,9.3,9,1444.66,0,0,0.076,0
2024-06-29,CUST_1316,Chennai,10.2,5,1320.19,6,0,0.078,0
2024-06-29,CUST_1481,Ahmedabad,7.4,0,494.94,6,0,0.044,0
2024-06-29,CUST_1223,Delhi,4.7,12,4818.43,5,0,0.038,0
2024-06-29,CUST_1366,Ahmedabad,9.8,16,3175.29,8,0,0.059,0
2024-06-29,CUST_1395,Pune,4.4,0,1671.25,0,0,0.016,0
2024-06-29,CUST_1137,Delhi,11.8,6,3750.74,0,0,0.018,0
2024-06-29,CUST_1347,Delhi,5.5,9,984.12,4,0,0.021,0
2024-06-29,CUST_1420,Hyderabad,8.1,24,2212.74,2,0,0.034,0
2024-06-29,CUST_1334,Ahmedabad,6.2,8,4494.6,0,1,0.075,0
2024-06-29,CUST_1371,Mumbai,10.3,0,4393.6,3,0,0.017,0
2024-06-29,CUST_1133,Kolkata,11.5,9,647.68,1,0,0.011,0
2024-06-29,CUST_1207,Ahmedabad,6.5,0,3179.26,0,0,0.033,0
2024-06-29,CUST_1203,Ahmedabad,7.6,11,2834.68,3,0,0.039,0
2024-06-29,CUST_1005,Pune,7.2,22,3378.95,3,0,0.078,0
2024-06-29,CUST_1295,Chennai,7.8,0,2729.0,5,0,0.022,0
2024-06-29,CUST_1221,Mumbai,8.3,11,1460.66,4,0,0.016,0
2024-06-29,CUST_1130,Ahmedabad,10.2,0,3376.03,0,0,0.012,0
2024-06-29,CUST_1270,Mumbai,6.1,0,4437.62,0,0,0.062,0
2024-06-29,CUST_1129,Hyderabad,6.6,0,4334.49,2,0,0.065,0
2024-06-29,CUST_1476,Mumbai,9.9,0,2266.29,1,1,0.069,1
2024-06-29,CUST_1142,Hyderabad,6.7,14,1715.77,1,0,0.079,0
2024-06-29,CUST_1386,Bangalore,8.8,7,2488.98,0,0,0.027,0
2024-06-29,CUST_1161,Bangalore,9.8,0,539.83,2,0,0.011,0
2024-06-29,CUST_1061,Ahmedabad,6.9,1,3579.72,0,0,0.038,0
2024-06-29,CUST_1191,Ahmedabad,8.2,0,3927.1,5,0,0.058,0
2024-06-29,CUST_1472,Mumbai,9.3,0,3832.44,0,0,0.051,0
2024-06-29,CUST_1453,Pune,5.8,7,4341.39,2,0,0.033,0
2024-06-29,CUST_1372,Hyderabad,7.6,6,1298.13,0,0,0.024,0
2024-06-29,CUST_1029,Hyderabad,8.9,27,1638.78,7,0,0.156,0
2024-06-29,CUST_1447,Delhi,7.1,2,3556.18,0,0,0.06,0
2024-06-29,CUST_1363,Pune,8.1,18,2985.85,4,0,0.05,0
2024-06-29,CUST_1381,Hyderabad,7.7,3,2520.55,0,0,0.045,0
2024-06-29,CUST_1302,Chennai,3.3,0,2873.37,1,0,0.038,0
2024-06-29,CUST_1252,Kolkata,11.2,28,909.54,10,1,0.284,0
2024-06-29,CUST_1358,Chennai,2.6,39,4306.47,7,1,0.242,0
2024-06-29,CUST_1361,Mumbai,9.4,0,2118.29,7,0,0.028,0
2024-06-29,CUST_1255,Hyderabad,10.5,0,2394.77,0,0,0.039,0
2024-06-29,CUST_1491,Hyderabad,9.3,8,3249.33,0,0,0.023,0
2024-06-29,CUST_1457,Delhi,5.3,5,3820.65,0,0,0.051,0
2024-06-29,CUST_1099,Mumbai,2.3,29,4704.48,2,1,0.059,0
2024-06-29,CUST_1439,Bangalore,2.8,53,3786.41,16,2,0.289,0
2024-06-29,CUST_1446,Chennai,6.3,12,2333.51,3,0,0.023,0
2024-06-29,CUST_1126,Hyderabad,12.5,8,2457.61,0,0,0.069,0
2024-06-29,CUST_1273,Ahmedabad,8.4,8,3092.59,4,0,0.044,0
2024-06-29,CUST_1299,Bangalore,8.5,5,4805.48,0,0,0.069,0
2024-06-29,CUST_1370,Delhi,7.7,5,2646.95,4,0,0.022,0
2024-06-29,CUST_1181,Kolkata,8.7,3,1427.92,3,0,0.071,0
2024-06-29,CUST_1349,Bangalore,10.1,2,931.2,7,1,0.053,0
2024-06-29,CUST_1378,Kolkata,9.5,30,3357.15,6,0,0.177,0
2024-06-29,CUST_1357,Bangalore,3.8,12,4150.43,0,0,0.034,0
2024-06-29,CUST_1426,Hyderabad,6.6,5,548.32,4,0,0.025,0
2024-06-29,CUST_1164,Pune,7.3,0,1630.58,3,0,0.019,0
2024-06-29,CUST_1233,Kolkata,5.2,14,1041.37,0,0,0.02,0
2024-06-29,CUST_1282,Mumbai,6.4,0,1253.44,5,0,0.012,0
2024-06-29,CUST_1192,Pune,6.0,17,4008.88,0,0,0.076,0
2024-06-29,CUST_1336,Mumbai,4.9,17,3930.47,6,1,0.204,0
2024-06-29,CUST_1134,Bangalore,8.5,21,1605.31,0,1,0.062,0
2024-06-29,CUST_1275,Ahmedabad,7.7,0,4120.5,6,0,0.056,0
2024-06-29,CUST_1461,Pune,6.1,14,1379.76,8,0,0.062,0
2024-06-29,CUST_1012,Kolkata,4.0,29,2701.87,11,0,0.229,0
2024-06-29,CUST_1246,Hyderabad,5.5,12,2117.15,12,0,0.071,0
2024-06-29,CUST_1106,Hyderabad,9.0,41,1340.25,13,0,0.28,0
2024-06-29,CUST_1254,Chennai,4.8,5,994.42,0,0,0.063,0
2024-06-29,CUST_1341,Mumbai,7.4,18,675.7,1,0,0.018,0
2024-06-29,CUST_1277,Hyderabad,6.2,18,2888.08,0,0,0.05,0
2024-06-29,CUST_1384,Ahmedabad,7.4,7,2177.61,4,0,0.01,0
2024-06-29,CUST_1119,Delhi,6.4,29,3227.86,1,0,0.188,0
2024-06-29,CUST_1356,Bangalore,10.8,12,3084.94,0,0,0.079,0
2024-06-29,CUST_1195,Pune,7.4,10,974.18,1,0,0.074,0
2024-06-29,CUST_1468,Hyderabad,7.6,33,2504.62,0,2,0.078,0
2024-06-29,CUST_1035,Ahmedabad,9.8,14,3987.36,11,0,0.046,0
2024-06-29,CUST_1496,Ahmedabad,8.6,0,3589.83,5,0,0.018,0
2024-06-29,CUST_1448,Delhi,4.6,36,3796.21,13,1,0.306,0
2024-06-29,CUST_1492,Mumbai,4.6,20,4829.93,6,0,0.067,0
2024-06-29,CUST_1232,Delhi,8.8,0,1948.72,0,0,0.031,0
2024-06-29,CUST_1310,Hyderabad,10.8,2,3954.85,8,0,0.04,0
2024-06-29,CUST_1407,Mumbai,7.3,19,4705.68,5,1,0.076,0
2024-06-29,CUST_1150,Bangalore,7.5,0,2451.51,0,0,0.019,0
2024-06-29,CUST_1463,Delhi,7.2,0,2195.57,0,0,0.04,0
2024-06-29,CUST_1117,Ahmedabad,10.9,21,1904.76,3,0,0.072,0
2024-06-29,CUST_1399,Pune,8.3,0,1444.79,0,0,0.021,0
2024-06-29,CUST_1158,Mumbai,9.1,10,4846.28,0,0,0.027,0
2024-06-29,CUST_1036,Kolkata,9.6,1,562.0,0,0,0.034,0
2024-06-29,CUST_1059,Kolkata,4.8,29,1852.3,12,0,0.035,0
2024-06-29,CUST_1141,Kolkata,4.4,11,3331.03,0,0,0.024,0
2024-06-29,CUST_1116,Ahmedabad,11.8,7,2722.54,0,0,0.071,0
2024-06-29,CUST_1414,Hyderabad,7.8,0,1410.07,1,0,0.044,0
2024-06-29,CUST_1241,Pune,7.0,15,3975.63,4,0,0.057,0
2024-06-29,CUST_1333,Ahmedabad,8.9,8,828.63,0,0,0.022,0
2024-06-29,CUST_1383,Ahmedabad,5.9,22,2121.87,4,0,0.051,0
2024-06-29,CUST_1217,Ahmedabad,6.6,0,2215.19,2,0,0.046,0
2024-06-29,CUST_1289,Hyderabad,8.0,0,1437.15,4,0,0.015,0
2024-06-29,CUST_1365,Delhi,9.5,12,960.48,0,0,0.028,0
2024-06-29,CUST_1044,Delhi,7.9,2,1415.7,0,0,0.068,0
2024-06-29,CUST_1219,Ahmedabad,6.8,12,1817.41,7,0,0.056,0
2024-06-29,CUST_1228,Pune,11.3,4,1810.15,0,0,0.056,0
2024-06-29,CUST_1068,Hyderabad,6.8,20,3225.13,0,0,0.022,0
2024-06-29,CUST_1071,Bangalore,7.3,3,2791.2,0,0,0.013,0
2024-06-29,CUST_1389,Kolkata,8.3,30,1412.83,3,0,0.173,0
2024-06-29,CUST_1097,Pune,6.1,10,3701.04,0,0,0.044,0
2024-06-29,CUST_1362,Bangalore,8.0,5,3548.12,0,0,0.059,0
2024-06-29,CUST_1344,Delhi,4.4,23,526.06,10,0,0.076,0
2024-06-29,CUST_1082,Hyderabad,4.1,32,2464.31,8,1,0.184,0
2024-06-29,CUST_1438,Chennai,6.5,13,1939.99,3,0,0.03,0
2024-06-29,CUST_1243,Chennai,6.6,0,3648.72,6,0,0.015,0
2024-06-29,CUST_1285,Hyderabad,5.1,21,1462.44,0,0,0.031,0
2024-06-29,CUST_1455,Hyderabad,11.4,18,4646.08,0,0,0.045,0
2024-06-29,CUST_1041,Kolkata,8.5,17,1537.7,0,0,0.074,0
2024-06-29,CUST_1037,Chennai,9.3,3,3931.88,2,1,0.046,0
2024-06-29,CUST_1058,Kolkata,3.2,14,1872.35,10,0,0.065,0
2024-07-29,CUST_1033,Pune,8.1,1,4855.14,1,0,0.037,0
2024-07-29,CUST_1281,Delhi,5.2,2,2554.45,0,0,0.012,0
2024-07-29,CUST_1419,Bangalore,4.3,57,1945.75,12,1,0.325,0
2024-07-29,CUST_1402,Delhi,9.6,22,2466.27,8,0,0.232,0
2024-07-29,CUST_1055,Bangalore,4.0,48,1324.15,15,1,0.319,0
2024-07-29,CUST_1147,Hyderabad,7.3,24,1018.11,0,0,0.06,0
2024-07-29,CUST_1232,Chennai,6.6,8,3915.42,3,0,0.031,0
2024-07-29,CUST_1467,Delhi,7.5,8,2916.59,8,0,0.063,0
2024-07-29,CUST_1373,Ahmedabad,6.5,16,4717.29,1,0,0.07,0
2024-07-29,CUST_1291,Hyderabad,4.5,4,1744.63,0,2,0.074,0
2024-07-29,CUST_1068,Bangalore,8.3,0,1641.33,7,0,0.022,0
2024-07-29,CUST_1344,Kolkata,9.8,20,1393.52,2,1,0.076,0
2024-07-29,CUST_1481,Mumbai,5.6,12,2674.36,0,0,0.044,0
2024-07-29,CUST_1067,Delhi,6.2,3,3365.13,0,0,0.036,0
2024-07-29,CUST_1061,Kolkata,7.4,22,4625.82,0,0,0.038,0
2024-07-29,CUST_1216,Delhi,8.8,2,4411.84,2,0,0.011,0
2024-07-29,CUST_1404,Bangalore,8.0,14,2757.79,9,1,0.051,0
2024-07-29,CUST_1000,Ahmedabad,5.9,0,3023.18,0,0,0.071,0
2024-07-29,CUST_1476,Kolkata,6.1,9,4175.7,2,0,0.069,0
2024-07-29,CUST_1321,Hyderabad,7.0,11,788.4,0,1,0.018,0
2024-07-29,CUST_1399,Hyderabad,7.6,0,4356.53,2,1,0.021,0
2024-07-29,CUST_1016,Ahmedabad,11.4,0,1557.94,2,0,0.032,0
2024-07-29,CUST_1289,Hyderabad,7.8,2,2022.06,0,0,0.015,0
2024-07-29,CUST_1023,Chennai,7.8,0,2703.64,2,0,0.01,0
2024-07-29,CUST_1365,Hyderabad,5.8,18,2711.57,5,0,0.028,0
2024-07-29,CUST_1361,Bangalore,10.9,26,3139.64,3,0,0.028,0
2024-07-29,CUST_1026,Hyderabad,8.5,7,3884.07,0,1,0.046,0
2024-07-29,CUST_1028,Bangalore,10.6,0,2304.32,0,0,0.033,0
2024-07-29,CUST_1470,Chennai,7.4,3,1403.95,4,0,0.022,0
2024-07-29,CUST_1376,Bangalore,7.6,17,501.26,3,0,0.026,0
2024-07-29,CUST_1108,Delhi,5.8,13,1604.44,0,0,0.059,0
2024-07-29,CUST_1238,Chennai,6.5,1,714.86,4,0,0.073,0
2024-07-29,CUST_1255,Ahmedabad,9.4,27,2153.18,0,0,0.039,0
2024-07-29,CUST_1126,Bangalore,6.5,13,1369.38,0,0,0.069,0
2024-07-29,CUST_1474,Chennai,5.7,6,4114.84,0,0,0.075,0
2024-07-29,CUST_1011,Mumbai,5.1,14,3137.47,0,0,0.054,0
2024-07-29,CUST_1498,Delhi,8.2,10,3955.05,4,0,0.045,0
2024-07-29,CUST_1227,Mumbai,7.2,5,3125.07,2,0,0.017,0
2024-07-29,CUST_1034,Mumbai,10.4,0,1076.62,9,0,0.021,0
2024-07-29,CUST_1040,Bangalore,10.0,7,4040.63,0,0,0.011,0
2024-07-29,CUST_1139,Ahmedabad,6.4,1,3277.5,3,1,0.078,0
2024-07-29,CUST_1461,Delhi,6.9,6,2117.36,2,0,0.062,0
2024-07-29,CUST_1093,Chennai,9.9,6,2436.48,5,0,0.045,0
2024-07-29,CUST_1184,Mumbai,10.1,10,1487.26,0,0,0.065,0
2024-07-29,CUST_1334,Delhi,5.8,15,3347.28,5,0,0.075,0
2024-07-29,CUST_1121,Bangalore,5.3,27,3889.77,3,0,0.075,0
2024-07-29,CUST_1415,Delhi,7.8,7,2139.57,0,0,0.031,0
2024-07-29,CUST_1450,Pune,12.3,12,3170.37,0,0,0.04,0
2024-07-29,CUST_1384,Hyderabad,8.4,0,1768.72,2,0,0.01,0
2024-07-29,CUST_1274,Mumbai,7.4,11,1475.38,5,0,0.048,0
2024-07-29,CUST_1107,Mumbai,11.8,5,2826.21,2,0,0.058,0
2024-07-29,CUST_1297,Bangalore,5.2,3,1509.08,5,0,0.03,0
2024-07-29,CUST_1488,Ahmedabad,7.3,0,4888.26,0,0,0.037,0
2024-07-29,CUST_1252,Kolkata,5.7,52,4214.61,0,1,0.284,0
2024-07-29,CUST_1143,Mumbai,8.4,18,2696.3,0,0,0.066,0
2024-07-29,CUST_1218,Bangalore,5.9,4,1704.78,0,0,0.044,0
2024-07-29,CUST_1491,Hyderabad,8.3,1,4331.95,0,0,0.023,0
2024-07-29,CUST_1295,Delhi,8.4,0,1311.17,0,0,0.022,0
2024-07-29,CUST_1187,Chennai,5.3,35,2517.93,5,0,0.257,0
2024-07-29,CUST_1305,Delhi,8.0,11,1672.59,2,0,0.058,0
2024-07-29,CUST_1221,Chennai,6.7,10,4905.34,11,0,0.016,0
2024-07-29,CUST_1064,Hyderabad,6.7,15,4833.6,1,0,0.042,0
2024-07-29,CUST_1466,Ahmedabad,7.9,5,3877.07,5,0,0.025,0
2024-07-29,CUST_1253,Bangalore,9.3,9,1814.38,1,0,0.076,0
2024-07-29,CUST_1165,Chennai,9.1,13,2922.52,2,0,0.062,0
2024-07-29,CUST_1456,Hyderabad,7.2,13,1711.28,1,0,0.065,0
2024-07-29,CUST_1271,Pune,3.2,9,1307.82,0,1,0.035,0
2024-07-29,CUST_1497,Bangalore,10.8,7,3981.11,3,0,0.052,0
2024-07-29,CUST_1070,Pune,6.0,0,999.16,9,0,0.031,0
2024-07-29,CUST_1084,Hyderabad,6.9,0,601.65,0,1,0.022,0
2024-07-29,CUST_1019,Ahmedabad,9.2,0,758.38,0,2,0.02,0
2024-07-29,CUST_1141,Chennai,9.6,0,730.06,2,0,0.024,0
2024-07-29,CUST_1096,Kolkata,9.3,6,3948.4,0,0,0.031,0
2024-07-29,CUST_1156,Kolkata,8.7,2,554.5,0,0,0.056,0
2024-07-29,CUST_1122,Hyderabad,5.5,9,1037.06,0,0,0.032,0
2024-07-29,CUST_1192,Delhi,6.2,12,3191.69,0,0,0.076,0
2024-07-29,CUST_1135,Kolkata,5.1,6,1154.93,0,0,0.014,0
2024-07-29,CUST_1463,Chennai,6.2,0,1746.0,3,1,0.04,0
2024-07-29,CUST_1114,Kolkata,10.5,15,484.25,7,1,0.078,0
2024-07-29,CUST_1009,Chennai,6.6,12,3790.81,0,0,0.067,0
2024-07-29,CUST_1336,Ahmedabad,8.1,41,2037.35,15,0,0.204,0
2024-07-29,CUST_1077,Kolkata,7.1,2,2042.35,6,0,0.026,0
2024-07-29,CUST_1150,Ahmedabad,8.0,0,2775.8,0,0,0.019,0
2024-07-29,CUST_1124,Delhi,8.5,0,3380.56,0,0,0.044,0
2024-07-29,CUST_1311,Hyderabad,6.9,9,1739.72,4,0,0.043,0
2024-07-29,CUST_1020,Kolkata,4.3,0,2423.16,0,0,0.044,0
2024-07-29,CUST_1294,Chennai,7.2,12,3053.9,0,0,0.049,0
2024-07-29,CUST_1340,Bangalore,7.6,0,2696.17,8,0,0.047,0
2024-07-29,CUST_1111,Chennai,10.5,9,2807.45,4,0,0.039,0
2024-07-29,CUST_1008,Mumbai,9.5,0,1466.61,0,0,0.017,0
2024-07-29,CUST_1188,Ahmedabad,6.3,41,2232.23,4,0,0.325,0
2024-07-29,CUST_1388,Mumbai,5.9,20,4101.79,0,0,0.077,0
2024-07-29,CUST_1331,Delhi,8.4,0,547.28,2,0,0.057,0
2024-07-29,CUST_1073,Ahmedabad,4.5,44,3831.66,9,0,0.229,0
2024-07-29,CUST_1357,Pune,6.7,0,3331.74,1,0,0.034,0
2024-07-29,CUST_1225,Bangalore,7.1,0,3310.56,2,0,0.04,0
2024-07-29,CUST_1112,Mumbai,8.6,4,4236.57,3,0,0.022,0
2024-07-29,CUST_1423,Kolkata,4.7,28,569.26,0,0,0.042,0
2024-07-29,CUST_1228,Pune,9.7,14,3874.16,6,0,0.056,0
2024-07-29,CUST_1314,Delhi,7.5,15,1522.82,1,1,0.072,0
2024-07-29,CUST_1049,Bangalore,7.9,0,2671.42,0,0,0.04,0
2024-07-29,CUST_1256,Bangalore,5.1,18,3249.27,0,1,0.05,0
2024-07-29,CUST_1293,Kolkata,9.3,15,4859.52,3,0,0.041,0
2024-07-29,CUST_1014,Kolkata,4.4,21,3492.57,2,0,0.052,0
2024-07-29,CUST_1089,Kolkata,9.5,8,1723.16,8,0,0.056,0
2024-07-29,CUST_1066,Ahmedabad,7.9,0,4452.04,0,0,0.067,0
2024-07-29,CUST_1149,Kolkata,8.3,25,2843.23,1,0,0.079,0
2024-07-29,CUST_1372,Mumbai,7.9,11,3171.57,0,0,0.024,0
2024-07-29,CUST_1286,Hyderabad,9.8,0,4195.12,0,1,0.027,0
2024-07-29,CUST_1393,Pune,3.1,35,1394.61,10,1,0.194,0
2024-07-29,CUST_1413,Pune,0.0,67,1939.96,5,2,0.345,0
2024-07-29,CUST_1116,Hyderabad,9.6,0,2062.86,3,0,0.071,0
2024-07-29,CUST_1249,Chennai,8.5,1,2371.63,1,0,0.012,0
2024-07-29,CUST_1015,Ahmedabad,7.6,11,968.53,0,1,0.055,0
2024-07-29,CUST_1234,Ahmedabad,5.0,0,529.94,0,0,0.029,0
2024-07-29,CUST_1352,Mumbai,6.1,2,849.22,0,0,0.017,0
2024-07-29,CUST_1254,Bangalore,9.3,2,1467.14,9,0,0.063,0
2024-07-29,CUST_1428,Pune,8.8,14,2155.57,0,0,0.058,0
2024-07-29,CUST_1137,Delhi,8.4,0,1296.07,0,0,0.018,0
2024-07-29,CUST_1431,Ahmedabad,5.5,24,4368.38,0,4,0.222,0
2024-07-29,CUST_1341,Bangalore,6.2,10,2519.24,2,0,0.018,0
2024-07-29,CUST_1386,Ahmedabad,8.8,0,2267.88,2,0,0.027,0
2024-07-29,CUST_1279,Kolkata,7.5,9,4275.11,2,0,0.066,0
2024-07-29,CUST_1140,Chennai,9.9,5,998.06,4,0,0.015,0
2024-07-29,CUST_1138,Pune,10.3,0,963.86,0,0,0.025,0
2024-07-29,CUST_1148,Chennai,7.6,0,1466.38,0,0,0.026,0
2024-07-29,CUST_1381,Kolkata,8.6,0,2244.03,0,0,0.045,0
2024-07-29,CUST_1478,Mumbai,7.1,19,4478.24,6,0,0.072,0
2024-07-29,CUST_1337,Kolkata,8.5,0,3587.07,4,0,0.043,0
2024-07-29,CUST_1101,Delhi,1.8,43,3444.1,13,1,0.333,0
2024-07-29,CUST_1233,Mumbai,9.6,3,2851.1,0,0,0.02,0
2024-07-29,CUST_1043,Hyderabad,8.5,7,4702.09,5,0,0.045,0
2024-07-29,CUST_1472,Kolkata,8.6,22,1524.26,1,0,0.051,0
2024-07-29,CUST_1405,Bangalore,5.1,0,911.79,4,0,0.058,0
2024-07-29,CUST_1113,Delhi,5.6,59,1185.45,8,1,0.344,1
2024-07-29,CUST_1383,Delhi,7.8,5,4591.57,0,0,0.051,0
2024-07-29,CUST_1490,Mumbai,7.3,0,2198.1,0,0,0.037,0
2024-07-29,CUST_1333,Kolkata,5.9,12,2172.28,0,0,0.022,0
2024-07-29,CUST_1173,Mumbai,6.3,2,1403.65,0,0,0.014,0
2024-07-29,CUST_1480,Ahmedabad,4.0,38,2882.19,5,0,0.296,0
2024-07-29,CUST_1493,Delhi,6.3,7,896.35,5,0,0.034,0
2024-07-29,CUST_1042,Mumbai,6.9,1,3395.69,0,0,0.06,0
2024-07-29,CUST_1371,Mumbai,6.1,0,2323.71,0,0,0.017,0
2024-07-29,CUST_1430,Ahmedabad,8.0,0,4559.04,3,0,0.025,0
2024-07-29,CUST_1276,Delhi,5.0,0,2474.11,3,0,0.013,0
2024-07-29,CUST_1078,Hyderabad,4.5,18,1872.13,6,0,0.078,0
2024-07-29,CUST_1458,Delhi,9.8,14,3945.79,8,0,0.039,0
2024-07-29,CUST_1241,Hyderabad,6.4,7,4794.73,0,0,0.057,0
2024-07-29,CUST_1105,Pune,8.9,0,4394.64,0,0,0.049,0
2024-07-29,CUST_1185,Hyderabad,7.2,0,2719.63,0,0,0.061,0
2024-07-29,CUST_1427,Pune,5.5,4,1342.43,0,0,0.041,0
2024-07-29,CUST_1134,Pune,5.8,17,3936.0,0,0,0.062,0
2024-07-29,CUST_1441,Delhi,9.7,19,2838.23,6,0,0.037,0
2024-07-29,CUST_1270,Mumbai,5.6,1,1477.9,0,0,0.062,0
2024-07-29,CUST_1460,Mumbai,7.8,7,4033.52,0,0,0.065,0
2024-07-29,CUST_1353,Mumbai,4.4,0,2177.22,8,0,0.044,0
2024-07-29,CUST_1197,Mumbai,8.7,21,2646.74,0,1,0.079,0
2024-07-29,CUST_1212,Ahmedabad,9.1,8,3024.72,0,0,0.036,0
2024-07-29,CUST_1170,Kolkata,6.6,9,2687.84,0,0,0.07,0
2024-07-29,CUST_1359,Chennai,6.5,0,625.76,0,0,0.037,0
2024-07-29,CUST_1316,Kolkata,7.1,29,4519.08,3,0,0.078,0
2024-07-29,CUST_1088,Ahmedabad,6.9,0,2367.93,4,0,0.02,0
2024-07-29,CUST_1248,Delhi,7.7,2,864.76,3,0,0.038,0
2024-07-29,CUST_1025,Chennai,9.0,4,1387.67,0,0,0.042,0
2024-07-29,CUST_1272,Pune,4.8,54,3788.4,11,0,0.306,0
2024-07-29,CUST_1060,Mumbai,8.1,18,568.4,7,0,0.074,0
2024-07-29,CUST_1378,Delhi,10.2,16,4240.2,4,0,0.177,0
2024-07-29,CUST_1194,Ahmedabad,6.2,14,2414.29,5,0,0.064,0
2024-07-29,CUST_1155,Mumbai,5.7,1,4305.44,0,0,0.037,0
2024-07-29,CUST_1118,Delhi,3.2,3,2839.67,2,0,0.048,0
2024-07-29,CUST_1290,Chennai,8.9,8,1676.87,0,0,0.053,0
2024-07-29,CUST_1161,Mumbai,9.9,8,4200.65,0,0,0.011,0
2024-07-29,CUST_1400,Pune,8.1,0,2998.94,1,0,0.072,0
2024-07-29,CUST_1171,Delhi,6.1,4,1367.74,0,1,0.053,0
2024-07-29,CUST_1053,Delhi,7.3,10,4540.45,1,0,0.029,0
2024-07-29,CUST_1486,Pune,5.7,1,3145.16,0,1,0.036,0
2024-07-29,CUST_1117,Delhi,5.2,30,627.54,5,0,0.072,0
2024-07-29,CUST_1210,Mumbai,8.7,8,575.21,0,0,0.033,0
2024-07-29,CUST_1439,Ahmedabad,3.6,52,2722.77,5,0,0.289,0
2024-07-29,CUST_1356,Ahmedabad,3.2,16,615.7,2,1,0.079,0
2024-07-29,CUST_1323,Ahmedabad,7.1,19,2371.82,0,1,0.066,0
2024-07-29,CUST_1366,Delhi,5.8,0,4510.91,0,0,0.059,0
2024-07-29,CUST_1375,Pune,7.8,0,818.67,0,0,0.014,0
2024-07-29,CUST_1367,Mumbai,7.5,26,4345.97,0,1,0.226,0
2024-07-29,CUST_1128,Mumbai,0.4,43,868.43,6,1,0.303,0
2024-07-29,CUST_1017,Kolkata,6.6,37,1070.52,6,1,0.263,1
2024-07-29,CUST_1205,Pune,4.5,10,1057.29,0,0,0.05,0
2024-07-29,CUST_1292,Kolkata,6.3,12,4679.0,1,0,0.041,0
2024-07-29,CUST_1426,Hyderabad,6.4,4,3094.03,5,0,0.025,0
2024-07-29,CUST_1435,Hyderabad,8.5,0,1682.86,4,0,0.019,0
2024-07-29,CUST_1243,Mumbai,6.9,4,2945.8,5,0,0.015,0
2024-07-29,CUST_1174,Mumbai,7.6,0,797.58,1,0,0.056,0
2024-07-29,CUST_1412,Kolkata,7.0,17,4807.16,6,0,0.063,0
2024-07-29,CUST_1037,Delhi,10.3,5,1600.04,12,0,0.046,0
2024-07-29,CUST_1182,Delhi,6.6,0,1089.39,5,0,0.047,0
2024-07-29,CUST_1335,Mumbai,9.0,0,1495.91,0,0,0.027,0
2024-07-29,CUST_1236,Hyderabad,5.7,13,731.45,6,1,0.05,0
2024-07-29,CUST_1468,Mumbai,5.5,1,942.88,0,0,0.078,0
2024-07-29,CUST_1420,Hyderabad,5.3,0,2008.23,0,0,0.034,0
2024-07-29,CUST_1429,Mumbai,6.6,0,3278.86,5,0,0.048,0
2024-08-28,CUST_1464,Hyderabad,6.5,4,1847.65,0,0,0.076,0
2024-08-28,CUST_1458,Pune,7.2,0,877.82,7,0,0.039,0
2024-08-28,CUST_1289,Kolkata,7.0,17,4254.92,0,0,0.015,0
2024-08-28,CUST_1423,Mumbai,6.9,9,1854.89,8,0,0.042,0
2024-08-28,CUST_1418,Bangalore,10.8,21,4399.01,0,0,0.029,0
2024-08-28,CUST_1148,Hyderabad,8.6,13,2817.18,6,0,0.026,0
2024-08-28,CUST_1243,Delhi,5.8,0,3161.63,0,0,0.015,0
2024-08-28,CUST_1233,Hyderabad,4.5,9,1380.6,4,0,0.02,0
2024-08-28,CUST_1192,Chennai,4.7,7,3089.49,6,0,0.076,0
2024-08-28,CUST_1142,Bangalore,4.9,5,4263.81,0,0,0.079,0
2024-08-28,CUST_1206,Mumbai,7.6,0,4773.14,1,0,0.032,0
2024-08-28,CUST_1113,Hyderabad,6.6,28,4014.16,13,0,0.344,0
2024-08-28,CUST_1253,Chennai,3.8,0,504.07,0,0,0.076,0
2024-08-28,CUST_1245,Delhi,11.0,0,3403.49,0,0,0.038,0
2024-08-28,CUST_1449,Chennai,11.3,10,2480.96,1,0,0.038,0
2024-08-28,CUST_1499,Hyderabad,7.1,9,3178.04,0,1,0.076,0
2024-08-28,CUST_1075,Bangalore,5.2,22,4001.67,4,1,0.16,0
2024-08-28,CUST_1069,Delhi,9.5,12,3711.29,1,0,0.032,0
2024-08-28,CUST_1252,Ahmedabad,2.5,49,3423.91,6,0,0.284,0
2024-08-28,CUST_1455,Chennai,8.1,0,1764.07,0,0,0.045,0
2024-08-28,CUST_1144,Chennai,3.9,27,2217.95,14,0,0.042,0
2024-08-28,CUST_1163,Hyderabad,9.0,13,3628.25,0,0,0.037,0
2024-08-28,CUST_1396,Kolkata,5.7,0,1219.56,0,0,0.013,0
2024-08-28,CUST_1477,Chennai,6.8,0,2185.83,0,0,0.036,0
2024-08-28,CUST_1404,Ahmedabad,10.4,4,4089.57,0,0,0.051,0
2024-08-28,CUST_1042,Pune,7.5,5,4193.77,0,1,0.06,0
2024-08-28,CUST_1333,Kolkata,6.5,0,842.44,3,0,0.022,0
2024-08-28,CUST_1409,Kolkata,8.2,0,2430.98,0,0,0.018,0
2024-08-28,CUST_1239,Kolkata,10.0,1,1849.45,2,0,0.035,0
2024-08-28,CUST_1231,Ahmedabad,5.7,0,598.19,0,1,0.051,0
2024-08-28,CUST_1200,Bangalore,7.2,31,1066.37,0,0,0.078,0
2024-08-28,CUST_1123,Mumbai,8.3,6,3019.41,0,0,0.042,0
2024-08-28,CUST_1020,Mumbai,9.1,11,3973.83,0,0,0.044,0
2024-08-28,CUST_1146,Ahmedabad,6.2,13,617.18,0,0,0.014,0
2024-08-28,CUST_1310,Chennai,9.2,8,4039.74,1,0,0.04,0
2024-08-28,CUST_1121,Pune,5.5,20,4225.2,0,0,0.075,0
2024-08-28,CUST_1032,Delhi,7.7,0,1197.44,5,0,0.053,0
2024-08-28,CUST_1460,Mumbai,5.7,3,4176.45,0,0,0.065,0
2024-08-28,CUST_1172,Chennai,6.8,0,3453.94,0,0,0.02,0
2024-08-28,CUST_1099,Pune,6.6,6,3491.72,2,0,0.059,0
2024-08-28,CUST_1058,Pune,9.2,14,3864.3,4,1,0.065,0
2024-08-28,CUST_1043,Mumbai,8.2,5,4531.01,0,0,0.045,0
2024-08-28,CUST_1129,Delhi,10.3,0,3029.79,8,1,0.065,0
2024-08-28,CUST_1053,Delhi,7.2,9,2219.59,1,0,0.029,0
2024-08-28,CUST_1482,Mumbai,7.7,0,1063.96,4,0,0.016,0
2024-08-28,CUST_1331,Hyderabad,7.3,0,3226.38,0,0,0.057,0
2024-08-28,CUST_1124,Mumbai,6.6,9,2090.61,1,0,0.044,0
2024-08-28,CUST_1120,Kolkata,9.5,0,4243.48,3,0,0.03,0
2024-08-28,CUST_1056,Bangalore,5.9,8,1057.62,3,0,0.048,0
2024-08-28,CUST_1241,Bangalore,9.1,13,827.31,0,0,0.057,0
2024-08-28,CUST_1349,Hyderabad,9.2,0,2709.32,0,0,0.053,0
2024-08-28,CUST_1109,Delhi,5.9,7,3882.79,0,0,0.076,0
2024-08-28,CUST_1273,Ahmedabad,6.3,6,1690.71,3,0,0.044,0
2024-08-28,CUST_1324,Mumbai,6.9,4,3371.43,9,1,0.077,0
2024-08-28,CUST_1111,Mumbai,7.2,0,2756.02,1,0,0.039,0
2024-08-28,CUST_1203,Pune,7.3,12,4614.3,0,0,0.039,0
2024-08-28,CUST_1320,Hyderabad,5.6,0,4620.63,10,0,0.02,0
2024-08-28,CUST_1150,Pune,11.4,11,2129.83,3,0,0.019,0
2024-08-28,CUST_1438,Ahmedabad,5.3,6,1914.7,0,0,0.03,0
2024-08-28,CUST_1429,Bangalore,6.7,11,1062.2,0,0,0.048,0
2024-08-28,CUST_1064,Bangalore,8.6,1,3386.16,0,1,0.042,0
2024-08-28,CUST_1321,Mumbai,11.2,0,4056.95,2,0,0.018,0
2024-08-28,CUST_1260,Pune,5.7,13,927.09,2,0,0.053,0
2024-08-28,CUST_1407,Hyderabad,3.7,0,3513.72,0,1,0.076,0
2024-08-28,CUST_1167,Bangalore,5.1,0,4638.67,1,0,0.038,0
2024-08-28,CUST_1164,Mumbai,8.5,0,4299.81,0,0,0.019,0
2024-08-28,CUST_1401,Mumbai,10.4,1,741.14,4,0,0.057,0
2024-08-28,CUST_1040,Hyderabad,6.3,14,4032.85,0,0,0.011,0
2024-08-28,CUST_1162,Bangalore,6.2,0,4163.52,0,0,0.02,0
2024-08-28,CUST_1114,Hyderabad,7.0,9,4508.92,0,1,0.078,0
2024-08-28,CUST_1335,Mumbai,7.6,14,4409.23,0,0,0.027,0
2024-08-28,CUST_1368,Mumbai,5.6,10,1577.0,5,0,0.039,0
2024-08-28,CUST_1028,Ahmedabad,6.1,2,894.12,10,0,0.033,0
2024-08-28,CUST_1386,Pune,11.0,14,3972.02,4,0,0.027,0
2024-08-28,CUST_1217,Kolkata,7.2,9,4164.83,7,0,0.046,0
2024-08-28,CUST_1098,Chennai,7.5,12,1790.4,0,0,0.067,0
2024-08-28,CUST_1462,Mumbai,8.6,12,3283.85,0,0,0.024,0
2024-08-28,CUST_1408,Delhi,5.7,6,4681.94,8,0,0.049,0
2024-08-28,CUST_1369,Kolkata,5.3,0,2065.18,0,0,0.042,0
2024-08-28,CUST_1493,Mumbai,7.7,13,2883.55,0,0,0.034,0
2024-08-28,CUST_1254,Ahmedabad,8.7,3,1486.47,7,1,0.063,0
2024-08-28,CUST_1122,Bangalore,10.2,0,4679.7,3,0,0.032,0
2024-08-28,CUST_1052,Delhi,12.3,0,1278.03,0,0,0.038,0
2024-08-28,CUST_1281,Chennai,9.5,0,3066.78,0,1,0.012,0
2024-08-28,CUST_1004,Hyderabad,7.7,27,749.47,1,0,0.037,0
2024-08-28,CUST_1292,Chennai,6.4,0,2194.69,0,1,0.041,0
2024-08-28,CUST_1100,Pune,6.7,0,1420.19,5,0,0.042,0
2024-08-28,CUST_1344,Hyderabad,6.8,9,2525.28,9,0,0.076,0
2024-08-28,CUST_1103,Pune,10.7,0,1156.77,0,0,0.035,0
2024-08-28,CUST_1373,Pune,7.3,22,781.89,3,0,0.07,0
2024-08-28,CUST_1078,Bangalore,6.4,27,1438.2,0,1,0.078,0
2024-08-28,CUST_1274,Delhi,7.7,12,874.4,1,0,0.048,0
2024-08-28,CUST_1041,Pune,5.3,27,3569.17,3,0,0.074,0
2024-08-28,CUST_1441,Bangalore,4.2,9,2833.11,0,0,0.037,0
2024-08-28,CUST_1430,Bangalore,6.0,8,1974.5,2,0,0.025,0
2024-08-28,CUST_1258,Ahmedabad,3.1,25,2285.97,11,0,0.08,0
2024-08-28,CUST_1485,Delhi,8.6,26,3006.27,1,0,0.154,0
2024-08-28,CUST_1155,Delhi,5.6,17,635.47,5,0,0.037,0
2024-08-28,CUST_1014,Bangalore,8.5,10,2849.67,6,0,0.052,1
2024-08-28,CUST_1445,Kolkata,7.0,2,4766.18,7,0,0.048,0
2024-08-28,CUST_1287,Delhi,7.8,17,602.31,0,0,0.014,0
2024-08-28,CUST_1108,Kolkata,4.7,12,4233.49,0,0,0.059,0
2024-08-28,CUST_1391,Hyderabad,6.7,8,4272.46,0,0,0.048,0
2024-08-28,CUST_1425,Delhi,8.1,3,2616.67,4,0,0.025,0
2024-08-28,CUST_1156,Chennai,9.1,8,786.84,12,0,0.056,0
2024-08-28,CUST_1082,Kolkata,9.0,2,3137.65,4,0,0.184,0
2024-08-28,CUST_1181,Bangalore,4.5,0,2486.53,0,0,0.071,0
2024-08-28,CUST_1337,Ahmedabad,6.7,0,2524.74,7,1,0.043,0
2024-08-28,CUST_1033,Mumbai,8.0,2,4300.36,0,0,0.037,0
2024-08-28,CUST_1046,Delhi,5.7,11,3554.15,0,0,0.065,0
2024-08-28,CUST_1229,Kolkata,8.1,3,4914.0,4,0,0.015,0
2024-08-28,CUST_1406,Mumbai,9.7,0,2155.59,0,0,0.072,0
2024-08-28,CUST_1308,Hyderabad,3.2,43,1177.96,3,1,0.35,0
2024-08-28,CUST_1005,Chennai,6.6,0,3597.2,11,1,0.078,0
2024-08-28,CUST_1377,Delhi,5.9,0,3035.44,0,0,0.023,0
2024-08-28,CUST_1268,Pune,9.6,0,2104.77,8,0,0.017,0
2024-08-28,CUST_1346,Pune,6.8,0,3719.4,0,0,0.072,0
2024-08-28,CUST_1235,Pune,5.6,0,2860.75,0,0,0.016,0
2024-08-28,CUST_1435,Mumbai,9.1,4,3702.44,0,0,0.019,0
2024-08-28,CUST_1250,Bangalore,5.8,13,3414.42,0,0,0.012,0
2024-08-28,CUST_1236,Kolkata,7.4,19,3972.61,0,0,0.05,0
2024-08-28,CUST_1481,Hyderabad,6.2,0,1083.36,3,0,0.044,0
2024-08-28,CUST_1326,Mumbai,3.8,7,1255.75,0,0,0.048,0
2024-08-28,CUST_1237,Delhi,6.0,5,2636.69,0,0,0.032,0
2024-08-28,CUST_1153,Kolkata,6.8,10,1278.18,8,0,0.041,0
2024-08-28,CUST_1157,Mumbai,4.3,0,1983.65,4,0,0.036,0
2024-08-28,CUST_1197,Kolkata,5.8,23,3878.97,9,0,0.079,0
2024-08-28,CUST_1086,Hyderabad,7.7,8,1902.58,0,0,0.076,0
2024-08-28,CUST_1332,Pune,6.8,0,935.37,0,0,0.013,0
2024-08-28,CUST_1003,Delhi,7.9,0,4860.41,0,0,0.016,0
2024-08-28,CUST_1196,Bangalore,3.1,44,1633.05,7,1,0.292,0
2024-08-28,CUST_1001,Kolkata,4.6,0,4491.52,3,0,0.044,0
2024-08-28,CUST_1454,Ahmedabad,6.5,16,4707.7,0,0,0.032,0
2024-08-28,CUST_1301,Mumbai,8.2,11,3904.82,2,0,0.059,0
2024-08-28,CUST_1023,Pune,6.8,3,639.78,0,0,0.01,0
2024-08-28,CUST_1436,Hyderabad,9.8,12,3040.58,6,0,0.05,0
2024-08-28,CUST_1428,Bangalore,5.2,21,2650.35,0,0,0.058,0
2024-08-28,CUST_1029,Hyderabad,4.6,23,3932.05,0,0,0.156,0
2024-08-28,CUST_1316,Ahmedabad,5.8,14,1615.39,0,0,0.078,0
2024-08-28,CUST_1302,Chennai,10.4,10,2097.73,1,0,0.038,0
2024-08-28,CUST_1393,Hyderabad,9.5,32,2785.91,6,2,0.194,0
2024-08-28,CUST_1278,Kolkata,5.5,0,2625.86,4,0,0.044,0
2024-08-28,CUST_1189,Kolkata,7.1,0,907.68,0,0,0.063,0
2024-08-28,CUST_1002,Bangalore,10.8,8,4180.11,0,0,0.057,0
2024-08-28,CUST_1294,Kolkata,10.0,0,4105.54,5,0,0.049,0
2024-08-28,CUST_1044,Chennai,7.7,24,4302.51,0,0,0.068,0
2024-08-28,CUST_1055,Bangalore,3.9,52,2765.02,10,1,0.319,0
2024-08-28,CUST_1166,Hyderabad,5.3,19,2238.96,0,0,0.072,0
2024-08-28,CUST_1341,Delhi,6.7,5,4507.4,6,0,0.018,0
2024-08-28,CUST_1411,Bangalore,11.1,21,2602.04,5,0,0.065,0
2024-08-28,CUST_1077,Chennai,9.8,2,2792.31,4,0,0.026,0
2024-08-28,CUST_1072,Bangalore,9.3,12,3555.79,1,0,0.063,0
2024-08-28,CUST_1486,Kolkata,8.1,4,608.8,1,0,0.036,0
2024-08-28,CUST_1410,Pune,7.0,0,4169.27,3,0,0.076,0
2024-08-28,CUST_1367,Hyderabad,6.9,29,3927.21,8,0,0.226,0
2024-08-28,CUST_1339,Chennai,8.9,0,3230.97,2,1,0.046,0
2024-08-28,CUST_1334,Hyderabad,9.3,31,3515.08,8,1,0.075,0
2024-08-28,CUST_1021,Ahmedabad,6.5,0,1218.09,4,0,0.051,1
2024-08-28,CUST_1106,Mumbai,5.3,54,489.63,7,1,0.28,0
2024-08-28,CUST_1395,Chennai,6.6,4,3902.19,4,0,0.016,0
2024-08-28,CUST_1280,Delhi,10.7,6,1771.47,0,0,0.017,0
2024-08-28,CUST_1138,Hyderabad,13.3,14,1447.09,0,0,0.025,0
2024-08-28,CUST_1470,Hyderabad,6.2,20,3308.57,0,0,0.022,0
2024-08-28,CUST_1271,Delhi,3.0,0,4444.64,3,0,0.035,0
2024-08-28,CUST_1259,Mumbai,11.0,36,3886.32,0,0,0.067,0
2024-08-28,CUST_1024,Chennai,7.2,16,1499.77,0,0,0.03,0
2024-08-28,CUST_1006,Kolkata,11.1,0,2166.7,0,0,0.035,0
2024-08-28,CUST_1134,Chennai,5.4,3,3658.22,3,0,0.062,0
2024-08-28,CUST_1382,Ahmedabad,6.6,2,1892.82,0,0,0.022,0
2024-08-28,CUST_1089,Kolkata,4.9,0,4767.53,2,0,0.056,0
2024-08-28,CUST_1131,Ahmedabad,7.1,26,4224.66,0,0,0.065,0
2024-08-28,CUST_1357,Kolkata,9.2,0,850.71,10,0,0.034,0
2024-08-28,CUST_1347,Pune,8.4,10,4320.95,3,0,0.021,0
2024-08-28,CUST_1036,Hyderabad,11.6,0,968.52,5,0,0.034,0
2024-08-28,CUST_1330,Ahmedabad,6.1,2,836.16,4,0,0.016,0
2024-08-28,CUST_1323,Delhi,8.5,16,1232.53,3,1,0.066,0
2024-08-28,CUST_1444,Ahmedabad,9.2,4,779.6,3,0,0.07,0
2024-08-28,CUST_1378,Hyderabad,4.4,29,3843.01,0,0,0.177,0
2024-08-28,CUST_1471,Kolkata,7.7,11,2857.9,0,0,0.024,0
2024-08-28,CUST_1372,Bangalore,7.2,13,3589.23,0,0,0.024,0
2024-08-28,CUST_1270,Bangalore,5.1,24,1189.7,1,2,0.062,0
2024-08-28,CUST_1370,Mumbai,7.7,26,3611.87,2,0,0.022,0
2024-08-28,CUST_1227,Ahmedabad,9.0,0,2510.53,9,0,0.017,0
2024-08-28,CUST_1087,Pune,8.3,12,3435.72,5,0,0.033,0
2024-08-28,CUST_1026,Pune,7.0,4,3106.21,11,0,0.046,0
2024-08-28,CUST_1025,Kolkata,6.7,0,2469.38,2,0,0.042,0
2024-08-28,CUST_1306,Hyderabad,4.4,2,3936.75,6,0,0.051,0
2024-08-28,CUST_1027,Bangalore,8.0,10,983.24,4,0,0.03,0
2024-08-28,CUST_1463,Mumbai,6.6,0,3894.22,0,0,0.04,0
2024-08-28,CUST_1177,Chennai,10.2,23,1944.58,0,0,0.017,0
2024-08-28,CUST_1143,Mumbai,6.0,0,2177.66,0,0,0.066,0
2024-08-28,CUST_1221,Chennai,11.2,13,2987.26,1,0,0.016,0
2024-08-28,CUST_1193,Ahmedabad,7.4,2,4252.32,2,0,0.047,0
2024-08-28,CUST_1282,Mumbai,12.6,0,4802.11,0,0,0.012,0
2024-08-28,CUST_1018,Mumbai,5.2,0,867.09,4,0,0.022,0
2024-08-28,CUST_1249,Delhi,7.1,0,3258.11,0,0,0.012,0
2024-08-28,CUST_1232,Mumbai,11.0,9,1734.72,8,0,0.031,0
2024-08-28,CUST_1358,Mumbai,6.3,43,3604.6,12,0,0.242,0
2024-08-28,CUST_1371,Pune,7.8,0,932.97,2,0,0.017,0
2024-08-28,CUST_1090,Kolkata,7.4,25,4523.91,8,0,0.075,0
2024-09-27,CUST_1181,Mumbai,8.8,9,4235.15,6,1,0.071,0
2024-09-27,CUST_1396,Hyderabad,9.3,0,3634.44,0,0,0.013,0
2024-09-27,CUST_1062,Ahmedabad,4.3,6,2366.94,0,0,0.049,0
2024-09-27,CUST_1317,Chennai,5.8,55,3334.58,11,0,0.314,0
2024-09-27,CUST_1365,Kolkata,9.6,0,2220.6,0,0,0.028,0
2024-09-27,CUST_1499,Mumbai,9.5,1,1156.94,3,0,0.076,0
2024-09-27,CUST_1150,Hyderabad,8.5,11,4090.95,1,0,0.019,0
2024-09-27,CUST_1255,Bangalore,11.2,5,1976.84,0,0,0.039,0
2024-09-27,CUST_1157,Kolkata,11.8,19,2572.88,8,0,0.036,0
2024-09-27,CUST_1197,Pune,5.2,0,4034.5,5,0,0.079,0
2024-09-27,CUST_1269,Bangalore,8.9,0,2322.11,0,0,0.052,0
2024-09-27,CUST_1135,Ahmedabad,7.8,0,2659.14,6,1,0.014,0
2024-09-27,CUST_1249,Chennai,5.8,0,3057.25,0,0,0.012,0
2024-09-27,CUST_1127,Mumbai,5.7,18,1436.73,2,0,0.035,0
2024-09-27,CUST_1415,Kolkata,6.7,0,2225.87,0,0,0.031,0
2024-09-27,CUST_1466,Delhi,6.7,0,3293.4,0,0,0.025,0
2024-09-27,CUST_1469,Bangalore,8.9,0,1700.56,5,0,0.061,0
2024-09-27,CUST_1392,Ahmedabad,5.3,8,3276.23,1,0,0.027,0
2024-09-27,CUST_1126,Mumbai,5.1,2,2078.11,1,1,0.069,0
2024-09-27,CUST_1254,Delhi,10.5,22,2766.2,2,0,0.063,0
2024-09-27,CUST_1434,Ahmedabad,7.6,0,536.73,9,0,0.038,0
2024-09-27,CUST_1178,Mumbai,6.8,58,2225.08,11,0,0.275,0
2024-09-27,CUST_1014,Pune,8.0,8,3958.38,0,0,0.052,0
2024-09-27,CUST_1457,Bangalore,3.3,17,1166.56,5,0,0.051,0
2024-09-27,CUST_1319,Pune,7.8,8,3348.97,0,0,0.049,0
2024-09-27,CUST_1429,Kolkata,7.3,22,3296.84,3,0,0.048,0
2024-09-27,CUST_1264,Delhi,8.3,0,549.58,1,0,0.022,0
2024-09-27,CUST_1444,Chennai,6.5,11,2813.92,0,0,0.07,0
2024-09-27,CUST_1245,Mumbai,6.5,5,2183.02,0,0,0.038,0
2024-09-27,CUST_1413,Kolkata,3.9,50,1290.2,17,1,0.345,1
2024-09-27,CUST_1465,Mumbai,10.9,10,1714.62,0,0,0.028,0
2024-09-27,CUST_1343,Chennai,6.6,0,4706.41,1,1,0.016,0
2024-09-27,CUST_1330,Chennai,10.5,0,3947.97,8,0,0.016,0
2024-09-27,CUST_1035,Pune,7.1,5,1758.32,0,1,0.046,0
2024-09-27,CUST_1029,Mumbai,7.5,43,4310.43,6,1,0.156,0
2024-09-27,CUST_1159,Kolkata,8.8,0,2719.67,0,0,0.021,0
2024-09-27,CUST_1070,Delhi,8.5,0,930.71,0,0,0.031,0
2024-09-27,CUST_1262,Pune,5.2,5,2241.87,0,0,0.062,0
2024-09-27,CUST_1338,Mumbai,5.7,26,3053.21,0,0,0.074,0
2024-09-27,CUST_1489,Chennai,8.1,37,854.5,8,1,0.258,0
2024-09-27,CUST_1104,Delhi,7.0,28,4100.96,0,0,0.017,0
2024-09-27,CUST_1066,Ahmedabad,9.1,3,2421.29,0,0,0.067,0
2024-09-27,CUST_1087,Pune,9.1,0,3698.91,7,0,0.033,0
2024-09-27,CUST_1088,Ahmedabad,5.4,15,1119.07,0,0,0.02,0
2024-09-27,CUST_1377,Kolkata,9.2,7,4911.07,0,0,0.023,0
2024-09-27,CUST_1239,Hyderabad,11.4,23,4689.32,1,0,0.035,0
2024-09-27,CUST_1408,Bangalore,6.6,18,3639.21,3,0,0.049,0
2024-09-27,CUST_1144,Chennai,10.1,26,2793.51,4,0,0.042,0
2024-09-27,CUST_1235,Pune,5.5,0,4922.47,1,0,0.016,0
2024-09-27,CUST_1450,Ahmedabad,5.4,17,3448.06,0,0,0.04,0
2024-09-27,CUST_1335,Kolkata,7.6,18,1536.94,1,1,0.027,0
2024-09-27,CUST_1380,Hyderabad,7.7,5,3478.54,0,0,0.052,0
2024-09-27,CUST_1236,Hyderabad,10.7,17,3878.05,0,0,0.05,0
2024-09-27,CUST_1360,Delhi,6.2,10,1310.71,0,0,0.025,0
2024-09-27,CUST_1077,Ahmedabad,8.3,19,2491.51,3,0,0.026,0
2024-09-27,CUST_1026,Chennai,7.8,9,678.27,4,0,0.046,0
2024-09-27,CUST_1381,Hyderabad,5.9,9,4191.84,2,0,0.045,0
2024-09-27,CUST_1117,Hyderabad,9.8,4,1406.36,5,0,0.072,0
2024-09-27,CUST_1114,Bangalore,10.9,11,864.45,6,0,0.078,0
2024-09-27,CUST_1158,Delhi,10.6,0,1647.69,6,0,0.027,0
2024-09-27,CUST_1256,Chennai,6.5,5,2459.55,10,0,0.05,0
2024-09-27,CUST_1455,Delhi,5.4,7,3565.15,4,0,0.045,0
2024-09-27,CUST_1456,Delhi,7.4,12,1923.8,1,0,0.065,0
2024-09-27,CUST_1266,Pune,10.1,0,4760.74,0,0,0.049,0
2024-09-27,CUST_1314,Chennai,7.1,8,1698.07,0,0,0.072,0
2024-09-27,CUST_1496,Chennai,11.0,0,3375.58,2,0,0.018,0
2024-09-27,CUST_1032,Bangalore,6.4,28,2875.54,7,0,0.053,0
2024-09-27,CUST_1049,Chennai,6.4,2,1492.78,10,0,0.04,0
2024-09-27,CUST_1353,Hyderabad,7.9,5,1161.63,0,0,0.044,0
2024-09-27,CUST_1344,Kolkata,4.7,10,2577.85,0,0,0.076,0
2024-09-27,CUST_1273,Kolkata,6.3,0,4588.4,6,1,0.044,0
2024-09-27,CUST_1414,Ahmedabad,5.7,18,1278.89,0,0,0.044,0
2024-09-27,CUST_1082,Mumbai,2.9,34,3296.3,12,1,0.184,0
2024-09-27,CUST_1248,Chennai,8.5,6,4340.69,0,0,0.038,0
2024-09-27,CUST_1223,Delhi,2.9,4,1561.56,9,0,0.038,0
2024-09-27,CUST_1475,Hyderabad,10.6,0,3265.93,12,0,0.017,0
2024-09-27,CUST_1237,Bangalore,7.2,0,3960.7,5,1,0.032,0
2024-09-27,CUST_1089,Kolkata,10.7,4,1819.89,0,0,0.056,0
2024-09-27,CUST_1084,Hyderabad,5.4,0,3075.44,0,0,0.022,0
2024-09-27,CUST_1143,Ahmedabad,7.0,16,2424.26,3,0,0.066,0
2024-09-27,CUST_1366,Delhi,6.8,13,3443.14,12,0,0.059,0
2024-09-27,CUST_1213,Delhi,8.0,0,4656.09,4,0,0.069,0
2024-09-27,CUST_1011,Delhi,9.4,12,3373.65,0,0,0.054,0
2024-09-27,CUST_1402,Bangalore,6.5,27,3329.09,3,0,0.232,0
2024-09-27,CUST_1057,Ahmedabad,8.7,16,1109.01,0,0,0.055,0
2024-09-27,CUST_1336,Hyderabad,4.7,27,4141.68,12,0,0.204,0
2024-09-27,CUST_1302,Delhi,10.1,6,3809.02,0,0,0.038,0
2024-09-27,CUST_1486,Delhi,11.5,7,4889.86,4,0,0.036,0
2024-09-27,CUST_1417,Bangalore,6.2,0,3647.23,4,0,0.018,0
2024-09-27,CUST_1286,Mumbai,4.7,0,2455.84,6,0,0.027,0
2024-09-27,CUST_1130,Delhi,7.5,0,2214.5,1,0,0.012,0
2024-09-27,CUST_1134,Kolkata,9.6,8,4409.05,1,0,0.062,0
2024-09-27,CUST_1345,Kolkata,10.5,0,2365.22,2,0,0.026,0
2024-09-27,CUST_1447,Mumbai,5.7,0,2895.46,0,0,0.06,0
2024-09-27,CUST_1359,Mumbai,6.0,2,2799.4,0,0,0.037,0
2024-09-27,CUST_1004,Mumbai,8.6,9,1101.45,0,0,0.037,0
2024-09-27,CUST_1295,Pune,7.1,7,3704.59,8,0,0.022,0
2024-09-27,CUST_1154,Bangalore,9.3,0,3165.62,0,0,0.026,0
2024-09-27,CUST_1190,Chennai,6.2,18,2996.07,4,0,0.045,0
2024-09-27,CUST_1071,Bangalore,6.5,0,558.81,0,0,0.013,0
2024-09-27,CUST_1395,Bangalore,7.5,0,2840.71,6,0,0.016,0
2024-09-27,CUST_1076,Delhi,7.2,0,3932.81,3,0,0.059,0
2024-09-27,CUST_1166,Bangalore,9.2,15,665.1,6,0,0.072,0
2024-09-27,CUST_1119,Delhi,4.7,33,1267.77,16,1,0.188,0
2024-09-27,CUST_1215,Bangalore,9.6,11,1731.32,0,0,0.034,0
2024-09-27,CUST_1058,Chennai,6.8,12,3708.57,0,0,0.065,0
2024-09-27,CUST_1341,Kolkata,7.2,0,2598.69,0,0,0.018,0
2024-09-27,CUST_1363,Bangalore,10.7,0,2469.09,1,0,0.05,0
2024-09-27,CUST_1482,Pune,5.8,13,719.7,0,0,0.016,0
2024-09-27,CUST_1141,Bangalore,9.2,0,3352.77,5,0,0.024,0
2024-09-27,CUST_1253,Delhi,8.3,15,1199.76,2,1,0.076,0
2024-09-27,CUST_1210,Ahmedabad,11.7,9,897.31,8,0,0.033,0
2024-09-27,CUST_1279,Ahmedabad,5.2,4,3993.1,8,0,0.066,0
2024-09-27,CUST_1147,Chennai,13.6,9,3763.46,7,0,0.06,0
2024-09-27,CUST_1421,Kolkata,7.5,25,1967.92,0,1,0.054,0
2024-09-27,CUST_1474,Chennai,9.3,8,2553.68,3,0,0.075,0
2024-09-27,CUST_1109,Ahmedabad,7.6,14,1152.49,4,1,0.076,0
2024-09-27,CUST_1370,Bangalore,7.9,0,822.6,4,0,0.022,0
2024-09-27,CUST_1275,Delhi,2.6,0,3131.87,5,0,0.056,0
2024-09-27,CUST_1282,Ahmedabad,10.8,0,4197.02,1,0,0.012,0
2024-09-27,CUST_1281,Chennai,10.5,3,2984.52,4,0,0.012,0
2024-09-27,CUST_1099,Bangalore,4.9,7,1085.45,0,0,0.059,0
2024-09-27,CUST_1010,Bangalore,8.6,2,4133.75,0,0,0.051,0
2024-09-27,CUST_1038,Ahmedabad,9.9,0,2627.95,0,0,0.032,0
2024-09-27,CUST_1191,Mumbai,7.9,16,1021.99,2,0,0.058,0
2024-09-27,CUST_1151,Kolkata,11.2,2,3826.06,0,0,0.014,0
2024-09-27,CUST_1122,Kolkata,7.7,2,998.54,0,0,0.032,0
2024-09-27,CUST_1112,Bangalore,10.0,12,4796.62,3,0,0.022,0
2024-09-27,CUST_1145,Kolkata,7.9,21,861.55,14,0,0.079,0
2024-09-27,CUST_1423,Delhi,5.5,20,4867.69,1,0,0.042,0
2024-09-27,CUST_1002,Mumbai,3.7,0,2846.34,0,0,0.057,0
2024-09-27,CUST_1161,Chennai,7.5,14,2468.48,7,0,0.011,0
2024-09-27,CUST_1068,Pune,12.3,12,560.0,7,0,0.022,0
2024-09-27,CUST_1155,Chennai,4.5,8,3719.27,0,0,0.037,0
2024-09-27,CUST_1113,Delhi,9.1,42,1567.32,15,1,0.344,0
2024-09-27,CUST_1128,Mumbai,5.6,46,3672.42,4,0,0.303,0
2024-09-27,CUST_1169,Pune,5.1,0,3344.52,0,0,0.073,0
2024-09-27,CUST_1468,Hyderabad,12.0,14,3018.63,2,0,0.078,0
2024-09-27,CUST_1085,Ahmedabad,6.4,22,3593.22,5,0,0.067,0
2024-09-27,CUST_1431,Bangalore,7.3,23,833.8,0,1,0.222,0
2024-09-27,CUST_1298,Bangalore,8.1,5,2593.75,3,0,0.044,0
2024-09-27,CUST_1385,Hyderabad,6.4,18,3546.43,0,0,0.075,0
2024-09-27,CUST_1240,Kolkata,10.3,0,2811.36,1,0,0.066,0
2024-09-27,CUST_1287,Mumbai,8.9,0,1992.04,2,0,0.014,0
2024-09-27,CUST_1199,Mumbai,10.0,13,4259.98,0,0,0.06,0
2024-09-27,CUST_1495,Kolkata,1.5,32,1796.46,6,0,0.251,0
2024-09-27,CUST_1445,Pune,8.2,0,2251.78,0,0,0.048,0
2024-09-27,CUST_1433,Chennai,5.6,15,3167.1,0,0,0.049,0
2024-09-27,CUST_1033,Ahmedabad,6.1,13,2668.54,0,0,0.037,0
2024-09-27,CUST_1462,Bangalore,7.0,3,2626.05,0,0,0.024,0
2024-09-27,CUST_1171,Mumbai,6.7,0,4173.36,11,1,0.053,0
2024-09-27,CUST_1484,Hyderabad,9.7,0,931.54,0,0,0.02,0
2024-09-27,CUST_1339,Ahmedabad,7.5,31,1030.3,9,1,0.046,0
2024-09-27,CUST_1120,Hyderabad,5.5,10,2806.14,2,0,0.03,0
2024-09-27,CUST_1329,Mumbai,5.6,0,708.17,12,0,0.079,0
2024-09-27,CUST_1121,Kolkata,5.1,10,4568.54,3,0,0.075,0
2024-09-27,CUST_1331,Ahmedabad,10.9,0,4101.07,3,0,0.057,0
2024-09-27,CUST_1308,Hyderabad,2.6,58,3263.4,11,3,0.35,0
2024-09-27,CUST_1111,Delhi,11.0,0,949.69,9,0,0.039,0
2024-09-27,CUST_1291,Ahmedabad,8.0,2,3812.01,0,1,0.074,0
2024-09-27,CUST_1280,Ahmedabad,5.6,13,1193.31,7,0,0.017,0
2024-09-27,CUST_1098,Delhi,5.8,21,3045.22,4,0,0.067,0
2024-09-27,CUST_1133,Pune,10.4,14,2163.49,0,0,0.011,0
2024-09-27,CUST_1102,Ahmedabad,5.7,13,4261.27,0,0,0.058,0
2024-09-27,CUST_1471,Bangalore,9.9,0,3470.36,0,0,0.024,0
2024-09-27,CUST_1473,Kolkata,8.0,19,3016.69,8,0,0.151,0
2024-09-27,CUST_1136,Hyderabad,8.4,7,1650.34,0,0,0.043,0
2024-09-27,CUST_1162,Mumbai,11.6,0,2223.73,0,0,0.02,0
2024-09-27,CUST_1481,Pune,10.8,0,1788.54,0,0,0.044,0
2024-09-27,CUST_1246,Delhi,6.3,24,2586.46,0,1,0.071,0
2024-09-27,CUST_1152,Pune,9.6,1,1583.15,8,0,0.021,0
2024-09-27,CUST_1271,Bangalore,3.8,0,4596.95,0,0,0.035,0
2024-09-27,CUST_1110,Chennai,6.4,6,1143.27,1,1,0.042,0
2024-09-27,CUST_1374,Bangalore,6.1,7,562.6,5,0,0.038,0
2024-09-27,CUST_1326,Kolkata,7.7,5,2032.8,3,0,0.048,0
2024-09-27,CUST_1258,Kolkata,7.9,12,1937.15,7,0,0.08,0
2024-09-27,CUST_1103,Delhi,8.6,9,1063.14,0,0,0.035,0
2024-09-27,CUST_1148,Kolkata,7.7,5,1400.88,0,0,0.026,0
2024-09-27,CUST_1175,Kolkata,6.5,8,4678.25,0,0,0.035,0
2024-09-27,CUST_1306,Kolkata,7.7,0,2906.54,0,0,0.051,0
2024-09-27,CUST_1300,Delhi,4.6,13,1091.18,1,0,0.027,0
2024-09-27,CUST_1388,Hyderabad,8.7,0,1536.92,3,0,0.077,0
2024-09-27,CUST_1432,Mumbai,6.9,0,3036.65,0,0,0.038,0
2024-09-27,CUST_1316,Kolkata,11.8,24,1591.02,3,0,0.078,0
2024-09-27,CUST_1464,Mumbai,6.7,6,832.92,0,0,0.076,1
2024-09-27,CUST_1000,Pune,2.5,4,3795.28,9,0,0.071,0
2024-09-27,CUST_1125,Ahmedabad,4.5,9,4002.4,0,0,0.03,0
2024-09-27,CUST_1334,Mumbai,7.6,0,1209.64,1,0,0.075,0
2024-09-27,CUST_1224,Hyderabad,7.4,0,3726.15,5,0,0.065,0
2024-09-27,CUST_1346,Delhi,7.5,12,1611.0,0,1,0.072,0
2024-09-27,CUST_1030,Ahmedabad,10.8,6,1425.13,0,0,0.074,0
2024-09-27,CUST_1406,Bangalore,4.4,15,4214.6,0,1,0.072,0
2024-09-27,CUST_1446,Delhi,10.9,12,3619.99,11,0,0.023,0
2024-09-27,CUST_1052,Pune,9.7,13,1908.24,0,0,0.038,0
2024-09-27,CUST_1025,Mumbai,5.9,8,1629.2,0,0,0.042,0
2024-09-27,CUST_1427,Mumbai,10.0,12,2495.82,7,0,0.041,0
2024-09-27,CUST_1217,Pune,5.5,5,3700.25,0,0,0.046,0
2024-09-27,CUST_1328,Kolkata,6.0,44,990.44,14,2,0.344,0
2024-09-27,CUST_1364,Ahmedabad,3.9,34,3929.1,4,1,0.203,0
2024-09-27,CUST_1188,Mumbai,5.8,46,1889.21,8,1,0.325,0
2024-10-27,CUST_1008,Delhi,10.2,4,1620.24,0,0,0.017,0
2024-10-27,CUST_1020,Pune,7.4,13,1432.58,1,0,0.044,0
2024-10-27,CUST_1080,Hyderabad,7.5,14,4126.4,0,0,0.043,0
2024-10-27,CUST_1417,Chennai,10.0,1,4122.24,0,0,0.018,0
2024-10-27,CUST_1403,Hyderabad,7.4,18,3756.97,4,0,0.016,0
2024-10-27,CUST_1332,Pune,10.3,2,2407.01,7,0,0.013,0
2024-10-27,CUST_1051,Mumbai,9.8,11,1387.16,0,0,0.043,0
2024-10-27,CUST_1470,Hyderabad,7.7,0,849.94,0,0,0.022,0
2024-10-27,CUST_1374,Mumbai,7.4,0,4733.73,5,0,0.038,0
2024-10-27,CUST_1459,Ahmedabad,7.9,59,987.11,10,0,0.348,0
2024-10-27,CUST_1400,Mumbai,9.3,19,4142.08,5,0,0.072,0
2024-10-27,CUST_1444,Ahmedabad,8.8,28,1236.4,5,1,0.07,0
2024-10-27,CUST_1428,Bangalore,6.1,8,3492.81,2,0,0.058,0
2024-10-27,CUST_1350,Chennai,5.3,17,522.61,3,1,0.08,0
2024-10-27,CUST_1390,Delhi,9.5,15,1071.98,1,0,0.05,0
2024-10-27,CUST_1465,Kolkata,5.2,4,880.21,0,0,0.028,0
2024-10-27,CUST_1388,Hyderabad,7.2,20,3522.17,0,0,0.077,0
2024-10-27,CUST_1286,Hyderabad,6.1,10,3271.52,4,0,0.027,0
2024-10-27,CUST_1204,Pune,6.3,6,3053.58,0,0,0.063,0
2024-10-27,CUST_1392,Kolkata,7.2,7,1990.31,0,0,0.027,0
2024-10-27,CUST_1144,Chennai,7.3,5,2547.54,0,0,0.042,0
2024-10-27,CUST_1089,Ahmedabad,7.3,11,2342.04,0,0,0.056,0
2024-10-27,CUST_1108,Hyderabad,8.3,8,4827.86,0,0,0.059,0
2024-10-27,CUST_1213,Bangalore,5.0,13,1771.73,9,0,0.069,0
2024-10-27,CUST_1479,Mumbai,7.9,6,941.97,1,0,0.079,0
2024-10-27,CUST_1364,Bangalore,5.8,27,1123.53,6,1,0.203,0
2024-10-27,CUST_1189,Hyderabad,8.5,7,2722.66,1,0,0.063,0
2024-10-27,CUST_1186,Pune,9.3,31,1975.53,7,0,0.021,0
2024-10-27,CUST_1198,Kolkata,7.0,0,1431.49,3,0,0.021,0
2024-10-27,CUST_1079,Bangalore,6.9,0,4265.33,5,1,0.069,0
2024-10-27,CUST_1469,Hyderabad,6.9,5,1511.54,3,0,0.061,0
2024-10-27,CUST_1182,Pune,7.5,7,4714.95,3,0,0.047,0
2024-10-27,CUST_1445,Chennai,5.4,5,4296.18,0,0,0.048,0
2024-10-27,CUST_1407,Ahmedabad,8.9,13,1599.71,0,0,0.076,0
2024-10-27,CUST_1132,Ahmedabad,7.6,8,988.83,5,0,0.079,0
2024-10-27,CUST_1069,Delhi,7.8,0,956.02,4,0,0.032,0
2024-10-27,CUST_1082,Kolkata,4.7,43,1267.28,2,0,0.184,0
2024-10-27,CUST_1202,Chennai,8.8,21,3366.54,0,0,0.044,0
2024-10-27,CUST_1180,Chennai,7.9,0,1730.16,0,0,0.058,0
2024-10-27,CUST_1369,Chennai,7.6,5,3251.86,0,0,0.042,0
2024-10-27,CUST_1409,Chennai,4.2,0,3878.94,0,0,0.018,0
2024-10-27,CUST_1012,Chennai,9.0,54,577.31,8,0,0.229,0
2024-10-27,CUST_1208,Ahmedabad,8.5,0,3048.2,8,0,0.042,0
2024-10-27,CUST_1113,Mumbai,5.1,57,1623.08,9,0,0.344,0
2024-10-27,CUST_1019,Pune,7.7,13,3152.1,4,0,0.02,0
2024-10-27,CUST_1155,Ahmedabad,5.5,8,784.96,0,0,0.037,0
2024-10-27,CUST_1129,Mumbai,5.1,25,2535.92,8,0,0.065,0
2024-10-27,CUST_1047,Chennai,8.0,1,2929.13,2,0,0.019,0
2024-10-27,CUST_1206,Chennai,5.8,0,2288.63,7,0,0.032,0
2024-10-27,CUST_1429,Delhi,7.1,20,4079.74,3,0,0.048,0
2024-10-27,CUST_1238,Ahmedabad,8.5,21,2965.02,8,0,0.073,0
2024-10-27,CUST_1333,Mumbai,10.5,7,4167.91,0,0,0.022,0
2024-10-27,CUST_1088,Mumbai,12.2,1,916.83,0,0,0.02,0
2024-10-27,CUST_1265,Hyderabad,8.3,3,4490.78,0,0,0.021,0
2024-10-27,CUST_1149,Kolkata,8.1,23,3073.38,0,0,0.079,0
2024-10-27,CUST_1298,Ahmedabad,6.2,1,2405.53,1,1,0.044,0
2024-10-27,CUST_1157,Hyderabad,7.7,0,1667.03,0,0,0.036,0
2024-10-27,CUST_1174,Delhi,10.2,27,1358.02,6,0,0.056,0
2024-10-27,CUST_1111,Mumbai,9.8,11,2103.36,0,0,0.039,0
2024-10-27,CUST_1495,Hyderabad,7.8,33,1306.13,4,0,0.251,0
2024-10-27,CUST_1185,Kolkata,4.5,13,2045.14,4,0,0.061,0
2024-10-27,CUST_1328,Ahmedabad,6.4,54,1845.65,14,1,0.344,0
2024-10-27,CUST_1464,Mumbai,10.2,9,2088.18,0,0,0.076,0
2024-10-27,CUST_1321,Mumbai,4.0,0,1977.33,1,1,0.018,0
2024-10-27,CUST_1168,Mumbai,9.0,0,753.61,1,0,0.016,0
2024-10-27,CUST_1457,Mumbai,8.4,0,3670.59,3,0,0.051,0
2024-10-27,CUST_1329,Hyderabad,10.0,25,1369.05,5,0,0.079,0
2024-10-27,CUST_1371,Delhi,9.0,6,1545.22,0,0,0.017,0
2024-10-27,CUST_1341,Chennai,8.3,20,4634.07,0,0,0.018,0
2024-10-27,CUST_1050,Ahmedabad,10.3,15,3832.91,2,0,0.03,0
2024-10-27,CUST_1016,Chennai,8.9,2,1561.29,0,0,0.032,0
2024-10-27,CUST_1413,Ahmedabad,6.1,42,3200.08,6,0,0.345,0
2024-10-27,CUST_1119,Kolkata,5.4,54,2061.39,4,1,0.188,0
2024-10-27,CUST_1192,Delhi,5.5,16,2970.87,6,0,0.076,0
2024-10-27,CUST_1306,Hyderabad,10.2,0,1753.96,4,0,0.051,0
2024-10-27,CUST_1430,Chennai,10.3,14,718.01,1,0,0.025,0
2024-10-27,CUST_1362,Delhi,7.9,5,2498.32,1,0,0.059,0
2024-10-27,CUST_1207,Bangalore,9.7,1,3539.46,11,0,0.033,0
2024-10-27,CUST_1410,Pune,7.7,23,4335.62,4,0,0.076,0
2024-10-27,CUST_1344,Ahmedabad,8.0,11,2921.87,7,0,0.076,0
2024-10-27,CUST_1065,Delhi,11.7,8,854.74,1,0,0.072,0
2024-10-27,CUST_1262,Chennai,6.6,17,2760.7,0,0,0.062,0
2024-10-27,CUST_1399,Pune,8.9,0,3334.22,6,0,0.021,0
2024-10-27,CUST_1280,Ahmedabad,4.6,7,1647.03,7,0,0.017,0
2024-10-27,CUST_1485,Delhi,4.2,26,1561.93,9,0,0.154,0
2024-10-27,CUST_1370,Hyderabad,10.1,15,1314.59,0,0,0.022,0
2024-10-27,CUST_1227,Mumbai,4.8,0,3467.84,3,0,0.017,0
2024-10-27,CUST_1176,Chennai,10.2,3,4755.42,5,0,0.062,0
2024-10-27,CUST_1018,Delhi,6.3,0,4116.1,0,0,0.022,0
2024-10-27,CUST_1339,Delhi,8.7,13,2838.74,1,0,0.046,0
2024-10-27,CUST_1270,Mumbai,6.2,4,3716.48,2,0,0.062,0
2024-10-27,CUST_1220,Pune,5.1,8,1656.33,6,0,0.044,0
2024-10-27,CUST_1468,Ahmedabad,10.2,25,3082.59,3,0,0.078,0
2024-10-27,CUST_1347,Kolkata,9.5,0,1650.38,10,0,0.021,0
2024-10-27,CUST_1498,Delhi,5.5,15,1776.09,0,0,0.045,0
2024-10-27,CUST_1211,Ahmedabad,11.2,14,4532.41,0,0,0.08,0
2024-10-27,CUST_1090,Hyderabad,7.6,24,4356.88,9,0,0.075,0
2024-10-27,CUST_1301,Bangalore,9.4,9,3459.49,8,0,0.059,0
2024-10-27,CUST_1260,Ahmedabad,1.9,12,1835.03,6,0,0.053,0
2024-10-27,CUST_1165,Bangalore,8.7,0,1724.73,3,0,0.062,0
2024-10-27,CUST_1334,Chennai,10.0,16,4453.87,0,0,0.075,0
2024-10-27,CUST_1297,Pune,7.6,14,3103.75,0,0,0.03,0
2024-10-27,CUST_1071,Pune,9.5,15,4101.92,0,0,0.013,0
2024-10-27,CUST_1107,Hyderabad,6.6,26,677.67,7,2,0.058,0
2024-10-27,CUST_1322,Chennai,7.1,36,3154.97,6,1,0.207,0
2024-10-27,CUST_1397,Pune,8.6,35,4170.41,12,0,0.204,0
2024-10-27,CUST_1380,Bangalore,7.1,0,3454.34,0,0,0.052,0
2024-10-27,CUST_1312,Hyderabad,7.3,8,4170.66,6,0,0.017,0
2024-10-27,CUST_1250,Delhi,6.5,0,898.24,6,0,0.012,0
2024-10-27,CUST_1190,Bangalore,9.1,7,2289.67,0,1,0.045,0
2024-10-27,CUST_1381,Bangalore,4.8,0,2573.03,6,0,0.045,0
2024-10-27,CUST_1376,Ahmedabad,5.6,0,1189.52,2,0,0.026,0
2024-10-27,CUST_1005,Kolkata,7.4,3,683.42,0,0,0.078,0
2024-10-27,CUST_1437,Chennai,2.6,13,2227.79,0,0,0.073,0
2024-10-27,CUST_1302,Chennai,9.3,1,1481.73,0,0,0.038,0
2024-10-27,CUST_1436,Kolkata,6.5,0,1805.78,0,1,0.05,0
2024-10-27,CUST_1057,Hyderabad,6.6,15,2336.45,4,0,0.055,0
2024-10-27,CUST_1000,Mumbai,9.3,24,3504.25,5,0,0.071,0
2024-10-27,CUST_1201,Chennai,8.2,0,1550.15,0,0,0.031,0
2024-10-27,CUST_1308,Kolkata,7.0,51,1299.72,3,1,0.35,0
2024-10-27,CUST_1249,Pune,3.7,0,1509.04,6,0,0.012,0
2024-10-27,CUST_1135,Delhi,8.4,0,4415.23,5,0,0.014,0
2024-10-27,CUST_1124,Delhi,7.9,2,4292.16,1,0,0.044,0
2024-10-27,CUST_1209,Pune,7.6,7,1733.51,0,1,0.05,0
2024-10-27,CUST_1467,Ahmedabad,10.4,0,2807.92,9,0,0.063,0
2024-10-27,CUST_1295,Ahmedabad,9.6,13,2682.44,0,0,0.022,0
2024-10-27,CUST_1471,Kolkata,9.6,12,2665.62,5,0,0.024,0
2024-10-27,CUST_1236,Kolkata,8.0,15,4050.79,1,0,0.05,0
2024-10-27,CUST_1251,Ahmedabad,7.5,5,3407.76,0,0,0.046,0
2024-10-27,CUST_1105,Delhi,8.8,10,831.62,8,0,0.049,0
2024-10-27,CUST_1042,Pune,10.8,3,1215.85,0,0,0.06,0
2024-10-27,CUST_1175,Mumbai,6.9,8,2722.15,0,0,0.035,0
2024-10-27,CUST_1318,Chennai,6.2,0,2244.98,0,0,0.042,0
2024-10-27,CUST_1215,Kolkata,11.0,2,2336.36,14,0,0.034,0
2024-10-27,CUST_1279,Hyderabad,9.0,4,2582.06,2,0,0.066,0
2024-10-27,CUST_1102,Hyderabad,5.6,19,3430.48,3,0,0.058,0
2024-10-27,CUST_1077,Mumbai,9.0,16,4161.92,0,0,0.026,0
2024-10-27,CUST_1158,Bangalore,9.2,3,2671.62,0,0,0.027,0
2024-10-27,CUST_1450,Mumbai,9.8,24,3892.39,7,0,0.04,0
2024-10-27,CUST_1272,Kolkata,6.0,45,3567.84,7,1,0.306,0
2024-10-27,CUST_1074,Delhi,4.4,28,2190.72,8,1,0.193,0
2024-10-27,CUST_1037,Delhi,11.2,1,4319.82,2,0,0.046,0
2024-10-27,CUST_1283,Kolkata,9.6,9,3155.64,6,0,0.052,0
2024-10-27,CUST_1043,Pune,11.4,3,3121.89,6,0,0.045,0
2024-10-27,CUST_1098,Mumbai,7.2,0,3222.75,3,0,0.067,0
2024-10-27,CUST_1060,Bangalore,6.0,4,3424.98,0,0,0.074,0
2024-10-27,CUST_1489,Kolkata,3.6,19,2173.74,0,0,0.258,0
2024-10-27,CUST_1045,Hyderabad,12.6,13,581.31,0,0,0.066,0
2024-10-27,CUST_1187,Chennai,3.1,41,851.23,3,0,0.257,0
2024-10-27,CUST_1059,Pune,6.5,27,4190.63,14,0,0.035,0
2024-10-27,CUST_1291,Chennai,6.9,18,1206.34,4,0,0.074,0
2024-10-27,CUST_1140,Delhi,10.0,0,4688.44,10,0,0.015,0
2024-10-27,CUST_1254,Pune,7.4,1,1746.52,0,0,0.063,0
2024-10-27,CUST_1156,Kolkata,7.1,0,2387.82,4,1,0.056,0
2024-10-27,CUST_1070,Ahmedabad,8.6,4,2236.22,8,0,0.031,0
2024-10-27,CUST_1269,Bangalore,10.0,7,1585.14,2,0,0.052,0
2024-10-27,CUST_1446,Kolkata,7.8,0,1241.11,0,0,0.023,0
2024-10-27,CUST_1061,Bangalore,10.3,24,4407.14,15,0,0.038,0
2024-10-27,CUST_1405,Hyderabad,10.1,13,1541.31,0,0,0.058,0
2024-10-27,CUST_1431,Mumbai,5.5,47,1242.0,0,0,0.222,0
2024-10-27,CUST_1483,Bangalore,7.7,5,1624.63,8,1,0.077,0
2024-10-27,CUST_1127,Bangalore,8.0,1,2004.99,0,1,0.035,0
2024-10-27,CUST_1296,Pune,7.1,3,2239.17,3,0,0.017,0
2024-10-27,CUST_1117,Ahmedabad,7.6,6,2725.28,7,0,0.072,0
2024-10-27,CUST_1304,Pune,5.6,7,4765.33,0,0,0.016,0
2024-10-27,CUST_1314,Bangalore,5.4,24,3642.27,3,0,0.072,0
2024-10-27,CUST_1087,Pune,8.0,12,4557.94,3,0,0.033,0
2024-10-27,CUST_1024,Kolkata,7.0,0,2782.51,0,0,0.03,0
2024-10-27,CUST_1044,Ahmedabad,8.4,23,2463.57,6,0,0.068,0
2024-10-27,CUST_1448,Mumbai,4.3,16,3044.05,10,0,0.306,0
2024-10-27,CUST_1243,Kolkata,4.5,14,1531.04,0,0,0.015,0
2024-10-27,CUST_1245,Delhi,6.2,7,4081.88,4,0,0.038,0
2024-10-27,CUST_1404,Bangalore,8.2,10,4009.92,1,0,0.051,0
2024-10-27,CUST_1031,Hyderabad,9.0,12,2313.78,0,0,0.011,0
2024-10-27,CUST_1075,Bangalore,4.8,1,1102.72,0,0,0.16,0
2024-10-27,CUST_1396,Mumbai,11.6,0,3112.29,0,0,0.013,0
2024-10-27,CUST_1134,Pune,4.9,5,4260.42,12,0,0.062,1
2024-10-27,CUST_1125,Mumbai,7.4,3,2025.88,0,0,0.03,0
2024-10-27,CUST_1352,Mumbai,4.4,0,4514.87,12,0,0.017,0
2024-10-27,CUST_1412,Ahmedabad,9.9,8,2341.77,3,0,0.063,0
2024-10-27,CUST_1233,Pune,6.5,12,3402.67,0,0,0.02,0
2024-10-27,CUST_1173,Pune,9.1,5,3121.24,0,0,0.014,0
2024-10-27,CUST_1317,Bangalore,4.4,45,537.26,7,2,0.314,0
2024-10-27,CUST_1348,Bangalore,6.0,0,3834.85,3,1,0.025,0
2024-10-27,CUST_1177,Bangalore,6.8,4,3820.16,0,0,0.017,0
2024-10-27,CUST_1034,Ahmedabad,8.2,9,2348.77,12,0,0.021,0
2024-10-27,CUST_1356,Mumbai,7.6,24,2415.8,7,0,0.079,0
2024-10-27,CUST_1116,Mumbai,11.0,16,3876.65,0,1,0.071,0
2024-10-27,CUST_1139,Delhi,8.0,2,2619.71,8,1,0.078,0
2024-10-27,CUST_1324,Pune,8.0,12,1462.79,3,0,0.077,0
2024-10-27,CUST_1193,Hyderabad,9.0,5,1078.5,0,0,0.047,0
2024-10-27,CUST_1026,Hyderabad,8.7,7,4282.93,0,0,0.046,0
2024-10-27,CUST_1194,Delhi,2.8,9,4655.06,5,0,0.064,0
2024-10-27,CUST_1004,Delhi,7.1,0,2543.23,1,0,0.037,0
2024-10-27,CUST_1379,Mumbai,9.0,11,4466.29,1,0,0.025,0
2024-10-27,CUST_1241,Chennai,6.9,28,4046.71,0,0,0.057,0
2024-10-27,CUST_1063,Hyderabad,6.2,27,2164.03,0,0,0.053,0
2024-10-27,CUST_1414,Mumbai,1.5,0,898.58,0,0,0.044,0
2024-10-27,CUST_1035,Delhi,7.9,0,1793.98,0,0,0.046,0
2024-10-27,CUST_1480,Pune,6.0,49,3403.52,13,1,0.296,0
2024-11-26,CUST_1195,Ahmedabad,4.5,2,3245.2,0,0,0.074,0
2024-11-26,CUST_1355,Pune,9.1,13,3311.18,0,0,0.067,0
2024-11-26,CUST_1070,Chennai,7.2,0,2316.92,0,0,0.031,0
2024-11-26,CUST_1212,Delhi,9.2,0,862.35,4,0,0.036,0
2024-11-26,CUST_1181,Pune,7.9,15,1763.75,0,0,0.071,0
2024-11-26,CUST_1470,Kolkata,6.3,4,1712.59,0,0,0.022,0
2024-11-26,CUST_1316,Bangalore,6.1,1,4585.3,0,0,0.078,0
2024-11-26,CUST_1192,Hyderabad,7.2,0,3193.65,0,1,0.076,0
2024-11-26,CUST_1057,Bangalore,8.8,7,2905.88,2,0,0.055,0
2024-11-26,CUST_1217,Pune,7.0,8,1351.2,0,0,0.046,0
2024-11-26,CUST_1103,Ahmedabad,7.2,8,3058.2,0,0,0.035,0
2024-11-26,CUST_1160,Chennai,6.5,26,4576.85,0,0,0.039,0
2024-11-26,CUST_1026,Chennai,6.7,5,3956.85,0,1,0.046,0
2024-11-26,CUST_1091,Hyderabad,4.3,11,2909.36,2,1,0.063,0
2024-11-26,CUST_1115,Bangalore,8.6,8,2069.72,2,0,0.033,0
2024-11-26,CUST_1075,Chennai,4.4,49,2100.32,7,0,0.16,0
2024-11-26,CUST_1109,Kolkata,8.6,34,2292.17,2,0,0.076,0
2024-11-26,CUST_1032,Mumbai,5.9,0,3312.56,0,0,0.053,0
2024-11-26,CUST_1133,Delhi,9.5,0,854.53,3,0,0.011,0
2024-11-26,CUST_1080,Chennai,7.9,8,1922.12,3,0,0.043,0
2024-11-26,CUST_1078,Bangalore,6.5,6,4655.35,6,0,0.078,0
2024-11-26,CUST_1100,Delhi,5.9,22,1090.34,0,0,0.042,0
2024-11-26,CUST_1178,Hyderabad,8.4,36,3818.94,15,0,0.275,0
2024-11-26,CUST_1152,Mumbai,7.1,20,1272.8,0,1,0.021,0
2024-11-26,CUST_1273,Chennai,7.2,0,3405.28,3,0,0.044,0
2024-11-26,CUST_1020,Ahmedabad,5.5,0,4029.9,0,0,0.044,0
2024-11-26,CUST_1328,Pune,6.5,53,3942.09,14,0,0.344,0
2024-11-26,CUST_1339,Kolkata,4.2,7,1267.36,8,0,0.046,0
2024-11-26,CUST_1389,Mumbai,9.7,25,1026.97,9,0,0.173,0
2024-11-26,CUST_1034,Ahmedabad,9.4,0,901.56,6,1,0.021,0
2024-11-26,CUST_1137,Mumbai,3.8,0,1412.09,4,0,0.018,0
2024-11-26,CUST_1314,Pune,9.0,8,1935.25,0,0,0.072,0
2024-11-26,CUST_1206,Chennai,6.4,0,3434.09,0,0,0.032,0
2024-11-26,CUST_1019,Delhi,8.3,8,4936.43,0,1,0.02,0
2024-11-26,CUST_1301,Delhi,6.1,0,2293.26,5,1,0.059,0
2024-11-26,CUST_1415,Chennai,7.9,2,3384.34,6,0,0.031,0
2024-11-26,CUST_1050,Hyderabad,5.2,0,1364.72,3,0,0.03,0
2024-11-26,CUST_1351,Kolkata,7.4,48,4304.37,3,1,0.273,0
2024-11-26,CUST_1155,Kolkata,7.8,13,2670.91,0,0,0.037,0
2024-11-26,CUST_1129,Mumbai,9.6,2,4786.71,2,0,0.065,1
2024-11-26,CUST_1238,Pune,8.8,16,2872.5,0,1,0.073,0
2024-11-26,CUST_1266,Bangalore,7.2,20,2456.27,2,0,0.049,0
2024-11-26,CUST_1182,Bangalore,8.2,7,488.38,0,0,0.047,0
2024-11-26,CUST_1111,Mumbai,8.0,7,2323.56,0,0,0.039,0
2024-11-26,CUST_1264,Chennai,5.0,0,3384.43,6,0,0.022,0
2024-11-26,CUST_1006,Ahmedabad,10.6,24,1952.39,6,0,0.035,0
2024-11-26,CUST_1385,Mumbai,10.7,7,4229.71,4,0,0.075,0
2024-11-26,CUST_1162,Kolkata,8.9,0,662.41,0,0,0.02,0
2024-11-26,CUST_1472,Kolkata,8.2,0,3133.11,3,1,0.051,0
2024-11-26,CUST_1234,Hyderabad,9.4,0,3113.39,4,0,0.029,0
2024-11-26,CUST_1317,Pune,8.3,43,2350.71,11,1,0.314,0
2024-11-26,CUST_1447,Chennai,8.4,8,1742.89,0,0,0.06,0
2024-11-26,CUST_1142,Chennai,9.6,1,927.24,2,1,0.079,1
2024-11-26,CUST_1033,Delhi,8.3,20,3617.02,2,0,0.037,0
2024-11-26,CUST_1368,Chennai,7.1,9,591.25,6,0,0.039,0
2024-11-26,CUST_1039,Bangalore,6.1,11,1772.56,12,1,0.176,0
2024-11-26,CUST_1408,Pune,9.4,18,3592.33,4,0,0.049,0
2024-11-26,CUST_1119,Kolkata,8.3,42,1502.04,1,0,0.188,0
2024-11-26,CUST_1116,Pune,6.7,8,681.04,7,0,0.071,0
2024-11-26,CUST_1066,Mumbai,7.3,11,1322.37,1,0,0.067,0
2024-11-26,CUST_1286,Pune,10.9,8,1521.43,5,0,0.027,0
2024-11-26,CUST_1113,Hyderabad,7.6,52,2610.24,9,3,0.344,0
2024-11-26,CUST_1469,Pune,6.1,26,863.27,2,0,0.061,0
2024-11-26,CUST_1284,Chennai,10.6,16,1397.95,4,0,0.064,0
2024-11-26,CUST_1145,Chennai,3.4,2,4448.17,6,0,0.079,0
2024-11-26,CUST_1056,Chennai,8.8,9,679.42,3,1,0.048,0
2024-11-26,CUST_1003,Hyderabad,10.3,0,4129.31,0,0,0.016,0
2024-11-26,CUST_1297,Chennai,4.1,18,1466.88,0,0,0.03,0
2024-11-26,CUST_1489,Ahmedabad,5.1,41,1009.32,7,0,0.258,0
2024-11-26,CUST_1218,Chennai,5.0,8,3227.29,2,0,0.044,0
2024-11-26,CUST_1397,Bangalore,9.3,33,4293.87,8,1,0.204,1
2024-11-26,CUST_1038,Delhi,8.6,8,1035.91,8,0,0.032,0
2024-11-26,CUST_1274,Pune,9.3,9,556.41,0,0,0.048,0
2024-11-26,CUST_1423,Kolkata,9.4,2,2015.98,4,0,0.042,0
2024-11-26,CUST_1416,Mumbai,9.9,18,4465.96,0,0,0.055,0
2024-11-26,CUST_1156,Hyderabad,5.5,16,1639.14,7,0,0.056,0
2024-11-26,CUST_1270,Ahmedabad,7.5,9,1873.85,5,0,0.062,0
2024-11-26,CUST_1093,Mumbai,9.3,11,1966.7,0,0,0.045,0
2024-11-26,CUST_1008,Pune,7.2,0,3179.82,1,0,0.017,0
2024-11-26,CUST_1062,Mumbai,7.3,12,4214.66,2,0,0.049,0
2024-11-26,CUST_1427,Mumbai,6.5,5,2520.0,1,0,0.041,0
2024-11-26,CUST_1186,Mumbai,10.4,7,606.03,7,0,0.021,0
2024-11-26,CUST_1214,Delhi,2.2,0,3274.77,8,0,0.056,0
2024-11-26,CUST_1175,Pune,7.7,5,4397.39,0,0,0.035,0
2024-11-26,CUST_1429,Kolkata,7.4,5,4224.12,3,0,0.048,0
2024-11-26,CUST_1131,Bangalore,8.2,9,2461.11,2,0,0.065,0
2024-11-26,CUST_1457,Bangalore,6.6,0,689.54,1,0,0.051,0
2024-11-26,CUST_1483,Chennai,7.3,11,2144.42,7,0,0.077,0
2024-11-26,CUST_1158,Ahmedabad,5.6,8,832.9,0,0,0.027,0
2024-11-26,CUST_1081,Kolkata,10.5,21,2167.49,0,0,0.051,0
2024-11-26,CUST_1490,Mumbai,9.9,16,1802.9,4,0,0.037,0
2024-11-26,CUST_1079,Chennai,7.0,5,2327.4,0,0,0.069,0
2024-11-26,CUST_1333,Bangalore,7.0,0,748.19,0,0,0.022,0
2024-11-26,CUST_1189,Hyderabad,7.6,20,4425.82,0,1,0.063,0
2024-11-26,CUST_1253,Ahmedabad,11.1,10,2748.43,0,1,0.076,0
2024-11-26,CUST_1377,Chennai,7.5,5,2279.18,0,0,0.023,0
2024-11-26,CUST_1367,Ahmedabad,4.9,40,1041.67,8,2,0.226,0
2024-11-26,CUST_1000,Chennai,9.6,8,1789.85,3,0,0.071,0
2024-11-26,CUST_1380,Hyderabad,9.8,26,1367.56,0,1,0.052,0
2024-11-26,CUST_1099,Mumbai,6.5,36,2547.97,0,0,0.059,0
2024-11-26,CUST_1379,Pune,10.4,8,4517.53,0,0,0.025,0
2024-11-26,CUST_1326,Bangalore,6.8,0,1405.49,7,0,0.048,0
2024-11-26,CUST_1157,Bangalore,3.5,6,4667.13,0,0,0.036,0
2024-11-26,CUST_1499,Ahmedabad,4.7,24,3769.67,0,0,0.076,0
2024-11-26,CUST_1479,Hyderabad,6.0,16,2750.22,0,0,0.079,0
2024-11-26,CUST_1335,Pune,4.2,0,1741.77,0,0,0.027,0
2024-11-26,CUST_1279,Delhi,9.1,0,3719.8,6,0,0.066,0
2024-11-26,CUST_1357,Mumbai,8.3,26,3964.78,0,0,0.034,0
2024-11-26,CUST_1443,Bangalore,5.9,10,3752.33,5,0,0.011,0
2024-11-26,CUST_1139,Hyderabad,5.7,28,3249.85,4,1,0.078,0
2024-11-26,CUST_1150,Ahmedabad,10.4,9,2244.39,6,0,0.019,0
2024-11-26,CUST_1193,Pune,6.2,6,547.13,10,0,0.047,0
2024-11-26,CUST_1492,Bangalore,6.6,16,3209.58,4,0,0.067,0
2024-11-26,CUST_1393,Bangalore,7.2,21,741.64,4,0,0.194,0
2024-11-26,CUST_1106,Pune,8.6,31,3491.28,4,1,0.28,0
2024-11-26,CUST_1428,Delhi,7.9,28,4720.21,6,0,0.058,0
2024-11-26,CUST_1376,Ahmedabad,6.8,0,4297.68,0,0,0.026,0
2024-11-26,CUST_1068,Chennai,8.1,4,3524.62,0,0,0.022,0
2024-11-26,CUST_1322,Ahmedabad,5.9,40,1895.3,2,1,0.207,0
2024-11-26,CUST_1463,Delhi,8.0,7,968.52,0,0,0.04,0
2024-11-26,CUST_1046,Delhi,8.7,7,3437.69,0,0,0.065,0
2024-11-26,CUST_1451,Hyderabad,6.6,17,3153.27,8,0,0.073,0
2024-11-26,CUST_1108,Delhi,8.6,17,1864.27,0,0,0.059,0
2024-11-26,CUST_1204,Chennai,8.6,18,4085.68,2,1,0.063,0
2024-11-26,CUST_1293,Bangalore,7.3,8,2127.19,0,1,0.041,0
2024-11-26,CUST_1442,Hyderabad,9.2,15,1462.33,3,1,0.065,0
2024-11-26,CUST_1420,Pune,10.5,0,3954.38,0,0,0.034,0
2024-11-26,CUST_1390,Pune,5.5,3,3079.14,0,0,0.05,0
2024-11-26,CUST_1348,Hyderabad,11.0,0,1609.92,0,0,0.025,0
2024-11-26,CUST_1074,Bangalore,5.9,26,1822.1,7,0,0.193,0
2024-11-26,CUST_1254,Kolkata,4.7,5,2035.81,1,1,0.063,0
2024-11-26,CUST_1240,Ahmedabad,5.0,0,3346.58,1,0,0.066,0
2024-11-26,CUST_1098,Delhi,10.6,18,4329.52,10,0,0.067,0
2024-11-26,CUST_1344,Pune,2.1,5,894.18,3,0,0.076,0
2024-11-26,CUST_1151,Pune,7.4,0,4250.09,0,0,0.014,0
2024-11-26,CUST_1465,Kolkata,4.9,3,2046.69,0,0,0.028,0
2024-11-26,CUST_1048,Kolkata,8.4,58,2666.07,0,1,0.338,0
2024-11-26,CUST_1433,Kolkata,3.1,14,1747.82,1,1,0.049,0
2024-11-26,CUST_1174,Ahmedabad,10.4,5,2574.28,0,0,0.056,0
2024-11-26,CUST_1126,Chennai,4.9,5,1965.5,3,0,0.069,0
2024-11-26,CUST_1461,Kolkata,9.6,5,4670.8,3,1,0.062,0
2024-11-26,CUST_1095,Chennai,8.1,4,4437.94,12,1,0.05,0
2024-11-26,CUST_1399,Bangalore,6.1,1,4027.65,5,0,0.021,0
2024-11-26,CUST_1104,Hyderabad,9.1,0,1192.26,0,0,0.017,0
2024-11-26,CUST_1092,Chennai,2.0,25,2157.13,5,1,0.238,0
2024-11-26,CUST_1292,Bangalore,8.3,11,3178.91,2,0,0.041,0
2024-11-26,CUST_1296,Ahmedabad,9.6,20,825.67,1,0,0.017,0
2024-11-26,CUST_1233,Mumbai,10.3,0,1472.79,2,0,0.02,0
2024-11-26,CUST_1382,Chennai,10.0,13,2047.41,2,0,0.022,0
2024-11-26,CUST_1220,Bangalore,7.6,4,3378.01,9,0,0.044,0
2024-11-26,CUST_1371,Kolkata,3.4,0,1304.68,0,0,0.017,0
2024-11-26,CUST_1239,Ahmedabad,10.7,0,970.76,6,0,0.035,0
2024-11-26,CUST_1364,Pune,3.3,35,4015.76,0,0,0.203,1
2024-11-26,CUST_1431,Bangalore,9.8,31,4288.48,14,0,0.222,0
2024-11-26,CUST_1146,Hyderabad,8.5,0,3012.12,0,0,0.014,0
2024-11-26,CUST_1215,Pune,9.0,9,4232.26,0,0,0.034,0
2024-11-26,CUST_1281,Pune,11.7,0,1809.52,0,0,0.012,0
2024-11-26,CUST_1042,Hyderabad,7.7,22,866.97,4,0,0.06,0
2024-11-26,CUST_1143,Chennai,7.0,3,684.16,1,1,0.066,0
2024-11-26,CUST_1361,Bangalore,8.2,0,2536.7,0,0,0.028,0
2024-11-26,CUST_1312,Pune,9.1,0,542.5,0,0,0.017,0
2024-11-26,CUST_1124,Ahmedabad,4.1,23,1315.86,0,1,0.044,0
2024-11-26,CUST_1053,Pune,7.8,11,3605.21,0,0,0.029,0
2024-11-26,CUST_1022,Delhi,8.4,10,2310.23,12,0,0.079,0
2024-11-26,CUST_1010,Mumbai,8.6,0,2049.64,0,0,0.051,0
2024-11-26,CUST_1395,Chennai,11.3,3,4765.16,0,0,0.016,0
2024-11-26,CUST_1422,Ahmedabad,8.3,0,1642.25,5,0,0.07,0
2024-11-26,CUST_1313,Mumbai,10.6,0,1597.4,2,0,0.035,0
2024-11-26,CUST_1272,Delhi,4.4,50,971.64,10,2,0.306,1
2024-11-26,CUST_1441,Mumbai,9.3,19,3855.21,3,0,0.037,0
2024-11-26,CUST_1302,Chennai,8.4,0,2584.14,5,0,0.038,0
2024-11-26,CUST_1207,Ahmedabad,2.4,13,619.9,8,0,0.033,0
2024-11-26,CUST_1012,Chennai,7.3,8,1820.73,8,2,0.229,0
2024-11-26,CUST_1202,Ahmedabad,8.9,10,3811.73,3,0,0.044,0
2024-11-26,CUST_1425,Hyderabad,4.8,0,719.82,6,0,0.025,0
2024-11-26,CUST_1373,Chennai,3.3,5,4399.65,3,0,0.07,0
2024-11-26,CUST_1386,Ahmedabad,8.7,0,4846.96,1,0,0.027,0
2024-11-26,CUST_1342,Kolkata,8.2,0,2891.07,1,0,0.046,0
2024-11-26,CUST_1127,Mumbai,6.5,3,3456.1,1,0,0.035,0
2024-11-26,CUST_1438,Chennai,6.6,8,2351.35,0,0,0.03,0
2024-11-26,CUST_1455,Kolkata,11.3,0,494.67,0,0,0.045,0
2024-11-26,CUST_1498,Bangalore,8.2,16,4582.81,2,0,0.045,0
2024-11-26,CUST_1358,Kolkata,8.1,47,3678.61,7,0,0.242,0
2024-11-26,CUST_1372,Bangalore,7.0,0,4391.66,3,0,0.024,0
2024-11-26,CUST_1140,Hyderabad,8.6,0,928.11,0,0,0.015,0
2024-11-26,CUST_1306,Hyderabad,6.0,5,1493.02,0,0,0.051,0
2024-11-26,CUST_1065,Kolkata,7.4,7,4531.31,4,0,0.072,0
2024-11-26,CUST_1341,Kolkata,9.3,0,4451.77,8,0,0.018,0
2024-11-26,CUST_1411,Kolkata,10.9,0,874.01,0,0,0.065,0
2024-11-26,CUST_1486,Ahmedabad,9.7,8,1668.07,3,0,0.036,0
2024-11-26,CUST_1345,Kolkata,6.5,0,1292.1,0,0,0.026,0
2024-11-26,CUST_1347,Ahmedabad,8.4,0,4152.54,0,0,0.021,0
2024-11-26,CUST_1044,Chennai,4.9,3,2833.96,6,0,0.068,0
2024-11-26,CUST_1289,Ahmedabad,10.4,0,2500.3,0,0,0.015,0
2024-11-26,CUST_1265,Bangalore,8.4,0,618.8,0,0,0.021,0
2024-11-26,CUST_1481,Mumbai,7.3,5,535.78,6,0,0.044,0
2024-11-26,CUST_1396,Ahmedabad,7.0,0,2940.12,0,0,0.013,0
2024-11-26,CUST_1112,Kolkata,6.4,19,2630.72,4,0,0.022,0
2024-11-26,CUST_1350,Hyderabad,9.9,29,4459.71,0,0,0.08,0
2024-11-26,CUST_1360,Chennai,6.8,4,1863.93,0,0,0.025,0
2024-12-26,CUST_1349,Pune,7.6,0,4082.2,1,0,0.053,0
2024-12-26,CUST_1163,Hyderabad,4.5,0,2409.06,3,0,0.037,0
2024-12-26,CUST_1024,Bangalore,6.5,0,1747.7,8,0,0.03,0
2024-12-26,CUST_1423,Bangalore,8.5,0,3967.31,9,0,0.042,0
2024-12-26,CUST_1215,Pune,5.6,24,3331.65,5,0,0.034,0
2024-12-26,CUST_1081,Ahmedabad,5.6,30,4014.42,0,0,0.051,0
2024-12-26,CUST_1252,Pune,2.7,53,3471.26,3,1,0.284,1
2024-12-26,CUST_1376,Delhi,8.0,0,1996.93,6,0,0.026,0
2024-12-26,CUST_1348,Delhi,7.8,7,4059.33,0,0,0.025,0
2024-12-26,CUST_1103,Kolkata,8.1,29,1659.46,9,0,0.035,0
2024-12-26,CUST_1238,Ahmedabad,7.5,15,554.03,11,0,0.073,0
2024-12-26,CUST_1026,Chennai,5.5,12,3442.41,12,0,0.046,0
2024-12-26,CUST_1196,Mumbai,1.9,58,1673.22,5,2,0.292,0
2024-12-26,CUST_1268,Hyderabad,7.9,3,1160.2,6,0,0.017,0
2024-12-26,CUST_1185,Delhi,6.2,39,1523.67,9,2,0.061,0
2024-12-26,CUST_1146,Hyderabad,13.1,0,2332.32,5,0,0.014,0
2024-12-26,CUST_1010,Bangalore,6.6,2,2279.74,3,0,0.051,0
2024-12-26,CUST_1170,Bangalore,5.3,11,4686.33,0,1,0.07,0
2024-12-26,CUST_1323,Mumbai,7.0,0,4763.06,4,0,0.066,1
2024-12-26,CUST_1129,Ahmedabad,7.7,0,4513.43,0,0,0.065,0
2024-12-26,CUST_1157,Mumbai,7.0,8,573.64,3,0,0.036,0
2024-12-26,CUST_1358,Pune,6.6,32,3555.44,5,0,0.242,0
2024-12-26,CUST_1132,Mumbai,5.8,0,3656.38,0,0,0.079,0
2024-12-26,CUST_1182,Chennai,8.3,4,2547.54,1,0,0.047,0
2024-12-26,CUST_1184,Hyderabad,9.8,22,1175.04,3,0,0.065,0
2024-12-26,CUST_1104,Delhi,8.8,11,4364.07,0,0,0.017,0
2024-12-26,CUST_1231,Delhi,4.8,9,1703.12,0,2,0.051,0
2024-12-26,CUST_1098,Hyderabad,8.0,0,2786.76,0,1,0.067,0
2024-12-26,CUST_1046,Bangalore,5.6,9,3087.99,6,0,0.065,0
2024-12-26,CUST_1105,Ahmedabad,6.1,14,565.64,4,0,0.049,0
2024-12-26,CUST_1101,Bangalore,6.7,41,3379.53,13,2,0.333,0
2024-12-26,CUST_1322,Bangalore,8.4,30,3009.0,11,0,0.207,0
2024-12-26,CUST_1067,Bangalore,8.0,9,1693.92,2,0,0.036,0
2024-12-26,CUST_1071,Hyderabad,7.3,6,3836.7,0,0,0.013,0
2024-12-26,CUST_1496,Kolkata,7.4,8,1559.36,0,0,0.018,0
2024-12-26,CUST_1426,Kolkata,9.5,0,4258.2,5,0,0.025,0
2024-12-26,CUST_1265,Kolkata,3.7,5,1733.78,0,0,0.021,0
2024-12-26,CUST_1312,Pune,8.2,0,1375.0,0,0,0.017,0
2024-12-26,CUST_1477,Pune,5.2,9,3091.17,0,1,0.036,0
2024-12-26,CUST_1041,Pune,5.1,26,2645.15,0,1,0.074,0
2024-12-26,CUST_1080,Kolkata,3.2,15,2112.67,0,0,0.043,0
2024-12-26,CUST_1315,Hyderabad,5.6,18,2437.06,3,0,0.043,0
2024-12-26,CUST_1275,Bangalore,6.3,0,1851.46,4,1,0.056,0
2024-12-26,CUST_1382,Ahmedabad,9.8,0,798.04,2,0,0.022,0
2024-12-26,CUST_1492,Delhi,5.7,12,2092.42,0,0,0.067,0
2024-12-26,CUST_1248,Ahmedabad,5.3,14,2183.71,0,0,0.038,0
2024-12-26,CUST_1383,Kolkata,5.1,13,2133.57,0,1,0.051,0
2024-12-26,CUST_1210,Ahmedabad,9.7,0,2580.26,1,0,0.033,0
2024-12-26,CUST_1436,Bangalore,5.3,9,1087.0,0,0,0.05,0
2024-12-26,CUST_1191,Kolkata,5.1,0,3176.44,4,0,0.058,0
2024-12-26,CUST_1375,Pune,9.3,0,4497.2,2,0,0.014,0
2024-12-26,CUST_1481,Hyderabad,9.7,10,3643.72,0,0,0.044,0
2024-12-26,CUST_1124,Ahmedabad,7.5,19,1159.88,1,0,0.044,0
2024-12-26,CUST_1169,Mumbai,7.8,6,789.81,0,1,0.073,0
2024-12-26,CUST_1159,Delhi,7.5,19,1369.52,9,1,0.021,0
2024-12-26,CUST_1255,Kolkata,7.0,16,1332.91,2,0,0.039,0
2024-12-26,CUST_1142,Bangalore,5.2,9,3632.57,1,0,0.079,0
2024-12-26,CUST_1260,Mumbai,10.0,22,1294.07,0,0,0.053,0
2024-12-26,CUST_1457,Mumbai,10.7,12,2795.94,1,0,0.051,0
2024-12-26,CUST_1479,Mumbai,3.3,15,1708.14,1,0,0.079,0
2024-12-26,CUST_1359,Hyderabad,5.8,0,4399.3,1,0,0.037,0
2024-12-26,CUST_1234,Pune,6.4,0,3446.9,4,0,0.029,0
2024-12-26,CUST_1364,Chennai,5.5,19,3328.08,0,1,0.203,0
2024-12-26,CUST_1015,Kolkata,9.4,16,2376.21,0,0,0.055,0
2024-12-26,CUST_1394,Delhi,7.8,0,3399.96,1,1,0.015,0
2024-12-26,CUST_1338,Mumbai,2.6,3,3852.7,5,0,0.074,0
2024-12-26,CUST_1283,Hyderabad,11.1,11,2765.97,6,0,0.052,0
2024-12-26,CUST_1070,Bangalore,8.9,22,1999.85,0,0,0.031,0
2024-12-26,CUST_1471,Kolkata,7.1,0,1154.67,3,0,0.024,0
2024-12-26,CUST_1351,Chennai,5.1,44,867.84,6,0,0.273,1
2024-12-26,CUST_1334,Bangalore,7.8,12,1687.59,0,1,0.075,0
2024-12-26,CUST_1251,Delhi,7.2,5,1914.44,0,0,0.046,0
2024-12-26,CUST_1242,Ahmedabad,9.4,13,1333.41,0,0,0.011,0
2024-12-26,CUST_1495,Kolkata,6.7,19,3433.25,10,0,0.251,0
2024-12-26,CUST_1064,Kolkata,7.6,7,804.53,0,0,0.042,0
2024-12-26,CUST_1437,Ahmedabad,4.9,7,2620.22,0,0,0.073,0
2024-12-26,CUST_1091,Ahmedabad,9.0,13,842.77,1,0,0.063,1
2024-12-26,CUST_1434,Pune,5.3,4,3385.24,3,0,0.038,0
2024-12-26,CUST_1247,Ahmedabad,9.0,22,3288.59,10,0,0.184,0
2024-12-26,CUST_1327,Delhi,8.7,21,1257.85,2,0,0.033,0
2024-12-26,CUST_1405,Pune,5.3,10,2542.83,0,0,0.058,0
2024-12-26,CUST_1045,Bangalore,8.2,7,3430.26,0,1,0.066,0
2024-12-26,CUST_1485,Ahmedabad,9.0,5,3798.02,10,1,0.154,0
2024-12-26,CUST_1259,Pune,8.7,0,4516.04,3,0,0.067,0
2024-12-26,CUST_1035,Ahmedabad,10.9,20,2467.82,0,0,0.046,0
2024-12-26,CUST_1339,Pune,7.9,5,4192.13,10,0,0.046,0
2024-12-26,CUST_1038,Kolkata,9.2,3,2728.06,0,0,0.032,0
2024-12-26,CUST_1332,Delhi,6.8,3,2799.68,6,0,0.013,0
2024-12-26,CUST_1051,Bangalore,7.3,2,2175.13,0,0,0.043,0
2024-12-26,CUST_1387,Kolkata,2.4,38,1233.56,15,0,0.336,0
2024-12-26,CUST_1094,Chennai,7.4,0,1871.89,1,0,0.041,0
2024-12-26,CUST_1244,Mumbai,7.1,0,3081.89,6,1,0.049,0
2024-12-26,CUST_1454,Chennai,7.7,13,3460.29,0,0,0.032,0
2024-12-26,CUST_1032,Ahmedabad,8.8,12,1888.29,8,0,0.053,0
2024-12-26,CUST_1012,Ahmedabad,7.4,48,2744.55,7,3,0.229,0
2024-12-26,CUST_1408,Chennai,7.3,12,3415.43,0,0,0.049,0
2024-12-26,CUST_1030,Pune,2.8,24,4740.68,4,0,0.074,0
2024-12-26,CUST_1300,Chennai,9.5,15,4011.66,0,0,0.027,0
2024-12-26,CUST_1401,Chennai,8.1,0,1455.35,0,0,0.057,0
2024-12-26,CUST_1186,Pune,7.9,11,954.71,0,0,0.021,0
2024-12-26,CUST_1232,Delhi,11.2,5,3266.37,0,0,0.031,0
2024-12-26,CUST_1381,Ahmedabad,1.6,4,3342.72,7,0,0.045,0
2024-12-26,CUST_1052,Chennai,4.9,0,1405.77,0,0,0.038,0
2024-12-26,CUST_1147,Chennai,11.0,13,517.45,7,0,0.06,0
2024-12-26,CUST_1194,Ahmedabad,5.9,13,2305.72,3,0,0.064,0
2024-12-26,CUST_1090,Delhi,6.6,0,4230.84,2,0,0.075,0
2024-12-26,CUST_1258,Ahmedabad,6.7,7,2674.53,0,0,0.08,0
2024-12-26,CUST_1055,Hyderabad,5.8,43,2908.46,21,2,0.319,0
2024-12-26,CUST_1422,Bangalore,8.4,15,753.23,8,0,0.07,0
2024-12-26,CUST_1343,Hyderabad,6.2,0,3319.0,0,0,0.016,0
2024-12-26,CUST_1036,Bangalore,10.0,26,2671.02,7,0,0.034,1
2024-12-26,CUST_1040,Chennai,7.1,0,1066.64,4,0,0.011,0
2024-12-26,CUST_1282,Delhi,7.8,0,1131.01,5,0,0.012,0
2024-12-26,CUST_1229,Chennai,4.2,0,822.3,1,0,0.015,0
2024-12-26,CUST_1346,Mumbai,11.3,13,2834.47,0,0,0.072,0
2024-12-26,CUST_1390,Mumbai,6.7,0,2577.2,0,0,0.05,0
2024-12-26,CUST_1291,Ahmedabad,8.6,0,930.25,8,0,0.074,0
2024-12-26,CUST_1203,Hyderabad,6.2,0,2875.36,0,0,0.039,0
2024-12-26,CUST_1367,Pune,4.9,32,3061.16,6,0,0.226,0
2024-12-26,CUST_1053,Kolkata,9.3,0,2095.66,0,0,0.029,0
2024-12-26,CUST_1317,Hyderabad,6.5,49,2789.62,11,2,0.314,0
2024-12-26,CUST_1066,Hyderabad,10.9,10,3751.33,8,0,0.067,0
2024-12-26,CUST_1002,Ahmedabad,10.4,17,2373.54,0,1,0.057,0
2024-12-26,CUST_1274,Kolkata,6.9,0,3268.68,3,0,0.048,0
2024-12-26,CUST_1499,Ahmedabad,5.3,0,3017.61,0,0,0.076,0
2024-12-26,CUST_1166,Pune,4.4,16,2698.38,10,0,0.072,0
2024-12-26,CUST_1009,Ahmedabad,4.7,29,4103.53,11,0,0.067,0
2024-12-26,CUST_1406,Ahmedabad,8.2,0,1648.37,1,0,0.072,0
2024-12-26,CUST_1022,Chennai,5.8,3,3353.32,4,1,0.079,1
2024-12-26,CUST_1084,Ahmedabad,6.8,0,847.72,3,0,0.022,0
2024-12-26,CUST_1448,Kolkata,8.8,46,447.99,6,2,0.306,0
2024-12-26,CUST_1357,Ahmedabad,10.1,13,2295.52,0,0,0.034,0
2024-12-26,CUST_1209,Ahmedabad,10.0,19,4821.32,4,0,0.05,0
2024-12-26,CUST_1345,Pune,2.8,2,4819.11,0,0,0.026,0
2024-12-26,CUST_1151,Chennai,6.4,0,4766.89,0,0,0.014,0
2024-12-26,CUST_1470,Chennai,8.2,0,2115.18,10,0,0.022,0
2024-12-26,CUST_1311,Pune,7.7,6,2643.69,0,0,0.043,0
2024-12-26,CUST_1061,Bangalore,5.5,15,2067.25,4,0,0.038,0
2024-12-26,CUST_1482,Ahmedabad,10.8,11,4226.84,1,0,0.016,0
2024-12-26,CUST_1221,Ahmedabad,8.0,0,2786.44,5,0,0.016,0
2024-12-26,CUST_1178,Ahmedabad,3.3,25,1165.24,7,0,0.275,0
2024-12-26,CUST_1025,Kolkata,9.4,0,1382.75,0,0,0.042,0
2024-12-26,CUST_1261,Ahmedabad,7.9,0,868.44,0,0,0.029,0
2024-12-26,CUST_1246,Ahmedabad,5.5,14,3458.46,2,0,0.071,0
2024-12-26,CUST_1029,Hyderabad,6.8,34,967.48,16,0,0.156,0
2024-12-26,CUST_1233,Kolkata,7.2,6,2284.62,0,0,0.02,0
2024-12-26,CUST_1298,Chennai,8.3,20,909.51,0,1,0.044,0
2024-12-26,CUST_1428,Ahmedabad,7.0,0,756.48,6,1,0.058,0
2024-12-26,CUST_1254,Bangalore,7.8,9,3295.07,0,0,0.063,0
2024-12-26,CUST_1440,Chennai,7.8,21,863.04,0,0,0.014,0
2024-12-26,CUST_1342,Mumbai,9.5,23,500.05,0,0,0.046,0
2024-12-26,CUST_1257,Delhi,9.6,9,2110.03,11,0,0.016,0
2024-12-26,CUST_1498,Mumbai,6.5,19,2356.38,6,0,0.045,0
2024-12-26,CUST_1152,Kolkata,7.5,3,3615.76,0,0,0.021,0
2024-12-26,CUST_1174,Delhi,5.0,14,1004.75,5,0,0.056,0
2024-12-26,CUST_1004,Ahmedabad,6.8,0,4442.99,10,0,0.037,0
2024-12-26,CUST_1392,Bangalore,9.8,0,3110.84,5,0,0.027,0
2024-12-26,CUST_1354,Hyderabad,8.2,0,3006.62,0,1,0.065,0
2024-12-26,CUST_1023,Bangalore,6.1,0,1778.37,3,0,0.01,0
2024-12-26,CUST_1226,Mumbai,5.8,11,1487.5,0,0,0.062,0
2024-12-26,CUST_1331,Hyderabad,5.6,0,1297.18,0,0,0.057,0
2024-12-26,CUST_1329,Delhi,7.8,2,1050.87,6,0,0.079,0
2024-12-26,CUST_1168,Chennai,7.4,10,4192.88,0,0,0.016,0
2024-12-26,CUST_1295,Hyderabad,3.3,3,2643.14,0,0,0.022,0
2024-12-26,CUST_1107,Delhi,10.6,22,1888.64,0,0,0.058,0
2024-12-26,CUST_1149,Bangalore,4.5,7,1528.38,5,0,0.079,0
2024-12-26,CUST_1313,Chennai,7.9,7,4448.91,0,0,0.035,0
2024-12-26,CUST_1158,Bangalore,9.9,11,3106.01,0,0,0.027,0
2024-12-26,CUST_1487,Hyderabad,7.5,21,4003.65,8,0,0.053,0
2024-12-26,CUST_1463,Mumbai,7.5,0,2368.13,4,0,0.04,0
2024-12-26,CUST_1077,Hyderabad,8.7,3,3559.99,0,0,0.026,0
2024-12-26,CUST_1228,Chennai,11.8,18,4156.37,0,0,0.056,0
2024-12-26,CUST_1227,Chennai,7.9,9,1213.49,0,0,0.017,0
2024-12-26,CUST_1207,Ahmedabad,7.0,16,2831.02,6,0,0.033,0
2024-12-26,CUST_1417,Mumbai,7.4,0,994.99,1,0,0.018,0
2024-12-26,CUST_1133,Delhi,8.5,11,3312.13,1,0,0.011,0
2024-12-26,CUST_1176,Ahmedabad,7.4,0,3557.59,2,0,0.062,0
2024-12-26,CUST_1411,Kolkata,6.4,0,3714.06,0,1,0.065,0
2024-12-26,CUST_1368,Kolkata,5.7,29,569.73,0,0,0.039,0
2024-12-26,CUST_1112,Ahmedabad,9.4,11,954.77,1,0,0.022,0
2024-12-26,CUST_1016,Delhi,10.4,0,540.46,0,0,0.032,0
2024-12-26,CUST_1449,Kolkata,4.9,0,4559.06,0,0,0.038,0
2024-12-26,CUST_1306,Kolkata,8.0,5,3873.36,5,0,0.051,0
2024-12-26,CUST_1117,Ahmedabad,9.1,7,3493.35,0,1,0.072,0
2024-12-26,CUST_1193,Bangalore,4.6,2,552.13,0,1,0.047,0
2024-12-26,CUST_1179,Pune,7.1,7,4447.34,3,0,0.039,0
2024-12-26,CUST_1050,Bangalore,5.3,12,2447.8,2,0,0.03,0
2024-12-26,CUST_1409,Pune,11.2,0,1100.65,7,0,0.018,0
2024-12-26,CUST_1356,Mumbai,8.0,0,3945.44,10,0,0.079,0
2024-12-26,CUST_1292,Pune,7.6,16,2869.98,8,1,0.041,0
2024-12-26,CUST_1309,Bangalore,8.0,52,2392.79,5,0,0.183,0
2024-12-26,CUST_1461,Pune,8.5,17,1700.54,5,0,0.062,0
2024-12-26,CUST_1266,Delhi,8.8,15,4163.66,5,0,0.049,0
2024-12-26,CUST_1171,Pune,10.2,0,1127.09,13,0,0.053,0
2024-12-26,CUST_1156,Pune,9.2,3,905.82,2,1,0.056,0
2024-12-26,CUST_1429,Chennai,8.4,0,4405.74,7,0,0.048,0
2024-12-26,CUST_1220,Kolkata,8.5,8,3699.67,0,0,0.044,0
2024-12-26,CUST_1075,Pune,4.8,16,2032.86,7,0,0.16,0
2024-12-26,CUST_1400,Pune,8.9,7,4407.31,0,1,0.072,0
2024-12-26,CUST_1181,Delhi,5.2,7,1238.7,5,1,0.071,0
