date,category,region,vendor_id,stock_level_pct,reorder_point_pct,stockout_risk,procurement_cost_index,demand_forecast_units,supply_gap_units,inventory_turnover_ratio,stock_shortage_incidents
2024-01-01,FMCG-Food,Kolkata,Vendor_H,32.1,25.8,0.0,1.113,15722,3148,8.18,0
2024-01-01,FMCG-Food,Chennai,Vendor_C,23.9,27.8,0.14,1.021,31675,584,4.18,0
2024-01-01,FMCG-Food,Pune,Vendor_N,59.0,39.1,0.0,1.02,40436,0,7.87,0
2024-01-01,FMCG-Food,Bangalore,Vendor_G,93.1,37.5,0.0,0.961,19886,0,5.8,0
2024-01-01,FMCG-Beverage,Pune,Vendor_B,26.2,36.5,0.282,1.227,14173,0,5.18,0
2024-01-01,FMCG-Beverage,Delhi,Vendor_F,70.4,39.2,0.0,1.064,12144,0,6.05,0
2024-01-01,FMCG-Beverage,Chennai,Vendor_F,66.6,35.6,0.0,1.133,14936,0,7.28,0
2024-01-01,FMCG-Beverage,Bangalore,Vendor_D,89.8,29.2,0.0,1.187,25428,0,5.93,0
2024-01-01,FMCG-Personal Care,Kolkata,Vendor_H,49.9,29.0,0.0,1.059,11919,0,3.37,0
2024-01-01,FMCG-Personal Care,Delhi,Vendor_F,49.1,29.0,0.0,1.205,18203,29,6.62,0
2024-01-01,FMCG-Personal Care,Mumbai,Vendor_I,49.1,35.4,0.0,0.907,14313,2104,8.13,0
2024-01-01,FMCG-Personal Care,Chennai,Vendor_M,85.0,36.4,0.0,1.062,6120,1822,4.68,0
2024-01-01,FMCG-Home Care,Bangalore,Vendor_M,26.6,28.0,0.05,0.938,22225,0,8.41,0
2024-01-01,FMCG-Home Care,Chennai,Vendor_C,80.3,29.8,0.0,1.114,5571,1461,2.64,0
2024-01-01,FMCG-Home Care,Hyderabad,Vendor_K,49.2,38.1,0.0,1.109,30699,0,4.46,0
2024-01-01,FMCG-Home Care,Mumbai,Vendor_H,92.2,37.7,0.0,0.941,13983,0,2.68,0
2024-01-01,FMCG-Health,Hyderabad,Vendor_N,24.3,26.5,0.083,1.154,34606,944,3.27,1
2024-01-01,FMCG-Health,Bangalore,Vendor_O,59.3,36.3,0.0,1.063,5154,0,7.62,0
2024-01-01,FMCG-Health,Mumbai,Vendor_C,48.9,30.1,0.0,0.922,26962,287,5.29,0
2024-01-01,FMCG-Health,Pune,Vendor_H,52.8,36.2,0.0,1.192,25954,0,4.14,0
2024-01-04,FMCG-Food,Hyderabad,Vendor_M,89.1,30.0,0.0,0.949,24465,183,8.0,0
2024-01-04,FMCG-Food,Ahmedabad,Vendor_D,35.3,38.5,0.084,1.033,23175,0,5.58,0
2024-01-04,FMCG-Food,Mumbai,Vendor_C,54.3,35.8,0.0,1.036,15385,0,6.15,0
2024-01-04,FMCG-Food,Pune,Vendor_K,85.9,32.3,0.0,0.862,38083,677,5.75,0
2024-01-04,FMCG-Beverage,Pune,Vendor_M,42.1,37.1,0.0,0.996,27470,408,7.76,0
2024-01-04,FMCG-Beverage,Delhi,Vendor_J,53.5,34.3,0.0,1.2,18027,0,7.59,0
2024-01-04,FMCG-Beverage,Chennai,Vendor_O,38.7,35.3,0.0,1.025,39405,0,4.85,0
2024-01-04,FMCG-Beverage,Bangalore,Vendor_G,85.2,29.0,0.0,1.085,38344,0,5.33,0
2024-01-04,FMCG-Personal Care,Delhi,Vendor_A,84.3,31.8,0.0,1.032,29762,0,7.58,0
2024-01-04,FMCG-Personal Care,Pune,Vendor_M,47.7,38.3,0.0,0.891,23627,0,2.59,0
2024-01-04,FMCG-Personal Care,Bangalore,Vendor_I,78.5,38.9,0.0,1.085,13889,0,3.41,0
2024-01-04,FMCG-Personal Care,Chennai,Vendor_I,82.0,31.9,0.0,1.11,8430,0,3.64,0
2024-01-04,FMCG-Home Care,Ahmedabad,Vendor_J,36.4,34.9,0.0,0.891,23957,2340,5.62,0
2024-01-04,FMCG-Home Care,Mumbai,Vendor_J,40.4,36.8,0.0,1.101,26623,919,4.48,0
2024-01-04,FMCG-Home Care,Hyderabad,Vendor_F,88.8,25.9,0.0,0.933,38238,0,5.11,0
2024-01-04,FMCG-Home Care,Delhi,Vendor_H,43.4,31.6,0.0,0.959,30534,1777,2.95,0
2024-01-04,FMCG-Health,Hyderabad,Vendor_C,63.4,30.0,0.0,0.875,19495,34,2.97,0
2024-01-04,FMCG-Health,Ahmedabad,Vendor_I,24.6,26.4,0.067,1.119,8963,0,4.43,0
2024-01-04,FMCG-Health,Delhi,Vendor_K,75.7,36.7,0.0,0.934,35383,3315,4.96,0
2024-01-04,FMCG-Health,Pune,Vendor_B,36.3,39.3,0.076,1.154,19575,2512,3.36,1
2024-01-07,FMCG-Food,Hyderabad,Vendor_C,80.2,34.0,0.0,1.047,35200,1757,4.79,0
2024-01-07,FMCG-Food,Kolkata,Vendor_E,72.7,39.9,0.0,0.867,24188,0,4.19,0
2024-01-07,FMCG-Food,Pune,Vendor_F,38.7,30.6,0.0,1.015,35953,2581,2.98,0
2024-01-07,FMCG-Food,Delhi,Vendor_I,52.3,27.1,0.0,1.069,16851,0,7.97,0
2024-01-07,FMCG-Beverage,Hyderabad,Vendor_L,74.0,29.1,0.0,1.213,7878,874,4.55,0
2024-01-07,FMCG-Beverage,Ahmedabad,Vendor_J,54.0,26.8,0.0,1.145,34283,0,5.14,0
2024-01-07,FMCG-Beverage,Delhi,Vendor_N,21.5,35.1,0.387,0.956,6472,0,6.83,2
2024-01-07,FMCG-Beverage,Pune,Vendor_N,89.1,33.5,0.0,1.04,6049,0,5.1,0
2024-01-07,FMCG-Personal Care,Mumbai,Vendor_I,69.3,37.3,0.0,1.212,16436,3988,8.02,0
2024-01-07,FMCG-Personal Care,Kolkata,Vendor_E,43.3,33.4,0.0,1.133,9128,0,3.87,0
2024-01-07,FMCG-Personal Care,Bangalore,Vendor_K,25.4,27.8,0.085,0.967,24542,0,8.04,2
2024-01-07,FMCG-Personal Care,Pune,Vendor_M,36.4,29.2,0.0,0.953,7856,1237,5.06,0
2024-01-07,FMCG-Home Care,Kolkata,Vendor_C,84.7,31.2,0.0,1.005,12684,2288,6.6,0
2024-01-07,FMCG-Home Care,Chennai,Vendor_H,71.2,31.0,0.0,1.171,17243,0,4.53,0
2024-01-07,FMCG-Home Care,Ahmedabad,Vendor_E,68.2,27.4,0.0,0.851,7752,0,3.21,0
2024-01-07,FMCG-Home Care,Mumbai,Vendor_O,29.2,29.2,0.003,1.052,9802,0,3.4,0
2024-01-07,FMCG-Health,Ahmedabad,Vendor_N,59.5,28.5,0.0,1.042,35101,2546,5.53,0
2024-01-07,FMCG-Health,Hyderabad,Vendor_D,50.4,27.0,0.0,0.895,32988,2085,7.89,0
2024-01-07,FMCG-Health,Chennai,Vendor_G,63.2,27.8,0.0,1.028,20007,0,7.55,0
2024-01-07,FMCG-Health,Mumbai,Vendor_D,65.2,35.7,0.0,0.893,39785,4746,5.24,0
2024-01-10,FMCG-Food,Delhi,Vendor_H,89.2,39.5,0.0,1.052,33390,0,2.72,0
2024-01-10,FMCG-Food,Bangalore,Vendor_K,43.1,31.0,0.0,1.108,17097,0,7.73,0
2024-01-10,FMCG-Food,Mumbai,Vendor_N,51.3,28.1,0.0,0.935,6739,4395,2.9,0
2024-01-10,FMCG-Food,Hyderabad,Vendor_E,30.1,30.7,0.02,0.918,6139,0,7.48,1
2024-01-10,FMCG-Beverage,Ahmedabad,Vendor_J,23.3,31.0,0.25,1.153,21715,0,7.91,1
2024-01-10,FMCG-Beverage,Hyderabad,Vendor_D,39.8,32.1,0.0,1.105,35309,509,5.22,0
2024-01-10,FMCG-Beverage,Delhi,Vendor_F,84.3,38.4,0.0,0.884,28973,0,3.17,0
2024-01-10,FMCG-Beverage,Bangalore,Vendor_I,28.1,33.9,0.171,1.188,21405,1481,5.08,0
2024-01-10,FMCG-Personal Care,Delhi,Vendor_B,74.4,29.5,0.0,0.926,29070,2823,7.72,0
2024-01-10,FMCG-Personal Care,Kolkata,Vendor_H,94.4,36.8,0.0,1.033,16637,3717,2.8,0
2024-01-10,FMCG-Personal Care,Chennai,Vendor_K,20.1,33.9,0.406,0.886,4827,0,2.94,0
2024-01-10,FMCG-Personal Care,Ahmedabad,Vendor_D,63.2,34.9,0.0,1.095,29040,324,3.62,0
2024-01-10,FMCG-Home Care,Chennai,Vendor_H,50.8,36.3,0.0,0.892,14053,1764,8.09,0
2024-01-10,FMCG-Home Care,Hyderabad,Vendor_H,79.5,29.6,0.0,0.871,40054,3726,4.77,0
2024-01-10,FMCG-Home Care,Kolkata,Vendor_O,54.8,25.9,0.0,1.075,19057,423,2.66,0
2024-01-10,FMCG-Home Care,Pune,Vendor_N,27.7,34.5,0.197,1.16,5089,0,3.95,1
2024-01-10,FMCG-Health,Pune,Vendor_L,31.8,30.0,0.0,1.098,30639,0,6.24,0
2024-01-10,FMCG-Health,Bangalore,Vendor_I,84.7,27.6,0.0,1.018,24686,0,7.7,0
2024-01-10,FMCG-Health,Kolkata,Vendor_M,48.0,39.1,0.0,1.241,28151,1192,5.92,0
2024-01-10,FMCG-Health,Mumbai,Vendor_I,20.8,33.9,0.386,0.877,6977,0,3.17,1
2024-01-13,FMCG-Food,Bangalore,Vendor_I,31.5,35.8,0.121,0.887,41631,0,7.58,1
2024-01-13,FMCG-Food,Hyderabad,Vendor_E,89.7,34.4,0.0,0.884,29951,0,8.26,0
2024-01-13,FMCG-Food,Delhi,Vendor_A,75.6,31.9,0.0,1.02,4850,540,6.47,0
2024-01-13,FMCG-Food,Ahmedabad,Vendor_H,89.8,26.3,0.0,0.966,14539,1028,6.68,0
2024-01-13,FMCG-Beverage,Chennai,Vendor_E,85.1,29.0,0.0,0.982,19806,648,5.54,0
2024-01-13,FMCG-Beverage,Ahmedabad,Vendor_F,62.0,33.6,0.0,0.94,35660,456,3.82,0
2024-01-13,FMCG-Beverage,Kolkata,Vendor_D,42.9,27.4,0.0,0.92,37395,0,7.68,0
2024-01-13,FMCG-Beverage,Hyderabad,Vendor_B,25.1,33.0,0.239,0.855,32014,0,4.31,0
2024-01-13,FMCG-Personal Care,Mumbai,Vendor_J,94.9,32.2,0.0,1.226,24809,1453,8.14,0
2024-01-13,FMCG-Personal Care,Bangalore,Vendor_K,61.9,39.1,0.0,1.168,17686,1071,5.5,0
2024-01-13,FMCG-Personal Care,Delhi,Vendor_M,55.3,29.0,0.0,1.101,41089,0,6.02,0
2024-01-13,FMCG-Personal Care,Kolkata,Vendor_E,61.0,26.7,0.0,1.195,25203,0,3.08,0
2024-01-13,FMCG-Home Care,Ahmedabad,Vendor_A,72.1,33.5,0.0,1.204,22625,0,3.13,0
2024-01-13,FMCG-Home Care,Delhi,Vendor_H,52.9,39.4,0.0,0.863,36052,0,3.23,0
2024-01-13,FMCG-Home Care,Kolkata,Vendor_M,65.6,34.9,0.0,0.898,35980,3153,3.85,0
2024-01-13,FMCG-Home Care,Pune,Vendor_F,39.4,38.2,0.0,1.132,33927,0,7.35,0
2024-01-13,FMCG-Health,Mumbai,Vendor_B,58.8,37.5,0.0,1.159,34114,0,5.12,0
2024-01-13,FMCG-Health,Hyderabad,Vendor_I,43.7,27.5,0.0,1.117,17154,0,6.97,0
2024-01-13,FMCG-Health,Bangalore,Vendor_C,69.7,37.9,0.0,0.925,39577,0,5.83,0
2024-01-13,FMCG-Health,Pune,Vendor_O,22.0,38.6,0.431,1.214,24839,1065,2.51,3
2024-01-16,FMCG-Food,Hyderabad,Vendor_C,59.0,28.9,0.0,0.943,28401,0,6.83,0
2024-01-16,FMCG-Food,Chennai,Vendor_M,70.8,35.9,0.0,0.946,34339,0,7.95,0
2024-01-16,FMCG-Food,Mumbai,Vendor_G,58.9,39.0,0.0,1.115,15205,2881,3.68,0
2024-01-16,FMCG-Food,Pune,Vendor_B,41.3,39.6,0.0,1.081,41083,2405,7.7,0
2024-01-16,FMCG-Beverage,Pune,Vendor_B,50.2,31.3,0.0,0.942,22258,0,7.02,0
2024-01-16,FMCG-Beverage,Chennai,Vendor_C,51.3,33.0,0.0,1.229,26013,2818,6.34,0
2024-01-16,FMCG-Beverage,Ahmedabad,Vendor_C,37.0,36.8,0.0,1.161,40515,0,2.74,0
2024-01-16,FMCG-Beverage,Hyderabad,Vendor_M,93.8,35.3,0.0,1.234,16799,0,6.63,0
2024-01-16,FMCG-Personal Care,Hyderabad,Vendor_J,29.9,31.1,0.038,0.884,10986,188,7.49,1
2024-01-16,FMCG-Personal Care,Kolkata,Vendor_C,64.3,30.4,0.0,1.073,5464,1678,8.45,0
2024-01-16,FMCG-Personal Care,Chennai,Vendor_H,58.8,38.0,0.0,1.087,24168,0,4.53,0
2024-01-16,FMCG-Personal Care,Ahmedabad,Vendor_J,45.9,30.5,0.0,0.913,34534,0,2.7,0
2024-01-16,FMCG-Home Care,Pune,Vendor_L,42.6,37.5,0.0,0.966,35790,0,4.32,0
2024-01-16,FMCG-Home Care,Delhi,Vendor_C,94.3,34.5,0.0,1.2,32530,702,2.71,0
2024-01-16,FMCG-Home Care,Chennai,Vendor_F,82.6,28.4,0.0,1.043,25872,1866,6.34,0
2024-01-16,FMCG-Home Care,Mumbai,Vendor_K,36.8,31.4,0.0,0.935,41998,1989,3.45,0
2024-01-16,FMCG-Health,Pune,Vendor_E,44.2,30.0,0.0,1.092,15675,0,5.57,0
2024-01-16,FMCG-Health,Delhi,Vendor_F,40.8,38.3,0.0,0.909,20903,0,4.15,0
2024-01-16,FMCG-Health,Kolkata,Vendor_E,26.3,30.7,0.144,1.248,8372,2490,5.76,3
2024-01-16,FMCG-Health,Hyderabad,Vendor_G,77.5,37.5,0.0,1.244,19570,571,3.17,0
2024-01-19,FMCG-Food,Chennai,Vendor_L,69.1,26.9,0.0,1.211,13462,0,6.18,0
2024-01-19,FMCG-Food,Bangalore,Vendor_O,53.3,26.9,0.0,1.096,38364,1762,4.77,0
2024-01-19,FMCG-Food,Hyderabad,Vendor_A,52.5,39.4,0.0,0.931,29841,0,7.48,0
2024-01-19,FMCG-Food,Pune,Vendor_L,26.1,26.2,0.007,1.107,37421,2644,5.48,0
2024-01-19,FMCG-Beverage,Mumbai,Vendor_D,57.8,27.2,0.0,1.123,24252,0,7.26,0
2024-01-19,FMCG-Beverage,Chennai,Vendor_N,92.1,37.9,0.0,0.969,20719,0,2.6,0
2024-01-19,FMCG-Beverage,Delhi,Vendor_O,31.9,34.1,0.064,1.211,11113,0,2.91,1
2024-01-19,FMCG-Beverage,Bangalore,Vendor_G,52.8,37.5,0.0,1.094,42090,0,7.98,0
2024-01-19,FMCG-Personal Care,Kolkata,Vendor_A,34.2,33.9,0.0,1.152,13162,3170,4.81,0
2024-01-19,FMCG-Personal Care,Hyderabad,Vendor_K,74.8,25.7,0.0,0.953,6111,2737,4.07,0
2024-01-19,FMCG-Personal Care,Chennai,Vendor_F,79.7,28.2,0.0,1.22,41583,0,2.65,0
2024-01-19,FMCG-Personal Care,Ahmedabad,Vendor_J,66.3,25.3,0.0,1.115,18248,636,3.44,0
2024-01-19,FMCG-Home Care,Delhi,Vendor_J,52.9,38.4,0.0,1.027,30782,31,5.38,0
2024-01-19,FMCG-Home Care,Pune,Vendor_G,94.4,33.9,0.0,0.881,40036,1311,3.93,0
2024-01-19,FMCG-Home Care,Kolkata,Vendor_N,26.2,36.6,0.283,0.898,6496,1702,5.34,1
2024-01-19,FMCG-Home Care,Hyderabad,Vendor_E,48.3,34.5,0.0,0.919,17505,2374,3.48,0
2024-01-19,FMCG-Health,Ahmedabad,Vendor_K,58.4,32.9,0.0,1.185,9263,0,6.1,0
2024-01-19,FMCG-Health,Mumbai,Vendor_N,40.1,29.7,0.0,1.114,16188,2904,3.43,0
2024-01-19,FMCG-Health,Delhi,Vendor_D,33.3,31.1,0.0,0.943,11972,3821,6.24,0
2024-01-19,FMCG-Health,Pune,Vendor_M,56.9,29.9,0.0,1.246,13610,0,5.64,0
2024-01-22,FMCG-Food,Mumbai,Vendor_D,71.4,39.9,0.0,1.247,25590,1374,8.33,0
2024-01-22,FMCG-Food,Delhi,Vendor_C,73.3,26.9,0.0,1.24,32453,1837,7.5,0
2024-01-22,FMCG-Food,Ahmedabad,Vendor_A,21.0,33.9,0.38,0.944,9104,729,7.34,0
2024-01-22,FMCG-Food,Bangalore,Vendor_K,60.9,36.9,0.0,0.851,16862,270,6.99,0
2024-01-22,FMCG-Beverage,Hyderabad,Vendor_H,31.7,39.8,0.202,0.935,11578,0,7.31,1
2024-01-22,FMCG-Beverage,Ahmedabad,Vendor_E,24.9,31.8,0.217,0.861,39227,0,7.38,2
2024-01-22,FMCG-Beverage,Chennai,Vendor_G,45.7,38.3,0.0,0.892,19675,48,5.47,0
2024-01-22,FMCG-Beverage,Mumbai,Vendor_C,36.2,39.5,0.083,1.219,37647,0,7.89,0
2024-01-22,FMCG-Personal Care,Hyderabad,Vendor_O,43.1,39.4,0.0,0.927,28521,0,3.34,0
2024-01-22,FMCG-Personal Care,Pune,Vendor_F,37.3,27.2,0.0,1.163,29491,0,3.42,0
2024-01-22,FMCG-Personal Care,Bangalore,Vendor_L,57.4,35.2,0.0,0.896,8012,0,4.56,0
2024-01-22,FMCG-Personal Care,Kolkata,Vendor_O,27.8,34.1,0.185,0.988,36646,0,7.76,0
2024-01-22,FMCG-Home Care,Delhi,Vendor_B,50.8,33.5,0.0,1.029,17604,1236,3.54,0
2024-01-22,FMCG-Home Care,Chennai,Vendor_L,30.2,32.0,0.056,0.937,8229,2786,2.8,1
2024-01-22,FMCG-Home Care,Mumbai,Vendor_D,44.0,36.1,0.0,1.22,32665,2139,4.22,0
2024-01-22,FMCG-Home Care,Bangalore,Vendor_A,21.7,27.4,0.209,1.088,16249,0,5.15,0
2024-01-22,FMCG-Health,Chennai,Vendor_J,27.4,26.4,0.0,0.927,31185,2771,7.74,0
2024-01-22,FMCG-Health,Ahmedabad,Vendor_G,90.9,31.3,0.0,0.973,19123,0,3.02,0
2024-01-22,FMCG-Health,Delhi,Vendor_G,89.1,28.0,0.0,1.24,27928,0,6.57,0
2024-01-22,FMCG-Health,Pune,Vendor_E,33.7,32.3,0.0,0.936,40499,3442,7.58,0
2024-01-25,FMCG-Food,Delhi,Vendor_G,87.6,25.4,0.0,0.912,16105,0,7.57,0
2024-01-25,FMCG-Food,Ahmedabad,Vendor_D,40.7,34.6,0.0,1.066,23135,1073,5.58,0
2024-01-25,FMCG-Food,Hyderabad,Vendor_K,54.9,38.9,0.0,0.871,14977,0,3.35,0
2024-01-25,FMCG-Food,Mumbai,Vendor_L,68.7,26.4,0.0,0.882,14584,35,3.75,0
2024-01-25,FMCG-Beverage,Mumbai,Vendor_L,94.4,25.3,0.0,1.219,35501,736,2.5,0
2024-01-25,FMCG-Beverage,Ahmedabad,Vendor_H,52.4,30.3,0.0,1.123,24349,0,7.32,0
2024-01-25,FMCG-Beverage,Kolkata,Vendor_M,28.2,27.9,0.0,1.001,6255,2637,6.23,0
2024-01-25,FMCG-Beverage,Hyderabad,Vendor_A,68.9,34.5,0.0,0.907,5112,0,8.3,0
2024-01-25,FMCG-Personal Care,Mumbai,Vendor_B,29.2,32.7,0.109,1.088,40334,0,5.32,0
2024-01-25,FMCG-Personal Care,Ahmedabad,Vendor_G,48.2,29.8,0.0,0.933,32486,0,6.04,0
2024-01-25,FMCG-Personal Care,Kolkata,Vendor_F,80.6,35.8,0.0,0.903,22703,1245,6.1,0
2024-01-25,FMCG-Personal Care,Bangalore,Vendor_M,57.2,37.1,0.0,0.858,29493,0,4.75,0
2024-01-25,FMCG-Home Care,Chennai,Vendor_F,55.5,29.1,0.0,0.861,38338,1749,7.87,0
2024-01-25,FMCG-Home Care,Ahmedabad,Vendor_D,37.6,33.8,0.0,0.956,9555,1190,6.78,0
2024-01-25,FMCG-Home Care,Delhi,Vendor_F,94.8,28.2,0.0,1.118,7791,2621,5.19,0
2024-01-25,FMCG-Home Care,Bangalore,Vendor_K,61.5,28.5,0.0,1.244,30663,0,2.76,0
2024-01-25,FMCG-Health,Hyderabad,Vendor_M,44.2,28.0,0.0,0.983,29098,1906,7.84,0
2024-01-25,FMCG-Health,Pune,Vendor_A,53.4,26.2,0.0,0.962,27922,0,8.37,0
2024-01-25,FMCG-Health,Kolkata,Vendor_O,62.7,37.5,0.0,1.076,9534,0,4.6,0
2024-01-25,FMCG-Health,Mumbai,Vendor_F,71.3,39.5,0.0,1.226,9097,0,2.8,0
2024-01-28,FMCG-Food,Pune,Vendor_F,77.8,26.9,0.0,1.074,40874,708,2.56,0
2024-01-28,FMCG-Food,Chennai,Vendor_N,85.6,34.6,0.0,0.957,21990,2650,4.89,0
2024-01-28,FMCG-Food,Kolkata,Vendor_O,84.9,37.8,0.0,1.063,34868,2340,5.22,0
2024-01-28,FMCG-Food,Mumbai,Vendor_J,63.5,32.6,0.0,1.187,17907,719,7.78,0
2024-01-28,FMCG-Beverage,Kolkata,Vendor_I,23.4,31.9,0.267,0.907,28089,0,2.85,4
2024-01-28,FMCG-Beverage,Ahmedabad,Vendor_D,72.2,29.3,0.0,0.978,5777,0,3.52,0
2024-01-28,FMCG-Beverage,Hyderabad,Vendor_E,60.4,33.7,0.0,0.887,20264,0,3.91,0
2024-01-28,FMCG-Beverage,Delhi,Vendor_O,53.8,28.1,0.0,1.026,11861,598,7.29,0
2024-01-28,FMCG-Personal Care,Chennai,Vendor_N,88.9,37.7,0.0,1.103,38271,2004,7.18,0
2024-01-28,FMCG-Personal Care,Mumbai,Vendor_B,64.7,27.6,0.0,0.912,24291,1186,4.13,0
2024-01-28,FMCG-Personal Care,Ahmedabad,Vendor_F,61.9,36.1,0.0,1.204,24254,118,3.98,0
2024-01-28,FMCG-Personal Care,Pune,Vendor_N,49.6,31.9,0.0,1.17,9435,1130,3.98,0
2024-01-28,FMCG-Home Care,Ahmedabad,Vendor_L,45.6,32.6,0.0,0.903,24153,0,5.06,0
2024-01-28,FMCG-Home Care,Bangalore,Vendor_A,41.4,35.3,0.0,0.974,11584,2088,8.47,0
2024-01-28,FMCG-Home Care,Delhi,Vendor_B,52.6,27.3,0.0,0.961,39458,2694,7.29,0
2024-01-28,FMCG-Home Care,Chennai,Vendor_I,41.6,31.5,0.0,1.18,23977,0,3.85,0
2024-01-28,FMCG-Health,Bangalore,Vendor_H,60.9,30.7,0.0,1.178,11123,2231,7.51,0
2024-01-28,FMCG-Health,Mumbai,Vendor_B,36.9,39.0,0.054,0.962,13798,4474,4.66,0
2024-01-28,FMCG-Health,Pune,Vendor_J,45.0,30.2,0.0,1.075,9117,1051,6.61,0
2024-01-28,FMCG-Health,Chennai,Vendor_M,51.8,38.3,0.0,0.921,38325,0,8.19,0
2024-01-31,FMCG-Food,Bangalore,Vendor_A,90.1,27.6,0.0,1.044,42133,2086,5.43,0
2024-01-31,FMCG-Food,Pune,Vendor_I,59.5,36.5,0.0,0.952,37286,1649,6.4,0
2024-01-31,FMCG-Food,Ahmedabad,Vendor_L,64.9,38.6,0.0,1.085,39621,0,3.72,0
2024-01-31,FMCG-Food,Mumbai,Vendor_I,60.3,27.2,0.0,1.136,34623,0,3.5,0
2024-01-31,FMCG-Beverage,Pune,Vendor_G,37.1,37.0,0.0,1.243,40468,0,6.55,0
2024-01-31,FMCG-Beverage,Delhi,Vendor_I,82.5,37.1,0.0,0.883,23283,405,6.71,0
2024-01-31,FMCG-Beverage,Chennai,Vendor_E,86.2,27.3,0.0,1.234,14213,0,4.91,0
2024-01-31,FMCG-Beverage,Ahmedabad,Vendor_L,93.5,30.7,0.0,0.973,32782,1857,5.44,0
2024-01-31,FMCG-Personal Care,Chennai,Vendor_E,39.4,34.0,0.0,1.236,11597,1403,2.96,0
2024-01-31,FMCG-Personal Care,Delhi,Vendor_N,81.4,33.3,0.0,1.017,33946,374,4.9,0
2024-01-31,FMCG-Personal Care,Ahmedabad,Vendor_D,42.8,31.3,0.0,1.161,4739,381,5.45,0
2024-01-31,FMCG-Personal Care,Pune,Vendor_J,67.0,29.2,0.0,1.185,31816,2844,3.65,0
2024-01-31,FMCG-Home Care,Chennai,Vendor_J,75.3,39.1,0.0,0.865,12218,0,2.52,0
2024-01-31,FMCG-Home Care,Delhi,Vendor_B,20.3,39.3,0.482,1.118,41845,0,8.01,1
2024-01-31,FMCG-Home Care,Ahmedabad,Vendor_O,27.4,33.0,0.172,1.248,17010,124,3.07,0
2024-01-31,FMCG-Home Care,Bangalore,Vendor_L,62.9,31.9,0.0,0.889,23692,0,4.19,0
2024-01-31,FMCG-Health,Bangalore,Vendor_L,54.4,26.9,0.0,0.917,12138,2356,4.7,0
2024-01-31,FMCG-Health,Mumbai,Vendor_E,48.3,37.7,0.0,0.901,34182,0,3.33,0
2024-01-31,FMCG-Health,Kolkata,Vendor_M,28.6,32.8,0.13,0.892,23487,0,4.28,0
2024-01-31,FMCG-Health,Pune,Vendor_J,91.8,37.1,0.0,1.244,40988,2588,4.19,0
2024-02-03,FMCG-Food,Hyderabad,Vendor_J,29.4,30.7,0.041,1.042,28966,874,6.72,0
2024-02-03,FMCG-Food,Pune,Vendor_M,84.1,25.0,0.0,1.177,20073,713,4.29,0
2024-02-03,FMCG-Food,Kolkata,Vendor_M,28.7,34.5,0.169,1.06,7772,0,4.68,0
2024-02-03,FMCG-Food,Delhi,Vendor_E,24.6,36.5,0.325,0.884,28776,0,2.91,0
2024-02-03,FMCG-Beverage,Kolkata,Vendor_A,30.7,32.6,0.06,0.937,38679,0,2.8,1
2024-02-03,FMCG-Beverage,Chennai,Vendor_F,60.8,30.5,0.0,1.255,11588,0,5.12,0
2024-02-03,FMCG-Beverage,Ahmedabad,Vendor_J,74.9,33.0,0.0,1.118,17645,0,4.98,0
2024-02-03,FMCG-Beverage,Pune,Vendor_A,72.2,26.7,0.0,1.21,7148,1095,4.03,0
2024-02-03,FMCG-Personal Care,Ahmedabad,Vendor_D,66.0,31.6,0.0,1.145,18261,1264,2.52,0
2024-02-03,FMCG-Personal Care,Bangalore,Vendor_D,73.4,29.3,0.0,1.132,32306,0,3.29,0
2024-02-03,FMCG-Personal Care,Chennai,Vendor_J,31.1,32.8,0.052,0.877,23607,1748,5.43,1
2024-02-03,FMCG-Personal Care,Kolkata,Vendor_E,38.9,28.1,0.0,1.085,16951,0,6.89,0
2024-02-03,FMCG-Home Care,Mumbai,Vendor_O,44.9,30.5,0.0,1.248,13502,0,7.26,0
2024-02-03,FMCG-Home Care,Kolkata,Vendor_E,26.3,25.6,0.0,1.202,16362,0,7.69,0
2024-02-03,FMCG-Home Care,Chennai,Vendor_H,42.8,39.6,0.0,1.233,14632,0,3.21,0
2024-02-03,FMCG-Home Care,Delhi,Vendor_K,32.6,36.2,0.1,0.996,34359,0,7.47,0
2024-02-03,FMCG-Health,Chennai,Vendor_J,63.1,27.7,0.0,0.91,19969,0,6.03,0
2024-02-03,FMCG-Health,Hyderabad,Vendor_C,85.9,37.7,0.0,0.868,17251,0,5.92,0
2024-02-03,FMCG-Health,Bangalore,Vendor_M,65.9,30.3,0.0,0.919,9689,1647,4.46,0
2024-02-03,FMCG-Health,Kolkata,Vendor_M,94.2,34.8,0.0,1.041,11460,3397,4.33,0
2024-02-06,FMCG-Food,Bangalore,Vendor_C,91.3,36.0,0.0,1.161,26930,208,6.9,0
2024-02-06,FMCG-Food,Ahmedabad,Vendor_O,32.2,32.0,0.0,1.054,26744,0,3.99,0
2024-02-06,FMCG-Food,Hyderabad,Vendor_N,88.2,27.4,0.0,0.886,27586,1979,7.07,0
2024-02-06,FMCG-Food,Kolkata,Vendor_N,75.0,30.5,0.0,1.077,18449,4142,5.0,0
2024-02-06,FMCG-Beverage,Kolkata,Vendor_O,62.5,39.1,0.0,1.014,27727,2427,7.46,0
2024-02-06,FMCG-Beverage,Chennai,Vendor_I,36.8,32.7,0.0,1.136,9548,2691,5.5,0
2024-02-06,FMCG-Beverage,Ahmedabad,Vendor_C,29.9,25.1,0.0,0.93,8591,0,4.36,0
2024-02-06,FMCG-Beverage,Mumbai,Vendor_J,43.3,27.4,0.0,1.164,7532,0,7.7,0
2024-02-06,FMCG-Personal Care,Bangalore,Vendor_L,25.1,29.0,0.134,1.054,27221,2414,7.7,0
2024-02-06,FMCG-Personal Care,Ahmedabad,Vendor_N,93.1,35.9,0.0,1.085,26685,0,4.37,0
2024-02-06,FMCG-Personal Care,Pune,Vendor_M,44.0,35.7,0.0,0.893,37633,0,4.71,0
2024-02-06,FMCG-Personal Care,Mumbai,Vendor_J,77.4,29.4,0.0,1.045,23165,0,3.97,0
2024-02-06,FMCG-Home Care,Pune,Vendor_N,45.2,39.4,0.0,0.968,37146,0,3.54,0
2024-02-06,FMCG-Home Care,Hyderabad,Vendor_K,66.8,29.7,0.0,1.123,14088,518,7.27,0
2024-02-06,FMCG-Home Care,Mumbai,Vendor_A,86.1,38.8,0.0,0.89,12712,4310,4.66,0
2024-02-06,FMCG-Home Care,Kolkata,Vendor_N,63.2,26.5,0.0,0.869,5310,0,4.65,0
2024-02-06,FMCG-Health,Delhi,Vendor_J,78.9,33.2,0.0,1.253,21223,2593,5.57,0
2024-02-06,FMCG-Health,Chennai,Vendor_A,71.7,30.3,0.0,0.878,31303,0,4.26,0
2024-02-06,FMCG-Health,Pune,Vendor_E,53.6,30.8,0.0,1.032,27342,0,3.65,0
2024-02-06,FMCG-Health,Bangalore,Vendor_L,81.0,29.3,0.0,0.978,33937,1974,7.67,0
2024-02-09,FMCG-Food,Chennai,Vendor_G,88.9,26.8,0.0,1.045,21576,0,7.65,0
2024-02-09,FMCG-Food,Hyderabad,Vendor_F,65.9,28.8,0.0,1.072,11978,2542,5.93,0
2024-02-09,FMCG-Food,Kolkata,Vendor_D,65.9,26.4,0.0,0.947,23162,2941,5.29,0
2024-02-09,FMCG-Food,Bangalore,Vendor_C,35.0,32.1,0.0,0.918,19750,0,7.82,0
2024-02-09,FMCG-Beverage,Bangalore,Vendor_K,34.2,31.7,0.0,1.241,19804,2686,7.49,0
2024-02-09,FMCG-Beverage,Ahmedabad,Vendor_J,89.2,38.7,0.0,0.991,35457,0,8.35,0
2024-02-09,FMCG-Beverage,Hyderabad,Vendor_A,61.3,38.2,0.0,0.892,20606,0,4.56,0
2024-02-09,FMCG-Beverage,Pune,Vendor_H,90.5,32.3,0.0,0.958,35303,2144,4.48,0
2024-02-09,FMCG-Personal Care,Pune,Vendor_O,61.2,27.2,0.0,1.244,38625,0,5.72,0
2024-02-09,FMCG-Personal Care,Chennai,Vendor_H,35.3,35.4,0.001,0.975,17867,0,3.25,0
2024-02-09,FMCG-Personal Care,Delhi,Vendor_L,32.9,28.9,0.0,1.013,14979,2499,8.4,0
2024-02-09,FMCG-Personal Care,Kolkata,Vendor_M,83.6,27.2,0.0,0.959,18841,0,7.23,0
2024-02-09,FMCG-Home Care,Bangalore,Vendor_F,77.4,31.4,0.0,1.111,20371,1853,6.03,0
2024-02-09,FMCG-Home Care,Hyderabad,Vendor_M,22.0,35.7,0.384,1.092,26507,0,3.26,0
2024-02-09,FMCG-Home Care,Delhi,Vendor_H,31.4,28.9,0.0,1.107,38377,633,7.17,0
2024-02-09,FMCG-Home Care,Pune,Vendor_I,70.2,36.6,0.0,0.958,30955,0,3.98,0
2024-02-09,FMCG-Health,Ahmedabad,Vendor_D,25.4,30.1,0.157,1.229,7797,460,7.98,0
2024-02-09,FMCG-Health,Bangalore,Vendor_A,33.2,26.5,0.0,1.022,15131,0,8.06,0
2024-02-09,FMCG-Health,Delhi,Vendor_K,52.2,32.5,0.0,1.2,8257,4054,6.36,0
2024-02-09,FMCG-Health,Hyderabad,Vendor_A,56.0,34.0,0.0,1.001,11721,783,4.06,0
2024-02-12,FMCG-Food,Chennai,Vendor_K,27.8,26.6,0.0,0.985,25853,100,8.2,0
2024-02-12,FMCG-Food,Mumbai,Vendor_G,21.9,29.9,0.267,1.034,39766,2419,5.45,1
2024-02-12,FMCG-Food,Pune,Vendor_K,48.6,28.1,0.0,1.185,15005,3514,8.46,0
2024-02-12,FMCG-Food,Bangalore,Vendor_H,76.7,31.5,0.0,0.906,5242,65,5.33,0
2024-02-12,FMCG-Beverage,Mumbai,Vendor_H,72.8,36.8,0.0,0.905,39218,0,2.74,0
2024-02-12,FMCG-Beverage,Chennai,Vendor_F,32.6,35.6,0.085,1.02,5721,3790,3.1,0
2024-02-12,FMCG-Beverage,Pune,Vendor_M,39.3,33.1,0.0,0.988,35884,1424,6.36,0
2024-02-12,FMCG-Beverage,Ahmedabad,Vendor_B,64.8,39.6,0.0,1.216,29232,0,6.5,0
2024-02-12,FMCG-Personal Care,Pune,Vendor_J,23.2,34.4,0.327,0.932,22633,0,3.29,1
2024-02-12,FMCG-Personal Care,Chennai,Vendor_O,55.9,26.4,0.0,1.223,36776,0,3.01,0
2024-02-12,FMCG-Personal Care,Ahmedabad,Vendor_F,90.3,37.5,0.0,0.957,11504,0,2.58,0
2024-02-12,FMCG-Personal Care,Delhi,Vendor_K,42.3,39.0,0.0,0.93,31678,438,5.49,0
2024-02-12,FMCG-Home Care,Mumbai,Vendor_K,39.4,33.8,0.0,1.106,31240,0,6.32,0
2024-02-12,FMCG-Home Care,Ahmedabad,Vendor_F,91.6,26.5,0.0,0.989,23785,0,8.4,0
2024-02-12,FMCG-Home Care,Pune,Vendor_I,34.2,29.6,0.0,0.866,39187,0,7.83,0
2024-02-12,FMCG-Home Care,Bangalore,Vendor_I,42.5,30.6,0.0,1.162,38046,442,7.08,0
2024-02-12,FMCG-Health,Mumbai,Vendor_N,43.6,27.8,0.0,1.159,9324,1012,4.87,0
2024-02-12,FMCG-Health,Kolkata,Vendor_G,33.8,32.8,0.0,1.141,15812,799,4.88,0
2024-02-12,FMCG-Health,Bangalore,Vendor_O,91.9,28.1,0.0,1.156,37953,2807,6.3,0
2024-02-12,FMCG-Health,Ahmedabad,Vendor_L,88.8,25.9,0.0,1.211,39908,4381,4.86,0
2024-02-15,FMCG-Food,Delhi,Vendor_I,90.9,39.8,0.0,1.032,7284,0,3.05,0
2024-02-15,FMCG-Food,Ahmedabad,Vendor_H,66.7,36.8,0.0,0.897,4956,0,3.07,0
2024-02-15,FMCG-Food,Chennai,Vendor_E,52.7,35.3,0.0,0.873,13405,1486,7.68,0
2024-02-15,FMCG-Food,Bangalore,Vendor_F,38.6,29.3,0.0,0.983,20199,0,3.81,0
2024-02-15,FMCG-Beverage,Bangalore,Vendor_H,86.5,26.8,0.0,1.217,34832,0,5.24,0
2024-02-15,FMCG-Beverage,Kolkata,Vendor_D,29.3,31.9,0.082,1.084,33027,0,7.71,0
2024-02-15,FMCG-Beverage,Hyderabad,Vendor_A,58.0,37.1,0.0,1.22,5732,2468,4.37,0
2024-02-15,FMCG-Beverage,Pune,Vendor_D,39.9,34.4,0.0,0.893,6423,625,3.06,0
2024-02-15,FMCG-Personal Care,Kolkata,Vendor_A,49.1,36.6,0.0,0.884,6209,0,6.25,0
2024-02-15,FMCG-Personal Care,Pune,Vendor_K,35.9,29.8,0.0,0.933,7205,0,2.78,0
2024-02-15,FMCG-Personal Care,Delhi,Vendor_E,92.2,35.7,0.0,0.899,7472,0,7.35,0
2024-02-15,FMCG-Personal Care,Bangalore,Vendor_C,78.7,34.7,0.0,1.063,13587,1248,3.46,0
2024-02-15,FMCG-Home Care,Pune,Vendor_F,82.8,33.8,0.0,0.904,17778,544,7.65,0
2024-02-15,FMCG-Home Care,Bangalore,Vendor_N,22.0,31.0,0.292,0.909,33704,0,4.43,1
2024-02-15,FMCG-Home Care,Delhi,Vendor_L,39.5,26.7,0.0,0.975,4404,0,5.56,0
2024-02-15,FMCG-Home Care,Mumbai,Vendor_L,44.6,36.9,0.0,1.001,34208,0,2.66,0
2024-02-15,FMCG-Health,Bangalore,Vendor_L,25.2,36.0,0.301,1.246,4921,2381,8.45,3
2024-02-15,FMCG-Health,Ahmedabad,Vendor_E,40.8,27.2,0.0,0.971,17502,0,6.02,0
2024-02-15,FMCG-Health,Hyderabad,Vendor_F,64.0,26.0,0.0,1.154,24647,0,2.98,0
2024-02-15,FMCG-Health,Chennai,Vendor_M,70.3,29.5,0.0,1.151,37968,419,5.87,0
2024-02-18,FMCG-Food,Ahmedabad,Vendor_C,91.2,25.9,0.0,0.996,16375,2733,4.62,0
2024-02-18,FMCG-Food,Hyderabad,Vendor_I,37.3,27.5,0.0,0.946,6802,2692,6.22,0
2024-02-18,FMCG-Food,Kolkata,Vendor_C,67.2,28.8,0.0,1.043,23762,4782,6.94,0
2024-02-18,FMCG-Food,Bangalore,Vendor_I,82.2,26.3,0.0,0.892,25125,0,7.52,0
2024-02-18,FMCG-Beverage,Mumbai,Vendor_L,87.5,37.1,0.0,0.922,4452,327,5.56,0
2024-02-18,FMCG-Beverage,Bangalore,Vendor_L,61.4,29.0,0.0,1.119,29938,0,4.35,0
2024-02-18,FMCG-Beverage,Pune,Vendor_N,82.2,38.6,0.0,0.98,23186,0,3.24,0
2024-02-18,FMCG-Beverage,Hyderabad,Vendor_G,55.9,38.3,0.0,1.193,22812,0,8.28,0
2024-02-18,FMCG-Personal Care,Pune,Vendor_G,75.1,35.0,0.0,1.116,35896,1820,2.75,0
2024-02-18,FMCG-Personal Care,Kolkata,Vendor_M,49.1,33.9,0.0,1.016,31558,1053,2.57,0
2024-02-18,FMCG-Personal Care,Mumbai,Vendor_N,47.5,27.4,0.0,0.989,22083,1038,4.77,0
2024-02-18,FMCG-Personal Care,Chennai,Vendor_J,38.1,30.4,0.0,1.252,23670,894,4.8,0
2024-02-18,FMCG-Home Care,Pune,Vendor_J,81.6,39.8,0.0,0.934,29587,0,6.82,0
2024-02-18,FMCG-Home Care,Ahmedabad,Vendor_H,20.7,38.6,0.464,0.882,16071,0,4.77,6
2024-02-18,FMCG-Home Care,Hyderabad,Vendor_C,73.3,25.1,0.0,1.056,21170,0,6.78,0
2024-02-18,FMCG-Home Care,Kolkata,Vendor_K,57.4,39.4,0.0,1.075,28563,0,7.19,0
2024-02-18,FMCG-Health,Kolkata,Vendor_M,51.3,38.2,0.0,1.139,28106,0,8.24,0
2024-02-18,FMCG-Health,Bangalore,Vendor_F,75.9,29.0,0.0,1.202,38729,3889,3.13,0
2024-02-18,FMCG-Health,Delhi,Vendor_E,23.6,33.9,0.303,0.976,31868,0,4.83,2
2024-02-18,FMCG-Health,Ahmedabad,Vendor_K,26.2,36.3,0.278,1.184,33968,0,3.28,0
2024-02-21,FMCG-Food,Bangalore,Vendor_H,91.8,26.3,0.0,1.133,5255,0,6.05,0
2024-02-21,FMCG-Food,Chennai,Vendor_A,87.1,34.8,0.0,1.224,23279,555,7.4,0
2024-02-21,FMCG-Food,Pune,Vendor_A,21.0,31.0,0.323,0.988,5746,1244,3.61,0
2024-02-21,FMCG-Food,Mumbai,Vendor_D,52.4,28.8,0.0,0.89,10671,798,7.51,0
2024-02-21,FMCG-Beverage,Hyderabad,Vendor_F,88.5,30.8,0.0,1.185,36169,3554,7.77,0
2024-02-21,FMCG-Beverage,Bangalore,Vendor_J,42.1,35.0,0.0,1.168,27353,557,6.16,0
2024-02-21,FMCG-Beverage,Chennai,Vendor_K,43.3,34.1,0.0,1.217,18259,27,4.21,0
2024-02-21,FMCG-Beverage,Mumbai,Vendor_O,58.8,28.4,0.0,1.218,5801,1665,3.83,0
2024-02-21,FMCG-Personal Care,Delhi,Vendor_J,33.0,26.2,0.0,0.893,15512,496,4.89,0
2024-02-21,FMCG-Personal Care,Hyderabad,Vendor_B,70.8,39.4,0.0,1.161,8701,0,4.16,0
2024-02-21,FMCG-Personal Care,Pune,Vendor_I,59.1,28.1,0.0,1.12,14125,0,7.85,0
2024-02-21,FMCG-Personal Care,Kolkata,Vendor_I,22.1,39.6,0.443,0.944,31720,1272,7.68,4
2024-02-21,FMCG-Home Care,Bangalore,Vendor_D,62.8,36.2,0.0,1.099,37035,1056,4.37,0
2024-02-21,FMCG-Home Care,Ahmedabad,Vendor_F,80.4,27.4,0.0,1.177,23348,812,5.25,0
2024-02-21,FMCG-Home Care,Chennai,Vendor_B,71.3,35.2,0.0,0.957,35871,0,3.93,0
2024-02-21,FMCG-Home Care,Pune,Vendor_K,72.7,36.5,0.0,1.255,4113,1411,8.18,0
2024-02-21,FMCG-Health,Ahmedabad,Vendor_H,72.1,39.5,0.0,1.184,21473,3676,5.89,0
2024-02-21,FMCG-Health,Pune,Vendor_J,43.1,30.8,0.0,1.027,4810,0,2.95,0
2024-02-21,FMCG-Health,Mumbai,Vendor_H,91.9,31.2,0.0,1.167,9583,0,7.42,0
2024-02-21,FMCG-Health,Delhi,Vendor_J,66.4,33.3,0.0,1.22,38366,60,4.9,0
2024-02-24,FMCG-Food,Kolkata,Vendor_E,48.6,25.8,0.0,0.956,39070,1360,6.37,0
2024-02-24,FMCG-Food,Ahmedabad,Vendor_E,51.5,38.3,0.0,0.972,20951,0,7.58,0
2024-02-24,FMCG-Food,Mumbai,Vendor_O,31.0,33.2,0.066,0.997,27387,2268,7.74,1
2024-02-24,FMCG-Food,Delhi,Vendor_L,23.8,29.0,0.179,1.116,38064,521,3.49,0
2024-02-24,FMCG-Beverage,Bangalore,Vendor_G,63.3,32.0,0.0,0.998,33522,2023,7.43,0
2024-02-24,FMCG-Beverage,Delhi,Vendor_B,71.8,25.9,0.0,1.103,16766,0,7.05,0
2024-02-24,FMCG-Beverage,Kolkata,Vendor_A,42.5,39.0,0.0,1.098,12418,0,4.58,0
2024-02-24,FMCG-Beverage,Mumbai,Vendor_F,49.3,27.4,0.0,0.97,19728,0,5.76,0
2024-02-24,FMCG-Personal Care,Bangalore,Vendor_D,91.8,38.6,0.0,1.116,34620,0,8.34,0
2024-02-24,FMCG-Personal Care,Pune,Vendor_E,34.0,28.4,0.0,0.935,36275,2687,5.41,0
2024-02-24,FMCG-Personal Care,Chennai,Vendor_G,73.1,30.5,0.0,1.195,5303,294,8.5,0
2024-02-24,FMCG-Personal Care,Delhi,Vendor_A,38.3,25.1,0.0,1.067,16526,0,5.65,0
2024-02-24,FMCG-Home Care,Bangalore,Vendor_H,40.3,39.4,0.0,0.961,14570,0,6.15,0
2024-02-24,FMCG-Home Care,Kolkata,Vendor_K,85.6,39.2,0.0,1.193,16940,414,4.21,0
2024-02-24,FMCG-Home Care,Ahmedabad,Vendor_L,23.6,37.5,0.37,0.89,23094,0,4.2,2
2024-02-24,FMCG-Home Care,Delhi,Vendor_N,29.1,34.6,0.158,1.011,16916,1111,8.12,0
2024-02-24,FMCG-Health,Kolkata,Vendor_N,73.6,25.4,0.0,1.191,5781,0,3.93,0
2024-02-24,FMCG-Health,Bangalore,Vendor_L,77.6,33.0,0.0,1.163,36038,0,7.56,0
2024-02-24,FMCG-Health,Delhi,Vendor_K,94.5,31.7,0.0,0.889,30627,1186,8.0,0
2024-02-24,FMCG-Health,Pune,Vendor_F,64.4,25.8,0.0,1.085,4325,259,7.18,0
2024-02-27,FMCG-Food,Hyderabad,Vendor_M,45.8,35.9,0.0,1.012,19604,0,8.46,0
2024-02-27,FMCG-Food,Kolkata,Vendor_A,41.6,33.7,0.0,1.096,31254,1647,2.8,0
2024-02-27,FMCG-Food,Ahmedabad,Vendor_H,21.4,36.4,0.411,1.091,28893,976,6.45,0
2024-02-27,FMCG-Food,Delhi,Vendor_L,49.6,39.6,0.0,1.008,35437,0,5.39,0
2024-02-27,FMCG-Beverage,Ahmedabad,Vendor_L,52.3,28.8,0.0,1.123,33781,4243,8.02,0
2024-02-27,FMCG-Beverage,Kolkata,Vendor_K,77.6,39.3,0.0,1.104,19540,444,5.53,0
2024-02-27,FMCG-Beverage,Mumbai,Vendor_G,67.1,35.5,0.0,1.235,20288,5086,8.24,0
2024-02-27,FMCG-Beverage,Chennai,Vendor_O,38.4,28.4,0.0,0.969,39986,0,5.88,0
2024-02-27,FMCG-Personal Care,Mumbai,Vendor_K,74.6,38.4,0.0,1.096,17443,0,5.65,0
2024-02-27,FMCG-Personal Care,Kolkata,Vendor_M,56.4,26.4,0.0,0.973,4030,0,3.26,0
2024-02-27,FMCG-Personal Care,Ahmedabad,Vendor_M,82.2,29.6,0.0,1.159,35639,0,8.45,0
2024-02-27,FMCG-Personal Care,Bangalore,Vendor_F,36.3,33.0,0.0,1.109,24115,0,8.11,0
2024-02-27,FMCG-Home Care,Pune,Vendor_F,58.8,30.4,0.0,1.08,35017,0,6.95,0
2024-02-27,FMCG-Home Care,Hyderabad,Vendor_O,62.8,30.0,0.0,1.16,17119,107,3.09,0
2024-02-27,FMCG-Home Care,Bangalore,Vendor_M,91.4,25.0,0.0,0.935,37330,0,2.79,0
2024-02-27,FMCG-Home Care,Delhi,Vendor_B,24.5,31.7,0.226,0.953,12731,0,7.48,1
2024-02-27,FMCG-Health,Kolkata,Vendor_G,50.4,34.1,0.0,1.223,4726,0,7.3,0
2024-02-27,FMCG-Health,Chennai,Vendor_N,29.9,27.0,0.0,0.915,4954,2885,4.54,0
2024-02-27,FMCG-Health,Ahmedabad,Vendor_J,67.6,29.7,0.0,1.101,30308,0,6.0,0
2024-02-27,FMCG-Health,Delhi,Vendor_M,94.5,37.7,0.0,0.972,9128,424,4.89,0
2024-03-01,FMCG-Food,Chennai,Vendor_G,30.7,38.7,0.206,1.139,11657,0,4.99,0
2024-03-01,FMCG-Food,Pune,Vendor_B,44.2,31.2,0.0,1.112,16354,616,2.82,0
2024-03-01,FMCG-Food,Bangalore,Vendor_L,46.4,32.7,0.0,1.146,41139,0,5.9,0
2024-03-01,FMCG-Food,Mumbai,Vendor_N,88.1,32.8,0.0,0.955,17451,0,7.33,0
2024-03-01,FMCG-Beverage,Hyderabad,Vendor_J,86.4,30.3,0.0,1.021,39144,0,7.9,0
2024-03-01,FMCG-Beverage,Bangalore,Vendor_D,54.0,27.4,0.0,0.925,32694,0,4.28,0
2024-03-01,FMCG-Beverage,Pune,Vendor_M,60.3,26.2,0.0,0.934,42141,0,7.53,0
2024-03-01,FMCG-Beverage,Delhi,Vendor_A,52.9,35.3,0.0,0.908,17654,0,6.02,0
2024-03-01,FMCG-Personal Care,Pune,Vendor_M,79.6,34.8,0.0,1.028,34911,0,8.46,0
2024-03-01,FMCG-Personal Care,Kolkata,Vendor_J,67.3,37.9,0.0,1.212,17556,2627,3.64,0
2024-03-01,FMCG-Personal Care,Hyderabad,Vendor_C,53.0,31.6,0.0,0.983,44167,1528,5.63,0
2024-03-01,FMCG-Personal Care,Ahmedabad,Vendor_A,76.0,35.4,0.0,1.05,39967,4884,8.3,0
2024-03-01,FMCG-Home Care,Delhi,Vendor_B,93.2,34.6,0.0,0.998,6293,471,3.42,0
2024-03-01,FMCG-Home Care,Chennai,Vendor_M,57.8,34.2,0.0,1.057,16492,1440,6.57,0
2024-03-01,FMCG-Home Care,Bangalore,Vendor_D,69.8,29.3,0.0,1.096,21608,0,5.86,0
2024-03-01,FMCG-Home Care,Kolkata,Vendor_D,68.8,31.9,0.0,0.894,25837,3023,3.88,0
2024-03-01,FMCG-Health,Mumbai,Vendor_L,61.3,39.6,0.0,1.0,15589,0,7.37,0
2024-03-01,FMCG-Health,Kolkata,Vendor_N,20.5,38.4,0.467,0.885,32231,1948,5.68,5
2024-03-01,FMCG-Health,Hyderabad,Vendor_I,50.1,27.5,0.0,1.051,20298,371,8.14,0
2024-03-01,FMCG-Health,Ahmedabad,Vendor_F,76.4,26.8,0.0,0.95,28852,0,8.17,0
2024-03-04,FMCG-Food,Hyderabad,Vendor_L,40.7,29.2,0.0,1.198,7742,0,8.39,0
2024-03-04,FMCG-Food,Pune,Vendor_K,71.2,27.4,0.0,1.132,20901,0,3.55,0
2024-03-04,FMCG-Food,Ahmedabad,Vendor_D,66.4,32.0,0.0,1.03,34093,1869,5.28,0
2024-03-04,FMCG-Food,Mumbai,Vendor_H,83.4,39.6,0.0,0.964,34855,1332,5.61,0
2024-03-04,FMCG-Beverage,Chennai,Vendor_B,49.8,25.2,0.0,1.243,29667,3797,5.57,0
2024-03-04,FMCG-Beverage,Delhi,Vendor_A,62.3,25.0,0.0,1.149,12421,0,4.98,0
2024-03-04,FMCG-Beverage,Ahmedabad,Vendor_I,45.1,36.4,0.0,0.935,31806,0,6.06,0
2024-03-04,FMCG-Beverage,Pune,Vendor_K,71.1,33.7,0.0,1.023,6316,0,6.01,0
2024-03-04,FMCG-Personal Care,Ahmedabad,Vendor_L,24.9,28.2,0.115,1.005,30682,731,2.7,0
2024-03-04,FMCG-Personal Care,Hyderabad,Vendor_H,44.6,27.6,0.0,0.871,42507,1646,2.64,0
2024-03-04,FMCG-Personal Care,Kolkata,Vendor_F,91.7,37.2,0.0,0.971,26668,0,3.77,0
2024-03-04,FMCG-Personal Care,Chennai,Vendor_L,23.4,28.6,0.184,0.879,32478,0,4.49,1
2024-03-04,FMCG-Home Care,Chennai,Vendor_N,46.9,29.4,0.0,0.98,14152,229,7.32,0
2024-03-04,FMCG-Home Care,Delhi,Vendor_B,56.7,25.9,0.0,1.102,41837,1868,6.61,0
2024-03-04,FMCG-Home Care,Ahmedabad,Vendor_M,42.2,33.2,0.0,0.971,43932,0,7.61,0
2024-03-04,FMCG-Home Care,Pune,Vendor_B,40.5,36.8,0.0,0.911,17711,0,4.69,0
2024-03-04,FMCG-Health,Ahmedabad,Vendor_D,72.1,37.2,0.0,1.198,41609,0,6.64,0
2024-03-04,FMCG-Health,Bangalore,Vendor_N,88.3,37.5,0.0,1.019,20516,1173,3.1,0
2024-03-04,FMCG-Health,Chennai,Vendor_J,66.7,35.8,0.0,1.125,22254,0,6.84,0
2024-03-04,FMCG-Health,Hyderabad,Vendor_I,64.9,27.9,0.0,1.003,43325,0,5.95,0
2024-03-07,FMCG-Food,Hyderabad,Vendor_N,64.7,30.1,0.0,1.163,16456,0,4.24,0
2024-03-07,FMCG-Food,Bangalore,Vendor_G,90.1,36.6,0.0,1.164,6036,1082,3.03,0
2024-03-07,FMCG-Food,Ahmedabad,Vendor_E,39.8,38.1,0.0,1.006,24639,1157,6.11,0
2024-03-07,FMCG-Food,Chennai,Vendor_D,29.3,33.7,0.131,1.06,43265,0,6.5,2
2024-03-07,FMCG-Beverage,Chennai,Vendor_G,41.8,33.3,0.0,1.015,44248,387,6.33,0
2024-03-07,FMCG-Beverage,Bangalore,Vendor_I,72.1,36.7,0.0,1.228,27266,0,2.92,0
2024-03-07,FMCG-Beverage,Kolkata,Vendor_I,20.3,31.8,0.361,0.992,36037,1520,4.43,5
2024-03-07,FMCG-Beverage,Hyderabad,Vendor_N,37.6,32.9,0.0,0.965,19480,0,3.77,0
2024-03-07,FMCG-Personal Care,Mumbai,Vendor_M,50.8,29.6,0.0,0.917,43433,0,4.09,0
2024-03-07,FMCG-Personal Care,Bangalore,Vendor_L,82.7,32.3,0.0,0.931,35421,0,2.9,0
2024-03-07,FMCG-Personal Care,Chennai,Vendor_A,95.0,38.9,0.0,1.129,24634,5642,7.08,0
2024-03-07,FMCG-Personal Care,Hyderabad,Vendor_C,43.0,27.6,0.0,0.974,11605,4156,2.63,0
2024-03-07,FMCG-Home Care,Chennai,Vendor_L,55.8,39.0,0.0,1.14,10913,0,5.75,0
2024-03-07,FMCG-Home Care,Bangalore,Vendor_M,78.6,26.9,0.0,0.982,9195,0,7.69,0
2024-03-07,FMCG-Home Care,Kolkata,Vendor_H,78.3,38.3,0.0,1.219,22470,0,7.2,0
2024-03-07,FMCG-Home Care,Hyderabad,Vendor_O,23.8,34.7,0.316,1.256,17614,2589,6.81,2
2024-03-07,FMCG-Health,Mumbai,Vendor_H,43.2,35.3,0.0,1.035,39162,1309,4.32,0
2024-03-07,FMCG-Health,Bangalore,Vendor_O,24.1,35.8,0.327,1.23,40391,0,5.73,3
2024-03-07,FMCG-Health,Ahmedabad,Vendor_K,32.6,28.6,0.0,1.248,37137,270,3.97,0
2024-03-07,FMCG-Health,Kolkata,Vendor_E,22.8,39.3,0.419,1.247,29157,0,2.63,3
2024-03-10,FMCG-Food,Ahmedabad,Vendor_E,56.2,26.9,0.0,1.22,21497,0,3.07,0
2024-03-10,FMCG-Food,Bangalore,Vendor_C,48.3,30.7,0.0,1.073,40038,0,2.66,0
2024-03-10,FMCG-Food,Kolkata,Vendor_D,64.5,32.5,0.0,0.892,40843,0,6.46,0
2024-03-10,FMCG-Food,Hyderabad,Vendor_I,63.1,39.3,0.0,1.245,21296,0,3.31,0
2024-03-10,FMCG-Beverage,Ahmedabad,Vendor_M,29.7,38.8,0.234,0.883,5755,1133,2.93,2
2024-03-10,FMCG-Beverage,Pune,Vendor_D,79.3,32.1,0.0,1.048,14049,2269,6.17,0
2024-03-10,FMCG-Beverage,Hyderabad,Vendor_C,37.1,29.3,0.0,0.9,11188,603,5.06,0
2024-03-10,FMCG-Beverage,Kolkata,Vendor_F,91.3,38.3,0.0,1.201,18719,0,5.54,0
2024-03-10,FMCG-Personal Care,Mumbai,Vendor_A,29.6,26.2,0.0,1.094,32684,0,7.12,0
2024-03-10,FMCG-Personal Care,Ahmedabad,Vendor_E,75.6,35.5,0.0,1.127,28336,0,4.1,0
2024-03-10,FMCG-Personal Care,Kolkata,Vendor_I,34.1,32.1,0.0,0.949,16977,0,5.24,0
2024-03-10,FMCG-Personal Care,Delhi,Vendor_L,91.2,29.9,0.0,0.947,17437,480,8.1,0
2024-03-10,FMCG-Home Care,Mumbai,Vendor_G,65.7,31.4,0.0,1.229,33251,0,5.76,0
2024-03-10,FMCG-Home Care,Delhi,Vendor_C,47.7,30.8,0.0,0.993,18725,0,8.11,0
2024-03-10,FMCG-Home Care,Pune,Vendor_F,58.6,27.0,0.0,1.08,31765,579,3.89,0
2024-03-10,FMCG-Home Care,Bangalore,Vendor_F,65.6,29.0,0.0,1.213,28619,1510,6.12,0
2024-03-10,FMCG-Health,Ahmedabad,Vendor_O,90.6,34.9,0.0,1.127,12799,2330,7.05,0
2024-03-10,FMCG-Health,Kolkata,Vendor_K,83.4,27.6,0.0,1.251,35485,1063,7.69,0
2024-03-10,FMCG-Health,Pune,Vendor_H,84.1,29.0,0.0,0.969,37608,0,2.89,0
2024-03-10,FMCG-Health,Delhi,Vendor_M,73.1,33.8,0.0,1.017,11311,1368,4.34,0
2024-03-13,FMCG-Food,Chennai,Vendor_L,44.1,29.0,0.0,1.134,16212,562,7.3,0
2024-03-13,FMCG-Food,Hyderabad,Vendor_B,52.9,25.4,0.0,0.944,11481,0,7.27,0
2024-03-13,FMCG-Food,Delhi,Vendor_C,84.0,39.8,0.0,0.901,36668,0,5.02,0
2024-03-13,FMCG-Food,Ahmedabad,Vendor_E,27.4,28.7,0.046,1.131,42753,1698,8.01,0
2024-03-13,FMCG-Beverage,Mumbai,Vendor_C,39.0,33.7,0.0,0.965,38726,627,3.54,0
2024-03-13,FMCG-Beverage,Ahmedabad,Vendor_E,71.9,28.5,0.0,1.156,26502,1020,3.61,0
2024-03-13,FMCG-Beverage,Delhi,Vendor_H,67.6,36.6,0.0,1.054,12245,0,6.83,0
2024-03-13,FMCG-Beverage,Chennai,Vendor_M,53.7,29.4,0.0,0.924,44419,5219,2.51,0
2024-03-13,FMCG-Personal Care,Chennai,Vendor_I,80.5,38.1,0.0,0.925,6654,3861,7.64,0
2024-03-13,FMCG-Personal Care,Ahmedabad,Vendor_O,33.6,31.5,0.0,1.173,32262,18,5.42,0
2024-03-13,FMCG-Personal Care,Mumbai,Vendor_A,87.7,39.4,0.0,1.048,44664,0,6.83,0
2024-03-13,FMCG-Personal Care,Pune,Vendor_I,52.4,28.9,0.0,1.247,44753,1400,3.69,0
2024-03-13,FMCG-Home Care,Chennai,Vendor_O,64.9,35.8,0.0,1.063,37326,0,2.97,0
2024-03-13,FMCG-Home Care,Bangalore,Vendor_I,63.5,27.3,0.0,1.058,10870,2543,5.06,0
2024-03-13,FMCG-Home Care,Kolkata,Vendor_F,50.1,34.8,0.0,1.003,6113,0,7.75,0
2024-03-13,FMCG-Home Care,Delhi,Vendor_K,56.2,35.5,0.0,1.103,7177,0,6.34,0
2024-03-13,FMCG-Health,Kolkata,Vendor_H,58.9,27.4,0.0,1.0,25885,1370,6.2,0
2024-03-13,FMCG-Health,Bangalore,Vendor_B,32.9,25.4,0.0,1.219,10657,2007,6.66,0
2024-03-13,FMCG-Health,Mumbai,Vendor_A,79.0,27.2,0.0,1.04,12838,0,3.01,0
2024-03-13,FMCG-Health,Delhi,Vendor_F,44.4,32.6,0.0,1.258,16965,0,3.78,0
2024-03-16,FMCG-Food,Ahmedabad,Vendor_H,31.0,35.8,0.133,1.167,25766,0,7.58,0
2024-03-16,FMCG-Food,Pune,Vendor_M,50.6,37.1,0.0,1.041,6852,2613,5.45,0
2024-03-16,FMCG-Food,Mumbai,Vendor_D,37.2,36.2,0.0,0.879,33365,0,3.44,0
2024-03-16,FMCG-Food,Chennai,Vendor_K,72.9,28.9,0.0,1.057,25595,298,7.25,0
2024-03-16,FMCG-Beverage,Kolkata,Vendor_L,85.4,25.3,0.0,1.165,10963,1518,2.68,0
2024-03-16,FMCG-Beverage,Pune,Vendor_N,48.8,28.1,0.0,1.07,12967,0,5.93,0
2024-03-16,FMCG-Beverage,Mumbai,Vendor_C,53.1,32.9,0.0,1.009,12803,311,3.64,0
2024-03-16,FMCG-Beverage,Hyderabad,Vendor_C,74.9,31.8,0.0,1.213,24269,1066,6.86,0
2024-03-16,FMCG-Personal Care,Kolkata,Vendor_I,30.8,39.5,0.221,1.114,4779,3572,6.54,1
2024-03-16,FMCG-Personal Care,Mumbai,Vendor_I,26.4,32.2,0.18,0.874,41116,1265,5.96,1
2024-03-16,FMCG-Personal Care,Ahmedabad,Vendor_K,78.8,26.1,0.0,1.227,41957,0,7.03,0
2024-03-16,FMCG-Personal Care,Pune,Vendor_C,88.4,26.7,0.0,0.969,41888,0,3.99,0
2024-03-16,FMCG-Home Care,Pune,Vendor_L,62.0,38.5,0.0,0.905,37377,2256,4.08,0
2024-03-16,FMCG-Home Care,Delhi,Vendor_B,66.5,35.9,0.0,1.062,23456,3176,4.18,0
2024-03-16,FMCG-Home Care,Bangalore,Vendor_O,43.0,32.9,0.0,1.184,14696,0,8.22,0
2024-03-16,FMCG-Home Care,Mumbai,Vendor_L,74.1,37.7,0.0,1.061,7757,0,3.71,0
2024-03-16,FMCG-Health,Mumbai,Vendor_F,32.5,39.0,0.165,0.862,33847,354,7.34,0
2024-03-16,FMCG-Health,Bangalore,Vendor_C,67.7,38.3,0.0,0.949,41561,3569,3.12,0
2024-03-16,FMCG-Health,Delhi,Vendor_G,87.7,37.9,0.0,0.971,14468,1254,3.19,0
2024-03-16,FMCG-Health,Chennai,Vendor_O,38.4,34.9,0.0,1.09,11903,4760,3.1,0
2024-03-19,FMCG-Food,Hyderabad,Vendor_C,72.5,32.6,0.0,1.044,16498,321,7.72,0
2024-03-19,FMCG-Food,Pune,Vendor_E,26.2,25.9,0.0,0.946,34391,453,6.14,0
2024-03-19,FMCG-Food,Delhi,Vendor_F,55.7,29.4,0.0,0.888,28472,2889,4.08,0
2024-03-19,FMCG-Food,Mumbai,Vendor_E,30.2,38.4,0.213,1.156,39278,0,5.31,1
2024-03-19,FMCG-Beverage,Hyderabad,Vendor_L,65.1,26.6,0.0,1.217,17370,494,6.27,0
2024-03-19,FMCG-Beverage,Kolkata,Vendor_G,37.0,32.8,0.0,0.968,38551,781,7.22,0
2024-03-19,FMCG-Beverage,Mumbai,Vendor_G,50.6,31.0,0.0,1.211,31350,0,3.54,0
2024-03-19,FMCG-Beverage,Bangalore,Vendor_O,35.5,30.2,0.0,1.114,6226,1814,3.41,0
2024-03-19,FMCG-Personal Care,Ahmedabad,Vendor_F,56.1,28.2,0.0,0.861,9738,0,5.17,0
2024-03-19,FMCG-Personal Care,Pune,Vendor_N,57.2,34.5,0.0,1.081,8027,0,4.22,0
2024-03-19,FMCG-Personal Care,Hyderabad,Vendor_E,35.6,37.1,0.04,1.002,11917,1106,6.89,1
2024-03-19,FMCG-Personal Care,Delhi,Vendor_I,26.6,33.1,0.194,0.894,26560,498,7.64,1
2024-03-19,FMCG-Home Care,Bangalore,Vendor_I,90.1,34.2,0.0,0.983,21222,1261,6.1,0
2024-03-19,FMCG-Home Care,Mumbai,Vendor_N,49.5,25.1,0.0,1.181,12446,0,8.19,0
2024-03-19,FMCG-Home Care,Delhi,Vendor_A,91.2,31.7,0.0,1.135,8197,115,4.23,0
2024-03-19,FMCG-Home Care,Kolkata,Vendor_G,83.3,28.7,0.0,1.093,27783,0,6.87,0
2024-03-19,FMCG-Health,Pune,Vendor_A,35.2,28.7,0.0,0.863,35942,0,7.85,0
2024-03-19,FMCG-Health,Kolkata,Vendor_K,83.4,28.7,0.0,0.911,6345,458,3.38,0
2024-03-19,FMCG-Health,Bangalore,Vendor_M,56.0,26.3,0.0,1.229,42613,1470,7.3,0
2024-03-19,FMCG-Health,Delhi,Vendor_C,38.5,25.7,0.0,1.109,28092,1802,2.89,0
2024-03-22,FMCG-Food,Ahmedabad,Vendor_F,90.4,34.8,0.0,1.179,32730,865,4.66,0
2024-03-22,FMCG-Food,Mumbai,Vendor_B,71.5,31.0,0.0,1.222,5117,0,6.59,0
2024-03-22,FMCG-Food,Bangalore,Vendor_G,82.4,35.1,0.0,1.204,44081,738,7.46,0
2024-03-22,FMCG-Food,Hyderabad,Vendor_C,50.2,32.6,0.0,1.061,19725,480,5.25,0
2024-03-22,FMCG-Beverage,Mumbai,Vendor_D,51.5,35.4,0.0,1.221,20157,118,3.08,0
2024-03-22,FMCG-Beverage,Pune,Vendor_L,38.6,33.5,0.0,1.033,43628,1068,5.2,0
2024-03-22,FMCG-Beverage,Chennai,Vendor_E,71.0,32.7,0.0,0.918,16049,0,4.11,0
2024-03-22,FMCG-Beverage,Delhi,Vendor_E,33.4,39.2,0.148,1.063,21608,0,6.86,1
2024-03-22,FMCG-Personal Care,Ahmedabad,Vendor_I,61.6,30.3,0.0,0.904,20667,2379,5.25,0
2024-03-22,FMCG-Personal Care,Kolkata,Vendor_F,79.8,34.8,0.0,0.896,12219,0,3.56,0
2024-03-22,FMCG-Personal Care,Mumbai,Vendor_O,92.4,39.1,0.0,0.944,40578,2524,8.24,0
2024-03-22,FMCG-Personal Care,Hyderabad,Vendor_C,35.1,28.3,0.0,0.894,29445,700,3.19,0
2024-03-22,FMCG-Home Care,Delhi,Vendor_O,45.5,30.3,0.0,1.007,37118,0,7.34,0
2024-03-22,FMCG-Home Care,Pune,Vendor_M,70.6,25.6,0.0,1.146,14821,571,2.98,0
2024-03-22,FMCG-Home Care,Ahmedabad,Vendor_D,34.2,26.9,0.0,1.018,24811,0,3.17,0
2024-03-22,FMCG-Home Care,Kolkata,Vendor_N,45.0,31.2,0.0,1.098,10240,746,3.22,0
2024-03-22,FMCG-Health,Kolkata,Vendor_E,70.7,26.0,0.0,1.217,24675,2973,6.63,0
2024-03-22,FMCG-Health,Ahmedabad,Vendor_L,88.1,32.9,0.0,1.079,44392,630,4.47,0
2024-03-22,FMCG-Health,Hyderabad,Vendor_D,24.1,37.6,0.359,0.95,35119,372,4.33,4
2024-03-22,FMCG-Health,Mumbai,Vendor_A,55.8,25.3,0.0,1.096,39845,1196,6.14,0
2024-03-25,FMCG-Food,Delhi,Vendor_K,69.5,31.2,0.0,0.918,17963,1420,3.46,0
2024-03-25,FMCG-Food,Chennai,Vendor_M,69.5,26.1,0.0,1.168,14574,2089,4.47,0
2024-03-25,FMCG-Food,Mumbai,Vendor_D,75.1,25.9,0.0,1.112,20067,2700,3.09,0
2024-03-25,FMCG-Food,Ahmedabad,Vendor_O,68.1,28.7,0.0,1.042,7326,0,6.8,0
2024-03-25,FMCG-Beverage,Bangalore,Vendor_H,94.2,31.2,0.0,1.17,29571,1941,7.19,0
2024-03-25,FMCG-Beverage,Ahmedabad,Vendor_F,84.5,33.3,0.0,0.964,26499,1913,6.72,0
2024-03-25,FMCG-Beverage,Delhi,Vendor_F,67.5,39.6,0.0,1.163,23798,3072,6.97,0
2024-03-25,FMCG-Beverage,Pune,Vendor_E,23.0,33.8,0.318,0.895,27110,3206,5.02,3
2024-03-25,FMCG-Personal Care,Bangalore,Vendor_E,48.2,25.3,0.0,1.039,13434,0,3.99,0
2024-03-25,FMCG-Personal Care,Delhi,Vendor_L,60.3,33.2,0.0,0.961,23559,0,4.79,0
2024-03-25,FMCG-Personal Care,Chennai,Vendor_M,49.0,37.7,0.0,1.132,37921,2338,5.33,0
2024-03-25,FMCG-Personal Care,Kolkata,Vendor_N,84.1,28.5,0.0,1.021,6660,3025,4.17,0
2024-03-25,FMCG-Home Care,Bangalore,Vendor_C,49.3,28.9,0.0,1.091,30659,0,7.67,0
2024-03-25,FMCG-Home Care,Kolkata,Vendor_J,53.0,30.3,0.0,1.24,27930,0,6.02,0
2024-03-25,FMCG-Home Care,Delhi,Vendor_L,26.2,34.6,0.242,1.228,33012,0,6.71,3
2024-03-25,FMCG-Home Care,Pune,Vendor_H,33.6,36.8,0.086,0.863,39996,0,7.6,0
2024-03-25,FMCG-Health,Ahmedabad,Vendor_L,50.8,27.2,0.0,1.24,41022,243,6.11,0
2024-03-25,FMCG-Health,Delhi,Vendor_G,88.6,34.3,0.0,0.876,12622,2303,3.1,0
2024-03-25,FMCG-Health,Chennai,Vendor_L,39.5,34.0,0.0,1.237,43587,0,6.62,0
2024-03-25,FMCG-Health,Pune,Vendor_G,67.4,25.6,0.0,1.117,31499,1979,4.16,0
2024-03-28,FMCG-Food,Bangalore,Vendor_K,60.6,31.3,0.0,0.955,31717,0,7.49,0
2024-03-28,FMCG-Food,Delhi,Vendor_F,74.4,39.6,0.0,1.173,10531,0,2.54,0
2024-03-28,FMCG-Food,Ahmedabad,Vendor_G,36.8,32.5,0.0,1.21,17955,1391,4.45,0
2024-03-28,FMCG-Food,Pune,Vendor_G,69.0,28.7,0.0,1.019,12869,1857,5.7,0
2024-03-28,FMCG-Beverage,Kolkata,Vendor_K,67.6,35.4,0.0,0.89,43419,0,3.98,0
2024-03-28,FMCG-Beverage,Bangalore,Vendor_E,61.8,28.4,0.0,0.907,31913,1292,7.71,0
2024-03-28,FMCG-Beverage,Delhi,Vendor_H,25.7,36.3,0.292,1.145,11503,1125,6.88,2
2024-03-28,FMCG-Beverage,Chennai,Vendor_L,66.9,37.9,0.0,0.927,26791,0,3.79,0
2024-03-28,FMCG-Personal Care,Mumbai,Vendor_M,42.3,27.3,0.0,0.927,38420,0,7.09,0
2024-03-28,FMCG-Personal Care,Delhi,Vendor_J,61.9,32.6,0.0,1.111,37004,0,5.68,0
2024-03-28,FMCG-Personal Care,Ahmedabad,Vendor_F,81.9,32.5,0.0,1.089,25580,976,3.9,0
2024-03-28,FMCG-Personal Care,Chennai,Vendor_F,29.4,28.1,0.0,0.863,42438,480,5.83,0
2024-03-28,FMCG-Home Care,Pune,Vendor_J,90.4,30.7,0.0,0.956,29394,759,7.82,0
2024-03-28,FMCG-Home Care,Kolkata,Vendor_E,83.9,25.2,0.0,1.093,24761,0,7.27,0
2024-03-28,FMCG-Home Care,Hyderabad,Vendor_O,23.0,31.9,0.28,1.034,44345,0,5.33,2
2024-03-28,FMCG-Home Care,Delhi,Vendor_M,26.3,25.4,0.0,1.04,11458,239,3.41,0
2024-03-28,FMCG-Health,Kolkata,Vendor_B,85.6,30.4,0.0,0.864,41845,0,8.49,0
2024-03-28,FMCG-Health,Delhi,Vendor_I,46.7,38.6,0.0,1.001,11967,3724,7.79,0
2024-03-28,FMCG-Health,Mumbai,Vendor_E,45.3,39.8,0.0,1.048,25050,2252,5.85,0
2024-03-28,FMCG-Health,Ahmedabad,Vendor_H,28.1,33.4,0.158,1.081,16903,3202,6.05,1
2024-03-31,FMCG-Food,Chennai,Vendor_M,74.4,32.6,0.0,1.227,21879,2868,7.46,0
2024-03-31,FMCG-Food,Hyderabad,Vendor_K,52.0,30.6,0.0,0.883,24695,0,4.07,0
2024-03-31,FMCG-Food,Ahmedabad,Vendor_M,36.2,37.5,0.036,1.138,35472,0,3.81,0
2024-03-31,FMCG-Food,Kolkata,Vendor_C,84.0,39.5,0.0,1.194,23883,0,8.48,0
2024-03-31,FMCG-Beverage,Kolkata,Vendor_L,82.5,29.5,0.0,1.002,15120,0,3.15,0
2024-03-31,FMCG-Beverage,Ahmedabad,Vendor_I,66.0,26.5,0.0,1.097,24270,0,7.96,0
2024-03-31,FMCG-Beverage,Hyderabad,Vendor_A,73.4,25.7,0.0,0.964,29441,0,7.05,0
2024-03-31,FMCG-Beverage,Bangalore,Vendor_N,45.9,33.3,0.0,0.905,40984,0,5.92,0
2024-03-31,FMCG-Personal Care,Ahmedabad,Vendor_F,91.6,34.0,0.0,1.057,43675,0,6.18,0
2024-03-31,FMCG-Personal Care,Pune,Vendor_E,23.1,39.8,0.419,1.21,38728,0,6.87,1
2024-03-31,FMCG-Personal Care,Delhi,Vendor_F,46.1,27.9,0.0,1.221,35261,1664,6.07,0
2024-03-31,FMCG-Personal Care,Mumbai,Vendor_K,21.4,25.2,0.152,1.127,40744,0,3.0,0
2024-03-31,FMCG-Home Care,Delhi,Vendor_A,53.6,30.8,0.0,1.035,33146,0,6.75,0
2024-03-31,FMCG-Home Care,Hyderabad,Vendor_K,40.2,31.4,0.0,0.923,37638,0,6.06,0
2024-03-31,FMCG-Home Care,Kolkata,Vendor_B,29.9,33.5,0.106,1.167,23700,0,7.24,0
2024-03-31,FMCG-Home Care,Chennai,Vendor_N,23.2,35.5,0.346,0.875,13294,0,5.72,1
2024-03-31,FMCG-Health,Kolkata,Vendor_E,31.1,35.6,0.125,1.159,34174,1923,7.5,0
2024-03-31,FMCG-Health,Pune,Vendor_D,36.4,35.2,0.0,1.121,21215,0,5.38,0
2024-03-31,FMCG-Health,Hyderabad,Vendor_D,92.0,28.3,0.0,0.875,37710,0,7.85,0
2024-03-31,FMCG-Health,Mumbai,Vendor_E,41.9,38.8,0.0,1.258,24440,0,7.57,0
2024-04-03,FMCG-Food,Hyderabad,Vendor_A,41.2,28.0,0.0,1.022,41053,0,6.31,0
2024-04-03,FMCG-Food,Ahmedabad,Vendor_L,43.1,38.1,0.0,1.001,25888,0,2.89,0
2024-04-03,FMCG-Food,Pune,Vendor_E,39.8,37.0,0.0,1.115,47353,4922,6.43,0
2024-04-03,FMCG-Food,Bangalore,Vendor_A,47.2,25.1,0.0,0.883,6993,0,3.5,0
2024-04-03,FMCG-Beverage,Hyderabad,Vendor_G,85.6,29.0,0.0,0.869,14300,3049,5.8,0
2024-04-03,FMCG-Beverage,Kolkata,Vendor_G,56.8,29.8,0.0,1.12,18793,0,4.72,0
2024-04-03,FMCG-Beverage,Bangalore,Vendor_H,66.5,30.6,0.0,1.151,44236,0,3.4,0
2024-04-03,FMCG-Beverage,Chennai,Vendor_M,66.8,36.6,0.0,1.08,17943,613,3.96,0
2024-04-03,FMCG-Personal Care,Delhi,Vendor_H,29.5,33.0,0.105,1.043,41998,1280,7.94,0
2024-04-03,FMCG-Personal Care,Pune,Vendor_A,75.3,26.4,0.0,0.914,24511,0,4.9,0
2024-04-03,FMCG-Personal Care,Chennai,Vendor_O,81.4,32.9,0.0,1.005,15396,0,6.21,0
2024-04-03,FMCG-Personal Care,Bangalore,Vendor_A,40.5,36.1,0.0,1.105,11995,4198,6.03,0
2024-04-03,FMCG-Home Care,Pune,Vendor_D,65.8,28.7,0.0,0.887,41933,799,4.44,0
2024-04-03,FMCG-Home Care,Ahmedabad,Vendor_G,52.7,37.4,0.0,1.214,24144,0,4.6,0
2024-04-03,FMCG-Home Care,Kolkata,Vendor_H,38.5,36.8,0.0,1.06,39430,3705,5.25,0
2024-04-03,FMCG-Home Care,Bangalore,Vendor_G,55.1,36.0,0.0,1.116,8434,2617,5.39,0
2024-04-03,FMCG-Health,Bangalore,Vendor_M,31.4,39.7,0.209,1.232,24716,0,3.91,3
2024-04-03,FMCG-Health,Hyderabad,Vendor_K,72.1,32.0,0.0,1.105,34435,0,4.18,0
2024-04-03,FMCG-Health,Kolkata,Vendor_G,84.2,35.8,0.0,0.957,15898,0,4.74,0
2024-04-03,FMCG-Health,Mumbai,Vendor_D,61.1,25.1,0.0,1.174,32527,0,4.19,0
2024-04-06,FMCG-Food,Delhi,Vendor_F,88.2,25.7,0.0,1.202,30669,3496,5.65,0
2024-04-06,FMCG-Food,Ahmedabad,Vendor_M,54.9,29.8,0.0,0.918,9284,2093,4.59,0
2024-04-06,FMCG-Food,Chennai,Vendor_G,28.5,34.6,0.176,1.147,33151,776,4.75,0
2024-04-06,FMCG-Food,Mumbai,Vendor_B,67.6,32.4,0.0,1.247,37763,0,3.19,0
2024-04-06,FMCG-Beverage,Kolkata,Vendor_B,43.7,29.5,0.0,1.258,14539,1123,8.39,0
2024-04-06,FMCG-Beverage,Chennai,Vendor_F,30.3,27.2,0.0,1.252,10656,621,5.24,0
2024-04-06,FMCG-Beverage,Ahmedabad,Vendor_D,46.2,38.5,0.0,1.011,11676,509,7.82,0
2024-04-06,FMCG-Beverage,Bangalore,Vendor_B,50.3,37.6,0.0,1.23,51196,3992,5.97,0
2024-04-06,FMCG-Personal Care,Bangalore,Vendor_K,71.3,36.0,0.0,1.173,28914,494,4.22,0
2024-04-06,FMCG-Personal Care,Mumbai,Vendor_L,61.7,34.2,0.0,1.127,29039,0,5.97,0
2024-04-06,FMCG-Personal Care,Ahmedabad,Vendor_F,87.9,29.7,0.0,1.014,19215,0,5.45,0
2024-04-06,FMCG-Personal Care,Kolkata,Vendor_D,37.7,30.8,0.0,1.115,37669,2945,7.52,0
2024-04-06,FMCG-Home Care,Delhi,Vendor_D,55.7,39.7,0.0,0.865,21135,1367,5.29,0
2024-04-06,FMCG-Home Care,Mumbai,Vendor_G,35.7,34.9,0.0,0.899,31991,0,6.07,0
2024-04-06,FMCG-Home Care,Bangalore,Vendor_K,49.7,28.5,0.0,1.234,37860,0,4.77,0
2024-04-06,FMCG-Home Care,Hyderabad,Vendor_C,48.9,39.8,0.0,1.028,33509,50,6.67,0
2024-04-06,FMCG-Health,Mumbai,Vendor_B,30.7,33.4,0.082,1.216,50410,1232,7.25,2
2024-04-06,FMCG-Health,Chennai,Vendor_O,73.0,39.9,0.0,1.121,33647,3621,4.27,0
2024-04-06,FMCG-Health,Delhi,Vendor_F,23.2,28.4,0.185,1.239,37230,0,2.81,0
2024-04-06,FMCG-Health,Hyderabad,Vendor_F,69.1,39.9,0.0,1.184,45231,993,5.41,0
2024-04-09,FMCG-Food,Chennai,Vendor_M,62.0,29.0,0.0,1.221,48740,2000,4.01,0
2024-04-09,FMCG-Food,Kolkata,Vendor_D,94.4,36.5,0.0,1.168,49820,2329,6.16,0
2024-04-09,FMCG-Food,Bangalore,Vendor_B,53.4,31.5,0.0,1.265,37099,0,6.26,0
2024-04-09,FMCG-Food,Delhi,Vendor_E,47.7,35.2,0.0,0.913,8449,0,3.84,0
2024-04-09,FMCG-Beverage,Mumbai,Vendor_A,51.4,31.2,0.0,1.185,20648,0,6.69,0
2024-04-09,FMCG-Beverage,Pune,Vendor_H,35.5,34.4,0.0,1.25,43709,833,3.4,0
2024-04-09,FMCG-Beverage,Kolkata,Vendor_N,86.1,29.6,0.0,1.208,48335,2179,4.74,0
2024-04-09,FMCG-Beverage,Ahmedabad,Vendor_D,73.7,39.9,0.0,1.21,45427,3739,5.05,0
2024-04-09,FMCG-Personal Care,Chennai,Vendor_D,36.0,26.2,0.0,1.118,43702,1628,7.05,0
2024-04-09,FMCG-Personal Care,Pune,Vendor_B,67.2,25.4,0.0,1.11,27017,1643,7.26,0
2024-04-09,FMCG-Personal Care,Mumbai,Vendor_B,84.0,32.0,0.0,1.013,26966,3853,4.22,0
2024-04-09,FMCG-Personal Care,Ahmedabad,Vendor_I,59.8,34.6,0.0,1.143,44131,0,3.36,0
2024-04-09,FMCG-Home Care,Chennai,Vendor_A,33.0,39.2,0.158,1.013,12410,2378,8.25,2
2024-04-09,FMCG-Home Care,Pune,Vendor_D,53.1,38.8,0.0,1.067,10717,2478,4.0,0
2024-04-09,FMCG-Home Care,Ahmedabad,Vendor_J,81.2,33.1,0.0,1.1,44370,0,6.78,0
2024-04-09,FMCG-Home Care,Delhi,Vendor_J,38.1,28.3,0.0,1.183,11221,0,5.43,0
2024-04-09,FMCG-Health,Delhi,Vendor_K,69.0,36.7,0.0,1.212,50062,0,3.42,0
2024-04-09,FMCG-Health,Ahmedabad,Vendor_G,74.6,27.6,0.0,1.164,30739,0,5.44,0
2024-04-09,FMCG-Health,Hyderabad,Vendor_J,83.8,32.0,0.0,1.097,41341,0,3.5,0
2024-04-09,FMCG-Health,Chennai,Vendor_E,24.9,25.2,0.008,1.234,20271,2451,8.35,0
2024-04-12,FMCG-Food,Kolkata,Vendor_L,83.8,37.2,0.0,1.041,48815,0,5.09,0
2024-04-12,FMCG-Food,Delhi,Vendor_A,71.7,27.0,0.0,1.234,36541,2912,7.52,0
2024-04-12,FMCG-Food,Ahmedabad,Vendor_K,32.5,35.8,0.092,0.895,22455,4150,7.14,1
2024-04-12,FMCG-Food,Bangalore,Vendor_B,87.1,37.6,0.0,1.157,42292,672,4.45,0
2024-04-12,FMCG-Beverage,Pune,Vendor_D,38.4,31.7,0.0,1.071,17596,0,6.97,0
2024-04-12,FMCG-Beverage,Chennai,Vendor_A,59.3,34.4,0.0,1.032,45475,804,3.27,0
2024-04-12,FMCG-Beverage,Delhi,Vendor_K,30.5,38.7,0.213,1.134,49641,2204,7.16,0
2024-04-12,FMCG-Beverage,Kolkata,Vendor_K,93.4,32.7,0.0,0.911,10593,0,5.86,0
2024-04-12,FMCG-Personal Care,Chennai,Vendor_E,94.6,28.9,0.0,1.182,16588,0,8.3,0
2024-04-12,FMCG-Personal Care,Hyderabad,Vendor_O,46.5,28.3,0.0,0.904,29610,0,2.72,0
2024-04-12,FMCG-Personal Care,Mumbai,Vendor_J,45.0,37.0,0.0,0.875,14778,0,6.99,0
2024-04-12,FMCG-Personal Care,Pune,Vendor_G,39.7,36.7,0.0,1.255,48205,1641,2.91,0
2024-04-12,FMCG-Home Care,Bangalore,Vendor_B,59.6,33.6,0.0,1.063,42262,1993,4.24,0
2024-04-12,FMCG-Home Care,Ahmedabad,Vendor_H,34.5,30.2,0.0,0.891,52077,0,6.46,0
2024-04-12,FMCG-Home Care,Kolkata,Vendor_K,62.8,29.6,0.0,0.979,30569,997,3.2,0
2024-04-12,FMCG-Home Care,Hyderabad,Vendor_B,83.8,29.6,0.0,1.109,47157,0,5.82,0
2024-04-12,FMCG-Health,Chennai,Vendor_D,59.0,30.4,0.0,1.234,36400,1570,7.77,0
2024-04-12,FMCG-Health,Ahmedabad,Vendor_D,80.2,34.8,0.0,1.182,44901,0,6.32,0
2024-04-12,FMCG-Health,Bangalore,Vendor_E,61.3,27.1,0.0,1.262,11848,0,6.13,0
2024-04-12,FMCG-Health,Kolkata,Vendor_C,77.4,28.2,0.0,0.953,48493,0,3.12,0
2024-04-15,FMCG-Food,Chennai,Vendor_O,75.3,27.9,0.0,1.1,33196,2182,4.68,0
2024-04-15,FMCG-Food,Hyderabad,Vendor_F,69.2,37.6,0.0,1.178,21925,0,4.44,0
2024-04-15,FMCG-Food,Mumbai,Vendor_H,58.9,35.2,0.0,0.962,40385,0,4.25,0
2024-04-15,FMCG-Food,Pune,Vendor_L,48.7,32.6,0.0,1.045,14868,0,7.36,0
2024-04-15,FMCG-Beverage,Delhi,Vendor_F,31.1,35.6,0.126,1.161,21879,0,4.41,0
2024-04-15,FMCG-Beverage,Ahmedabad,Vendor_M,88.7,27.3,0.0,1.011,51700,0,5.22,0
2024-04-15,FMCG-Beverage,Pune,Vendor_F,82.4,33.4,0.0,1.001,31470,0,3.81,0
2024-04-15,FMCG-Beverage,Kolkata,Vendor_G,79.8,31.7,0.0,1.112,42589,0,2.89,0
2024-04-15,FMCG-Personal Care,Chennai,Vendor_K,94.9,32.7,0.0,0.945,6175,0,7.65,0
2024-04-15,FMCG-Personal Care,Kolkata,Vendor_E,20.7,37.1,0.442,1.179,49194,0,7.98,0
2024-04-15,FMCG-Personal Care,Delhi,Vendor_A,35.0,36.5,0.042,0.869,16631,0,4.44,0
2024-04-15,FMCG-Personal Care,Pune,Vendor_C,42.6,33.1,0.0,1.228,47995,549,6.0,0
2024-04-15,FMCG-Home Care,Delhi,Vendor_C,31.3,35.7,0.121,0.874,41551,0,8.49,1
2024-04-15,FMCG-Home Care,Hyderabad,Vendor_D,55.3,38.8,0.0,0.97,27871,1205,4.97,0
2024-04-15,FMCG-Home Care,Kolkata,Vendor_F,83.0,31.2,0.0,1.133,28516,0,6.04,0
2024-04-15,FMCG-Home Care,Mumbai,Vendor_C,37.9,27.8,0.0,1.19,5843,2390,4.16,0
2024-04-15,FMCG-Health,Bangalore,Vendor_F,84.0,37.0,0.0,1.148,24686,165,3.21,0
2024-04-15,FMCG-Health,Hyderabad,Vendor_J,81.1,28.9,0.0,1.061,19508,0,4.77,0
2024-04-15,FMCG-Health,Delhi,Vendor_E,57.6,35.9,0.0,1.201,17167,0,5.54,0
2024-04-15,FMCG-Health,Ahmedabad,Vendor_H,37.7,28.8,0.0,1.184,5877,330,4.62,0
2024-04-18,FMCG-Food,Bangalore,Vendor_D,73.1,28.5,0.0,1.124,21051,0,6.91,0
2024-04-18,FMCG-Food,Chennai,Vendor_O,73.4,38.9,0.0,0.896,21543,0,3.94,0
2024-04-18,FMCG-Food,Pune,Vendor_G,75.8,35.5,0.0,1.209,33355,562,4.99,0
2024-04-18,FMCG-Food,Ahmedabad,Vendor_M,83.5,26.1,0.0,0.991,17968,1668,8.37,0
2024-04-18,FMCG-Beverage,Delhi,Vendor_H,38.2,30.2,0.0,1.242,31850,0,2.97,0
2024-04-18,FMCG-Beverage,Ahmedabad,Vendor_L,84.6,27.6,0.0,1.266,8471,2146,7.16,0
2024-04-18,FMCG-Beverage,Pune,Vendor_E,40.8,28.1,0.0,1.19,6494,0,7.88,0
2024-04-18,FMCG-Beverage,Bangalore,Vendor_B,31.3,36.7,0.147,1.143,22331,0,2.55,0
2024-04-18,FMCG-Personal Care,Ahmedabad,Vendor_O,85.8,36.2,0.0,1.082,42727,3412,7.99,0
2024-04-18,FMCG-Personal Care,Chennai,Vendor_C,38.7,32.3,0.0,0.906,20157,697,8.06,0
2024-04-18,FMCG-Personal Care,Hyderabad,Vendor_J,50.7,26.9,0.0,1.111,30078,683,3.92,0
2024-04-18,FMCG-Personal Care,Mumbai,Vendor_N,89.1,31.4,0.0,0.881,49334,3873,7.81,0
2024-04-18,FMCG-Home Care,Chennai,Vendor_F,37.4,30.8,0.0,1.147,49312,2124,2.51,0
2024-04-18,FMCG-Home Care,Mumbai,Vendor_H,63.7,36.0,0.0,1.1,37813,2027,3.68,0
2024-04-18,FMCG-Home Care,Ahmedabad,Vendor_C,55.1,35.7,0.0,1.142,42271,0,7.87,0
2024-04-18,FMCG-Home Care,Pune,Vendor_A,85.7,35.4,0.0,0.976,8786,831,2.94,0
2024-04-18,FMCG-Health,Bangalore,Vendor_F,29.3,35.8,0.182,0.984,35203,0,8.06,0
2024-04-18,FMCG-Health,Delhi,Vendor_M,53.1,37.7,0.0,0.911,40096,0,3.88,0
2024-04-18,FMCG-Health,Hyderabad,Vendor_I,53.1,26.0,0.0,0.942,39048,3367,4.85,0
2024-04-18,FMCG-Health,Kolkata,Vendor_L,40.5,34.8,0.0,1.193,19456,0,5.71,0
2024-04-21,FMCG-Food,Pune,Vendor_O,20.4,36.5,0.441,1.232,44960,0,6.3,4
2024-04-21,FMCG-Food,Hyderabad,Vendor_L,52.2,38.3,0.0,1.086,7085,0,3.14,0
2024-04-21,FMCG-Food,Delhi,Vendor_K,37.0,37.8,0.021,1.217,36059,2212,2.74,0
2024-04-21,FMCG-Food,Chennai,Vendor_G,46.6,26.0,0.0,1.165,48397,1182,7.55,0
2024-04-21,FMCG-Beverage,Chennai,Vendor_I,36.3,39.9,0.089,0.945,22816,725,8.4,0
2024-04-21,FMCG-Beverage,Ahmedabad,Vendor_K,24.2,28.0,0.134,1.258,33132,2746,6.73,2
2024-04-21,FMCG-Beverage,Delhi,Vendor_J,34.4,33.2,0.0,1.102,24646,0,3.4,0
2024-04-21,FMCG-Beverage,Bangalore,Vendor_J,80.9,39.0,0.0,1.072,41825,2415,5.26,0
2024-04-21,FMCG-Personal Care,Hyderabad,Vendor_B,64.8,32.2,0.0,0.89,16163,708,4.06,0
2024-04-21,FMCG-Personal Care,Pune,Vendor_E,83.8,35.6,0.0,1.163,24245,0,4.15,0
2024-04-21,FMCG-Personal Care,Chennai,Vendor_C,61.8,26.2,0.0,0.902,10301,3895,4.0,0
2024-04-21,FMCG-Personal Care,Delhi,Vendor_E,57.6,28.5,0.0,1.175,48895,0,6.39,0
2024-04-21,FMCG-Home Care,Delhi,Vendor_N,74.3,37.6,0.0,1.111,31325,1916,6.24,0
2024-04-21,FMCG-Home Care,Pune,Vendor_M,69.5,37.4,0.0,1.195,19960,0,6.5,0
2024-04-21,FMCG-Home Care,Ahmedabad,Vendor_A,93.1,26.1,0.0,0.885,42920,2846,3.8,0
2024-04-21,FMCG-Home Care,Kolkata,Vendor_A,62.7,35.2,0.0,1.026,45675,0,7.62,0
2024-04-21,FMCG-Health,Hyderabad,Vendor_A,37.0,37.5,0.012,1.069,32474,768,2.82,0
2024-04-21,FMCG-Health,Pune,Vendor_K,63.2,36.4,0.0,1.203,42338,110,7.61,0
2024-04-21,FMCG-Health,Delhi,Vendor_F,69.4,30.8,0.0,0.98,9340,920,6.04,0
2024-04-21,FMCG-Health,Ahmedabad,Vendor_J,67.4,33.7,0.0,0.95,20485,1815,8.23,0
2024-04-24,FMCG-Food,Delhi,Vendor_N,92.3,30.7,0.0,0.995,48060,0,7.53,0
2024-04-24,FMCG-Food,Chennai,Vendor_L,26.7,27.1,0.015,0.929,10053,947,7.02,0
2024-04-24,FMCG-Food,Ahmedabad,Vendor_F,48.1,38.7,0.0,1.068,31074,3151,3.84,0
2024-04-24,FMCG-Food,Kolkata,Vendor_M,81.7,27.4,0.0,0.864,48182,0,4.7,0
2024-04-24,FMCG-Beverage,Ahmedabad,Vendor_N,75.4,35.3,0.0,1.142,27504,0,7.6,0
2024-04-24,FMCG-Beverage,Bangalore,Vendor_J,40.1,28.7,0.0,1.04,12970,0,6.97,0
2024-04-24,FMCG-Beverage,Delhi,Vendor_L,52.5,33.2,0.0,1.223,10549,2412,5.64,0
2024-04-24,FMCG-Beverage,Mumbai,Vendor_N,88.5,39.6,0.0,1.226,41805,0,7.04,0
2024-04-24,FMCG-Personal Care,Hyderabad,Vendor_I,76.1,25.3,0.0,0.892,19566,0,7.27,0
2024-04-24,FMCG-Personal Care,Pune,Vendor_G,88.0,39.1,0.0,1.013,31548,0,4.74,0
2024-04-24,FMCG-Personal Care,Delhi,Vendor_G,75.2,27.2,0.0,1.03,17024,1212,6.87,0
2024-04-24,FMCG-Personal Care,Mumbai,Vendor_D,88.4,31.5,0.0,1.148,19996,0,4.1,0
2024-04-24,FMCG-Home Care,Chennai,Vendor_I,70.5,35.5,0.0,1.115,41697,1208,8.24,0
2024-04-24,FMCG-Home Care,Kolkata,Vendor_I,39.8,29.6,0.0,0.923,15204,0,5.11,0
2024-04-24,FMCG-Home Care,Bangalore,Vendor_E,47.2,27.4,0.0,1.193,15258,0,7.06,0
2024-04-24,FMCG-Home Care,Hyderabad,Vendor_I,23.4,25.1,0.067,0.913,19648,528,8.18,2
2024-04-24,FMCG-Health,Mumbai,Vendor_K,33.5,35.9,0.067,1.066,8915,2009,5.32,0
2024-04-24,FMCG-Health,Bangalore,Vendor_K,24.1,27.0,0.106,1.155,39629,2380,7.66,0
2024-04-24,FMCG-Health,Kolkata,Vendor_E,34.0,37.5,0.093,1.16,49993,0,7.24,2
2024-04-24,FMCG-Health,Ahmedabad,Vendor_O,56.5,33.5,0.0,1.151,34731,3825,7.18,0
2024-04-27,FMCG-Food,Delhi,Vendor_B,35.1,27.4,0.0,0.997,33002,0,7.22,0
2024-04-27,FMCG-Food,Ahmedabad,Vendor_G,33.8,29.2,0.0,0.919,45502,0,3.35,0
2024-04-27,FMCG-Food,Mumbai,Vendor_K,91.5,37.5,0.0,0.972,18505,0,7.85,0
2024-04-27,FMCG-Food,Bangalore,Vendor_J,20.0,39.7,0.496,0.909,52026,310,5.05,3
2024-04-27,FMCG-Beverage,Delhi,Vendor_O,21.1,39.5,0.465,1.037,52089,0,7.12,3
2024-04-27,FMCG-Beverage,Hyderabad,Vendor_D,89.9,31.9,0.0,1.17,30193,873,2.89,0
2024-04-27,FMCG-Beverage,Mumbai,Vendor_D,35.0,33.4,0.0,1.195,6804,40,4.78,0
2024-04-27,FMCG-Beverage,Pune,Vendor_E,71.3,28.3,0.0,1.087,43657,3998,6.32,0
2024-04-27,FMCG-Personal Care,Pune,Vendor_N,31.5,35.0,0.1,1.065,12854,0,7.54,2
2024-04-27,FMCG-Personal Care,Kolkata,Vendor_I,81.5,37.7,0.0,1.002,47724,0,5.94,0
2024-04-27,FMCG-Personal Care,Bangalore,Vendor_J,77.5,32.6,0.0,1.135,37592,0,2.51,0
2024-04-27,FMCG-Personal Care,Chennai,Vendor_N,46.7,31.6,0.0,1.154,51219,1127,7.99,0
2024-04-27,FMCG-Home Care,Kolkata,Vendor_F,57.2,34.2,0.0,1.245,13859,1171,5.58,0
2024-04-27,FMCG-Home Care,Pune,Vendor_O,24.0,34.4,0.302,1.21,11101,0,7.26,2
2024-04-27,FMCG-Home Care,Hyderabad,Vendor_A,91.9,38.9,0.0,0.932,15040,0,4.84,0
2024-04-27,FMCG-Home Care,Ahmedabad,Vendor_A,28.0,29.0,0.032,1.06,45401,0,7.27,0
2024-04-27,FMCG-Health,Delhi,Vendor_O,31.1,32.5,0.04,1.101,46491,0,4.74,0
2024-04-27,FMCG-Health,Pune,Vendor_F,88.2,28.2,0.0,1.08,48187,0,5.42,0
2024-04-27,FMCG-Health,Ahmedabad,Vendor_C,72.0,25.2,0.0,0.933,33825,2417,2.66,0
2024-04-27,FMCG-Health,Mumbai,Vendor_N,83.0,30.5,0.0,0.954,10824,6386,3.61,0
2024-04-30,FMCG-Food,Kolkata,Vendor_L,92.1,30.3,0.0,1.11,39246,0,7.35,0
2024-04-30,FMCG-Food,Pune,Vendor_L,27.0,35.4,0.237,0.914,9514,0,5.0,2
2024-04-30,FMCG-Food,Hyderabad,Vendor_J,76.3,28.2,0.0,0.957,49992,0,5.61,0
2024-04-30,FMCG-Food,Bangalore,Vendor_F,34.1,28.8,0.0,1.229,29361,3264,8.11,0
2024-04-30,FMCG-Beverage,Delhi,Vendor_K,69.4,26.8,0.0,0.986,5794,2572,4.21,0
2024-04-30,FMCG-Beverage,Pune,Vendor_F,21.8,25.5,0.147,0.892,37908,1770,8.42,1
2024-04-30,FMCG-Beverage,Ahmedabad,Vendor_I,65.0,34.6,0.0,1.254,11817,2167,4.46,0
2024-04-30,FMCG-Beverage,Chennai,Vendor_K,56.2,29.1,0.0,1.247,13022,2629,5.25,0
2024-04-30,FMCG-Personal Care,Hyderabad,Vendor_N,47.3,31.0,0.0,1.013,16314,0,8.03,0
2024-04-30,FMCG-Personal Care,Mumbai,Vendor_D,23.8,36.1,0.341,1.172,10019,0,6.26,1
2024-04-30,FMCG-Personal Care,Kolkata,Vendor_K,89.7,38.8,0.0,1.26,47896,1392,7.07,0
2024-04-30,FMCG-Personal Care,Bangalore,Vendor_L,78.5,29.4,0.0,0.988,21124,918,8.01,0
2024-04-30,FMCG-Home Care,Hyderabad,Vendor_H,57.9,30.7,0.0,1.204,15533,1398,4.59,0
2024-04-30,FMCG-Home Care,Mumbai,Vendor_G,78.7,39.2,0.0,1.024,25104,1146,2.65,0
2024-04-30,FMCG-Home Care,Bangalore,Vendor_A,93.2,39.4,0.0,1.229,34128,0,4.83,0
2024-04-30,FMCG-Home Care,Delhi,Vendor_D,78.5,39.2,0.0,0.903,19501,0,5.65,0
2024-04-30,FMCG-Health,Kolkata,Vendor_B,75.6,29.3,0.0,1.111,8988,131,5.37,0
2024-04-30,FMCG-Health,Chennai,Vendor_L,48.6,25.6,0.0,1.256,45985,4891,2.96,0
2024-04-30,FMCG-Health,Bangalore,Vendor_A,33.9,38.9,0.13,0.98,35091,0,6.29,1
2024-04-30,FMCG-Health,Pune,Vendor_H,40.8,31.9,0.0,1.091,18572,0,6.47,0
2024-05-03,FMCG-Food,Delhi,Vendor_I,54.7,32.3,0.0,0.94,5764,1310,8.45,0
2024-05-03,FMCG-Food,Kolkata,Vendor_B,23.1,33.1,0.302,0.99,39623,1421,4.72,0
2024-05-03,FMCG-Food,Hyderabad,Vendor_I,59.5,37.8,0.0,1.129,9986,3083,8.39,0
2024-05-03,FMCG-Food,Pune,Vendor_H,75.7,32.2,0.0,1.192,20181,0,4.04,0
2024-05-03,FMCG-Beverage,Mumbai,Vendor_C,22.9,34.0,0.327,1.043,23267,0,4.55,3
2024-05-03,FMCG-Beverage,Ahmedabad,Vendor_G,92.3,26.7,0.0,1.019,33760,1790,3.4,0
2024-05-03,FMCG-Beverage,Bangalore,Vendor_O,59.8,28.7,0.0,1.159,15111,1414,7.71,0
2024-05-03,FMCG-Beverage,Delhi,Vendor_D,52.0,26.8,0.0,1.14,41173,972,3.33,0
2024-05-03,FMCG-Personal Care,Delhi,Vendor_F,52.0,37.3,0.0,0.995,38415,0,6.95,0
2024-05-03,FMCG-Personal Care,Ahmedabad,Vendor_E,75.4,35.1,0.0,0.901,33309,2241,3.59,0
2024-05-03,FMCG-Personal Care,Hyderabad,Vendor_M,80.5,33.2,0.0,1.081,14023,0,6.23,0
2024-05-03,FMCG-Personal Care,Kolkata,Vendor_F,57.9,28.0,0.0,0.957,11604,867,6.12,0
2024-05-03,FMCG-Home Care,Chennai,Vendor_K,40.3,30.2,0.0,0.989,8371,1682,4.42,0
2024-05-03,FMCG-Home Care,Hyderabad,Vendor_K,26.6,34.0,0.218,1.245,17403,0,3.16,0
2024-05-03,FMCG-Home Care,Bangalore,Vendor_H,20.7,26.3,0.214,1.184,54027,0,4.63,1
2024-05-03,FMCG-Home Care,Mumbai,Vendor_B,85.5,35.7,0.0,1.034,40843,1742,7.59,0
2024-05-03,FMCG-Health,Pune,Vendor_G,92.7,31.9,0.0,1.116,43524,0,3.31,0
2024-05-03,FMCG-Health,Hyderabad,Vendor_H,94.0,36.1,0.0,1.086,34004,2058,2.5,0
2024-05-03,FMCG-Health,Ahmedabad,Vendor_B,59.2,30.7,0.0,1.24,14616,1226,8.05,0
2024-05-03,FMCG-Health,Bangalore,Vendor_K,60.7,38.2,0.0,0.929,6303,871,3.54,0
2024-05-06,FMCG-Food,Hyderabad,Vendor_L,81.7,36.7,0.0,1.182,28743,0,6.63,0
2024-05-06,FMCG-Food,Mumbai,Vendor_H,69.9,37.1,0.0,1.2,42329,0,7.06,0
2024-05-06,FMCG-Food,Kolkata,Vendor_H,52.9,38.3,0.0,0.985,48462,2007,3.04,0
2024-05-06,FMCG-Food,Bangalore,Vendor_A,88.5,38.9,0.0,1.051,7220,0,5.98,0
2024-05-06,FMCG-Beverage,Bangalore,Vendor_N,80.3,25.9,0.0,0.867,46631,0,7.96,0
2024-05-06,FMCG-Beverage,Pune,Vendor_I,31.2,30.0,0.0,1.062,28061,492,3.97,0
2024-05-06,FMCG-Beverage,Hyderabad,Vendor_O,47.7,25.2,0.0,1.119,45487,4829,6.12,0
2024-05-06,FMCG-Beverage,Mumbai,Vendor_K,71.2,34.0,0.0,1.25,49235,1435,6.24,0
2024-05-06,FMCG-Personal Care,Ahmedabad,Vendor_D,36.7,26.7,0.0,1.112,15856,0,7.2,0
2024-05-06,FMCG-Personal Care,Delhi,Vendor_N,34.8,38.6,0.1,1.135,10213,0,7.03,1
2024-05-06,FMCG-Personal Care,Bangalore,Vendor_G,38.8,28.5,0.0,1.113,25417,0,4.89,0
2024-05-06,FMCG-Personal Care,Chennai,Vendor_F,74.5,29.1,0.0,0.906,7603,0,7.53,0
2024-05-06,FMCG-Home Care,Bangalore,Vendor_A,80.8,36.6,0.0,1.123,14611,389,6.55,0
2024-05-06,FMCG-Home Care,Pune,Vendor_H,45.0,29.8,0.0,1.071,25356,1953,4.53,0
2024-05-06,FMCG-Home Care,Hyderabad,Vendor_K,37.1,36.0,0.0,1.227,20020,0,8.2,0
2024-05-06,FMCG-Home Care,Mumbai,Vendor_C,68.1,37.2,0.0,1.037,28486,0,3.43,0
2024-05-06,FMCG-Health,Pune,Vendor_E,31.3,29.9,0.0,1.014,23781,0,8.39,0
2024-05-06,FMCG-Health,Hyderabad,Vendor_O,83.5,32.2,0.0,1.033,20499,0,5.76,0
2024-05-06,FMCG-Health,Chennai,Vendor_K,57.8,27.5,0.0,1.086,53382,0,5.38,0
2024-05-06,FMCG-Health,Ahmedabad,Vendor_C,74.6,28.5,0.0,1.231,33514,0,6.19,0
2024-05-09,FMCG-Food,Hyderabad,Vendor_K,24.9,28.5,0.126,1.248,16690,0,7.19,1
2024-05-09,FMCG-Food,Kolkata,Vendor_D,55.0,33.1,0.0,1.217,15785,820,3.69,0
2024-05-09,FMCG-Food,Mumbai,Vendor_E,34.2,25.0,0.0,0.882,46628,0,2.71,0
2024-05-09,FMCG-Food,Bangalore,Vendor_D,21.2,38.4,0.448,1.029,23518,0,2.94,1
2024-05-09,FMCG-Beverage,Hyderabad,Vendor_I,65.0,37.1,0.0,1.102,37363,0,6.15,0
2024-05-09,FMCG-Beverage,Kolkata,Vendor_G,53.8,34.4,0.0,0.965,52309,192,3.65,0
2024-05-09,FMCG-Beverage,Ahmedabad,Vendor_C,76.7,35.2,0.0,1.002,50194,0,6.68,0
2024-05-09,FMCG-Beverage,Pune,Vendor_L,69.4,31.1,0.0,1.16,26733,0,3.54,0
2024-05-09,FMCG-Personal Care,Bangalore,Vendor_K,29.8,30.8,0.032,1.056,50388,0,4.03,0
2024-05-09,FMCG-Personal Care,Chennai,Vendor_J,21.6,31.6,0.315,1.01,13845,0,5.96,2
2024-05-09,FMCG-Personal Care,Delhi,Vendor_B,21.3,25.9,0.177,1.097,19810,0,3.76,3
2024-05-09,FMCG-Personal Care,Hyderabad,Vendor_H,81.8,28.8,0.0,1.021,24122,0,3.58,0
2024-05-09,FMCG-Home Care,Ahmedabad,Vendor_H,39.6,28.9,0.0,0.884,49906,0,4.04,0
2024-05-09,FMCG-Home Care,Delhi,Vendor_K,36.0,25.2,0.0,1.069,26677,0,3.5,0
2024-05-09,FMCG-Home Care,Hyderabad,Vendor_J,30.0,38.2,0.215,0.884,10545,446,4.44,3
2024-05-09,FMCG-Home Care,Kolkata,Vendor_C,55.8,35.5,0.0,1.098,37046,2052,3.49,0
2024-05-09,FMCG-Health,Delhi,Vendor_D,59.1,28.7,0.0,1.231,6566,2698,8.13,0
2024-05-09,FMCG-Health,Ahmedabad,Vendor_G,82.1,34.6,0.0,1.151,40226,1719,4.08,0
2024-05-09,FMCG-Health,Hyderabad,Vendor_I,82.6,28.5,0.0,0.969,41325,0,7.57,0
2024-05-09,FMCG-Health,Mumbai,Vendor_N,68.7,26.0,0.0,1.205,41993,0,6.17,0
2024-05-12,FMCG-Food,Mumbai,Vendor_K,83.7,28.3,0.0,1.162,16485,0,4.62,0
2024-05-12,FMCG-Food,Bangalore,Vendor_I,72.9,35.7,0.0,1.201,51018,0,8.21,0
2024-05-12,FMCG-Food,Ahmedabad,Vendor_N,67.9,34.4,0.0,1.182,7338,790,3.75,0
2024-05-12,FMCG-Food,Hyderabad,Vendor_K,89.1,27.1,0.0,1.108,8269,0,8.48,0
2024-05-12,FMCG-Beverage,Ahmedabad,Vendor_C,74.7,35.3,0.0,1.121,51952,0,5.13,0
2024-05-12,FMCG-Beverage,Kolkata,Vendor_M,89.6,35.4,0.0,0.964,21496,512,3.43,0
2024-05-12,FMCG-Beverage,Pune,Vendor_O,73.6,33.1,0.0,1.078,40792,4834,6.59,0
2024-05-12,FMCG-Beverage,Bangalore,Vendor_B,20.5,31.9,0.356,0.887,6570,2853,3.52,0
2024-05-12,FMCG-Personal Care,Kolkata,Vendor_C,40.5,32.7,0.0,0.874,30135,2382,3.54,0
2024-05-12,FMCG-Personal Care,Delhi,Vendor_C,56.1,25.3,0.0,1.256,24557,2218,7.06,0
2024-05-12,FMCG-Personal Care,Bangalore,Vendor_M,51.9,36.1,0.0,1.228,8259,0,6.91,0
2024-05-12,FMCG-Personal Care,Ahmedabad,Vendor_K,82.7,36.1,0.0,0.889,36409,0,6.51,0
2024-05-12,FMCG-Home Care,Pune,Vendor_N,82.3,30.1,0.0,1.248,18359,498,6.01,0
2024-05-12,FMCG-Home Care,Delhi,Vendor_B,87.3,29.3,0.0,0.985,53511,926,3.13,0
2024-05-12,FMCG-Home Care,Hyderabad,Vendor_M,78.2,36.9,0.0,1.043,53466,0,5.6,0
2024-05-12,FMCG-Home Care,Bangalore,Vendor_J,53.9,25.6,0.0,1.081,37574,804,5.94,0
2024-05-12,FMCG-Health,Delhi,Vendor_O,37.5,31.0,0.0,1.047,33821,1707,5.49,0
2024-05-12,FMCG-Health,Kolkata,Vendor_A,84.0,26.7,0.0,0.867,13195,346,5.66,0
2024-05-12,FMCG-Health,Bangalore,Vendor_B,24.1,31.9,0.245,1.138,33315,0,4.52,0
2024-05-12,FMCG-Health,Mumbai,Vendor_N,83.9,37.6,0.0,1.262,37151,2484,5.78,0
2024-05-15,FMCG-Food,Ahmedabad,Vendor_E,64.8,36.9,0.0,0.929,18844,1731,3.4,0
2024-05-15,FMCG-Food,Mumbai,Vendor_A,22.2,30.5,0.272,0.923,29679,0,4.44,3
2024-05-15,FMCG-Food,Delhi,Vendor_N,29.8,39.6,0.247,0.878,46914,0,7.85,0
2024-05-15,FMCG-Food,Pune,Vendor_M,47.0,32.6,0.0,1.068,30568,1588,2.89,0
2024-05-15,FMCG-Beverage,Pune,Vendor_M,67.5,31.5,0.0,1.182,45204,2995,6.77,0
2024-05-15,FMCG-Beverage,Ahmedabad,Vendor_J,40.2,31.8,0.0,0.968,46569,2455,3.04,0
2024-05-15,FMCG-Beverage,Bangalore,Vendor_O,46.8,32.1,0.0,1.087,19982,0,7.24,0
2024-05-15,FMCG-Beverage,Hyderabad,Vendor_C,55.5,28.5,0.0,1.011,50896,2303,2.64,0
2024-05-15,FMCG-Personal Care,Ahmedabad,Vendor_E,61.3,29.5,0.0,1.038,52319,3372,4.86,0
2024-05-15,FMCG-Personal Care,Delhi,Vendor_L,30.5,35.4,0.136,0.917,36535,0,7.32,1
2024-05-15,FMCG-Personal Care,Hyderabad,Vendor_I,90.6,37.5,0.0,1.257,34752,0,7.18,0
2024-05-15,FMCG-Personal Care,Bangalore,Vendor_A,36.8,35.6,0.0,0.957,50003,0,3.41,0
2024-05-15,FMCG-Home Care,Bangalore,Vendor_G,37.9,32.6,0.0,0.999,11709,0,6.12,0
2024-05-15,FMCG-Home Care,Ahmedabad,Vendor_C,63.0,27.3,0.0,0.967,33696,2944,5.34,0
2024-05-15,FMCG-Home Care,Delhi,Vendor_O,30.0,37.6,0.202,1.028,7418,0,2.77,1
2024-05-15,FMCG-Home Care,Pune,Vendor_M,46.1,32.6,0.0,1.108,26082,0,5.23,0
2024-05-15,FMCG-Health,Delhi,Vendor_A,37.7,29.1,0.0,0.912,21723,0,7.94,0
2024-05-15,FMCG-Health,Pune,Vendor_L,22.6,35.0,0.354,1.039,39741,0,3.33,1
2024-05-15,FMCG-Health,Chennai,Vendor_M,26.8,37.1,0.276,0.914,27601,1651,7.33,4
2024-05-15,FMCG-Health,Mumbai,Vendor_D,25.6,30.7,0.166,0.957,5941,949,3.81,1
2024-05-18,FMCG-Food,Bangalore,Vendor_A,52.6,27.1,0.0,1.187,15248,2536,7.53,0
2024-05-18,FMCG-Food,Delhi,Vendor_G,58.5,29.8,0.0,1.104,38981,241,4.12,0
2024-05-18,FMCG-Food,Ahmedabad,Vendor_A,57.5,31.2,0.0,1.24,6576,2034,6.04,0
2024-05-18,FMCG-Food,Pune,Vendor_K,84.6,30.9,0.0,0.877,35963,0,4.98,0
2024-05-18,FMCG-Beverage,Pune,Vendor_H,91.2,26.2,0.0,1.183,39302,0,4.44,0
2024-05-18,FMCG-Beverage,Kolkata,Vendor_E,27.3,32.1,0.151,0.961,22597,1306,7.75,0
2024-05-18,FMCG-Beverage,Chennai,Vendor_M,49.5,35.9,0.0,1.255,37583,0,6.32,0
2024-05-18,FMCG-Beverage,Delhi,Vendor_I,52.7,36.8,0.0,0.928,38321,0,4.03,0
2024-05-18,FMCG-Personal Care,Delhi,Vendor_F,82.1,26.7,0.0,0.866,6825,0,5.53,0
2024-05-18,FMCG-Personal Care,Hyderabad,Vendor_M,27.8,38.1,0.269,1.182,36979,0,4.74,3
2024-05-18,FMCG-Personal Care,Ahmedabad,Vendor_H,28.3,36.7,0.228,0.867,17758,0,5.35,0
2024-05-18,FMCG-Personal Care,Bangalore,Vendor_E,43.5,38.0,0.0,1.243,14991,0,5.13,0
2024-05-18,FMCG-Home Care,Hyderabad,Vendor_K,27.1,38.0,0.286,1.134,45800,0,6.57,2
2024-05-18,FMCG-Home Care,Pune,Vendor_I,20.1,38.4,0.478,1.112,7904,6264,3.42,1
2024-05-18,FMCG-Home Care,Delhi,Vendor_N,27.3,32.3,0.154,1.065,44098,3712,5.89,1
2024-05-18,FMCG-Home Care,Chennai,Vendor_D,83.1,35.5,0.0,1.132,17849,0,2.74,0
2024-05-18,FMCG-Health,Delhi,Vendor_E,33.5,34.2,0.023,0.982,18661,284,5.52,0
2024-05-18,FMCG-Health,Kolkata,Vendor_I,53.7,32.4,0.0,0.956,53130,433,7.32,0
2024-05-18,FMCG-Health,Ahmedabad,Vendor_J,93.1,35.7,0.0,0.959,46546,645,4.0,0
2024-05-18,FMCG-Health,Bangalore,Vendor_E,56.5,38.4,0.0,0.924,22322,1221,5.7,0
2024-05-21,FMCG-Food,Delhi,Vendor_M,32.6,27.4,0.0,0.907,44963,0,6.86,0
2024-05-21,FMCG-Food,Pune,Vendor_B,20.5,37.4,0.453,1.037,51442,0,5.98,1
2024-05-21,FMCG-Food,Bangalore,Vendor_N,85.0,31.8,0.0,1.252,16444,2905,8.27,0
2024-05-21,FMCG-Food,Mumbai,Vendor_G,38.8,31.6,0.0,0.91,21910,0,6.74,0
2024-05-21,FMCG-Beverage,Ahmedabad,Vendor_L,85.5,36.9,0.0,0.899,25961,2842,6.72,0
2024-05-21,FMCG-Beverage,Delhi,Vendor_A,59.8,27.1,0.0,1.144,17087,1326,7.66,0
2024-05-21,FMCG-Beverage,Pune,Vendor_I,61.2,27.8,0.0,1.242,18776,0,4.16,0
2024-05-21,FMCG-Beverage,Chennai,Vendor_G,88.8,26.1,0.0,1.22,51628,0,5.57,0
2024-05-21,FMCG-Personal Care,Chennai,Vendor_F,80.8,33.2,0.0,1.132,23771,0,5.44,0
2024-05-21,FMCG-Personal Care,Mumbai,Vendor_O,30.5,31.1,0.019,1.17,33029,0,5.2,0
2024-05-21,FMCG-Personal Care,Pune,Vendor_C,61.2,25.3,0.0,1.06,29595,0,8.23,0
2024-05-21,FMCG-Personal Care,Delhi,Vendor_C,43.0,30.4,0.0,1.066,47550,0,2.91,0
2024-05-21,FMCG-Home Care,Chennai,Vendor_M,65.2,34.5,0.0,1.159,16352,266,3.15,0
2024-05-21,FMCG-Home Care,Mumbai,Vendor_M,44.9,39.9,0.0,0.881,29752,0,8.42,0
2024-05-21,FMCG-Home Care,Delhi,Vendor_N,93.0,31.4,0.0,1.138,20402,0,4.8,0
2024-05-21,FMCG-Home Care,Ahmedabad,Vendor_O,69.8,28.2,0.0,1.052,47393,0,5.13,0
2024-05-21,FMCG-Health,Mumbai,Vendor_E,33.4,35.9,0.07,0.874,24595,0,6.37,1
2024-05-21,FMCG-Health,Delhi,Vendor_D,81.9,34.9,0.0,0.967,30536,0,4.28,0
2024-05-21,FMCG-Health,Pune,Vendor_F,64.3,30.5,0.0,0.948,45917,333,7.35,0
2024-05-21,FMCG-Health,Ahmedabad,Vendor_K,25.7,36.0,0.284,0.917,50716,2234,7.33,1
2024-05-24,FMCG-Food,Kolkata,Vendor_G,76.2,30.8,0.0,1.269,44714,1199,8.0,0
2024-05-24,FMCG-Food,Hyderabad,Vendor_C,77.4,35.7,0.0,0.889,43725,2095,4.25,0
2024-05-24,FMCG-Food,Bangalore,Vendor_D,88.5,36.4,0.0,0.943,26780,0,7.16,0
2024-05-24,FMCG-Food,Mumbai,Vendor_F,30.6,32.4,0.056,1.177,20373,0,4.29,1
2024-05-24,FMCG-Beverage,Ahmedabad,Vendor_I,66.8,35.3,0.0,1.078,11818,0,3.8,0
2024-05-24,FMCG-Beverage,Bangalore,Vendor_O,44.9,35.8,0.0,1.152,23773,0,8.05,0
2024-05-24,FMCG-Beverage,Hyderabad,Vendor_J,27.3,32.1,0.15,1.011,39090,0,8.2,1
2024-05-24,FMCG-Beverage,Chennai,Vendor_L,29.1,33.8,0.139,0.878,27161,3981,6.69,0
2024-05-24,FMCG-Personal Care,Kolkata,Vendor_M,61.7,34.5,0.0,1.271,33179,0,7.93,0
2024-05-24,FMCG-Personal Care,Ahmedabad,Vendor_A,79.8,30.2,0.0,1.086,15642,0,3.36,0
2024-05-24,FMCG-Personal Care,Mumbai,Vendor_C,91.4,37.3,0.0,0.936,49057,3131,7.64,0
2024-05-24,FMCG-Personal Care,Delhi,Vendor_K,75.0,25.5,0.0,1.271,18697,0,3.81,0
2024-05-24,FMCG-Home Care,Delhi,Vendor_D,42.4,37.5,0.0,1.248,30138,0,6.44,0
2024-05-24,FMCG-Home Care,Bangalore,Vendor_A,27.4,37.7,0.272,0.941,54629,0,7.6,2
2024-05-24,FMCG-Home Care,Chennai,Vendor_O,95.0,31.0,0.0,1.114,31499,1310,6.21,0
2024-05-24,FMCG-Home Care,Pune,Vendor_J,58.2,29.3,0.0,1.003,31956,0,3.07,0
2024-05-24,FMCG-Health,Hyderabad,Vendor_E,58.1,26.2,0.0,1.064,49564,1182,4.81,0
2024-05-24,FMCG-Health,Bangalore,Vendor_K,29.5,27.8,0.0,0.897,33024,0,4.38,0
2024-05-24,FMCG-Health,Kolkata,Vendor_L,41.6,34.1,0.0,1.109,18418,1293,3.58,0
2024-05-24,FMCG-Health,Chennai,Vendor_G,62.6,37.6,0.0,1.058,38172,0,3.31,0
2024-05-27,FMCG-Food,Kolkata,Vendor_A,59.8,30.1,0.0,1.114,36215,2882,4.94,0
2024-05-27,FMCG-Food,Pune,Vendor_K,51.7,37.6,0.0,0.877,19432,2061,5.24,0
2024-05-27,FMCG-Food,Bangalore,Vendor_L,32.4,28.9,0.0,1.235,41498,0,2.59,0
2024-05-27,FMCG-Food,Delhi,Vendor_C,89.8,25.5,0.0,1.03,50439,0,7.94,0
2024-05-27,FMCG-Beverage,Hyderabad,Vendor_N,52.7,29.3,0.0,1.255,43532,324,7.44,0
2024-05-27,FMCG-Beverage,Mumbai,Vendor_I,70.1,37.4,0.0,1.247,29546,1438,3.15,0
2024-05-27,FMCG-Beverage,Delhi,Vendor_G,33.0,39.3,0.159,1.141,42509,0,3.56,1
2024-05-27,FMCG-Beverage,Bangalore,Vendor_J,88.7,26.7,0.0,0.878,8987,1223,7.3,0
2024-05-27,FMCG-Personal Care,Ahmedabad,Vendor_D,53.9,33.1,0.0,1.157,31927,0,3.56,0
2024-05-27,FMCG-Personal Care,Bangalore,Vendor_A,65.7,32.7,0.0,0.891,25764,0,3.94,0
2024-05-27,FMCG-Personal Care,Mumbai,Vendor_G,88.2,35.0,0.0,1.047,5953,2300,2.7,0
2024-05-27,FMCG-Personal Care,Chennai,Vendor_N,84.5,28.3,0.0,1.138,45173,2822,6.54,0
2024-05-27,FMCG-Home Care,Pune,Vendor_F,62.7,39.8,0.0,0.923,24675,346,6.73,0
2024-05-27,FMCG-Home Care,Delhi,Vendor_A,79.4,36.3,0.0,0.914,37254,0,6.41,0
2024-05-27,FMCG-Home Care,Hyderabad,Vendor_N,28.8,35.5,0.19,1.241,53845,2736,5.12,2
2024-05-27,FMCG-Home Care,Chennai,Vendor_B,74.0,25.8,0.0,1.061,42375,0,4.91,0
2024-05-27,FMCG-Health,Ahmedabad,Vendor_E,34.3,39.9,0.14,1.022,23589,1686,8.02,0
2024-05-27,FMCG-Health,Kolkata,Vendor_K,42.0,35.3,0.0,1.142,35491,1956,8.3,0
2024-05-27,FMCG-Health,Hyderabad,Vendor_D,65.7,28.4,0.0,1.13,9247,3445,5.93,0
2024-05-27,FMCG-Health,Pune,Vendor_G,22.5,35.0,0.356,1.099,25347,211,4.49,3
2024-05-30,FMCG-Food,Kolkata,Vendor_M,55.1,25.4,0.0,1.158,50465,0,7.26,0
2024-05-30,FMCG-Food,Mumbai,Vendor_L,51.3,30.9,0.0,1.17,32980,0,4.57,0
2024-05-30,FMCG-Food,Pune,Vendor_D,83.6,31.4,0.0,0.96,8784,0,6.13,0
2024-05-30,FMCG-Food,Chennai,Vendor_K,94.5,31.3,0.0,1.249,34582,0,4.25,0
2024-05-30,FMCG-Beverage,Hyderabad,Vendor_G,75.3,32.1,0.0,0.94,38927,0,4.71,0
2024-05-30,FMCG-Beverage,Ahmedabad,Vendor_B,64.5,25.6,0.0,1.217,17004,93,7.13,0
2024-05-30,FMCG-Beverage,Kolkata,Vendor_H,55.7,27.4,0.0,0.941,29907,1787,6.43,0
2024-05-30,FMCG-Beverage,Pune,Vendor_C,93.9,38.0,0.0,0.999,33907,62,2.58,0
2024-05-30,FMCG-Personal Care,Bangalore,Vendor_O,35.5,27.6,0.0,0.958,21244,2819,4.82,0
2024-05-30,FMCG-Personal Care,Pune,Vendor_M,59.6,38.4,0.0,1.078,21031,3068,3.92,0
2024-05-30,FMCG-Personal Care,Ahmedabad,Vendor_E,80.3,35.8,0.0,1.231,37822,3049,4.44,0
2024-05-30,FMCG-Personal Care,Kolkata,Vendor_H,93.3,27.8,0.0,1.139,31278,0,4.87,0
2024-05-30,FMCG-Home Care,Delhi,Vendor_G,82.0,36.5,0.0,1.029,9452,0,3.77,0
2024-05-30,FMCG-Home Care,Chennai,Vendor_A,69.6,25.0,0.0,0.966,11549,0,4.7,0
2024-05-30,FMCG-Home Care,Hyderabad,Vendor_B,58.8,34.5,0.0,0.982,20927,2250,2.91,0
2024-05-30,FMCG-Home Care,Mumbai,Vendor_E,60.8,35.5,0.0,1.172,47353,2130,8.13,0
2024-05-30,FMCG-Health,Hyderabad,Vendor_M,93.4,34.2,0.0,1.085,18606,0,4.58,0
2024-05-30,FMCG-Health,Mumbai,Vendor_N,23.9,38.9,0.384,0.879,22000,611,7.65,0
2024-05-30,FMCG-Health,Chennai,Vendor_M,89.5,27.1,0.0,0.888,5854,0,4.11,0
2024-05-30,FMCG-Health,Ahmedabad,Vendor_O,64.4,39.5,0.0,1.058,52465,0,2.56,0
2024-06-02,FMCG-Food,Hyderabad,Vendor_L,91.7,38.5,0.0,0.964,23441,0,7.72,0
2024-06-02,FMCG-Food,Mumbai,Vendor_N,72.0,39.5,0.0,1.267,13169,339,4.98,0
2024-06-02,FMCG-Food,Kolkata,Vendor_D,57.6,34.9,0.0,1.164,14242,0,4.71,0
2024-06-02,FMCG-Food,Delhi,Vendor_D,87.5,30.4,0.0,1.014,21470,0,4.14,0
2024-06-02,FMCG-Beverage,Hyderabad,Vendor_L,74.0,35.6,0.0,1.055,27376,0,5.68,0
2024-06-02,FMCG-Beverage,Pune,Vendor_G,58.4,28.6,0.0,1.118,13016,89,5.6,0
2024-06-02,FMCG-Beverage,Ahmedabad,Vendor_I,30.9,36.4,0.15,1.072,21318,0,6.03,0
2024-06-02,FMCG-Beverage,Kolkata,Vendor_C,44.4,27.3,0.0,1.015,37500,1919,5.25,0
2024-06-02,FMCG-Personal Care,Kolkata,Vendor_O,40.4,30.6,0.0,0.926,23992,0,6.26,0
2024-06-02,FMCG-Personal Care,Mumbai,Vendor_H,42.6,34.8,0.0,0.983,25073,1279,5.46,0
2024-06-02,FMCG-Personal Care,Pune,Vendor_G,36.6,30.2,0.0,1.265,8660,112,5.78,0
2024-06-02,FMCG-Personal Care,Ahmedabad,Vendor_K,36.0,36.9,0.026,1.21,29035,94,5.64,0
2024-06-02,FMCG-Home Care,Hyderabad,Vendor_A,73.9,33.4,0.0,0.994,21808,0,6.93,0
2024-06-02,FMCG-Home Care,Bangalore,Vendor_K,21.6,34.5,0.374,0.984,17499,1508,4.2,4
2024-06-02,FMCG-Home Care,Chennai,Vendor_D,72.6,33.5,0.0,0.914,29577,0,6.61,0
2024-06-02,FMCG-Home Care,Delhi,Vendor_L,85.9,28.7,0.0,0.93,31206,0,3.17,0
2024-06-02,FMCG-Health,Kolkata,Vendor_G,51.6,36.3,0.0,1.156,17800,1403,3.2,0
2024-06-02,FMCG-Health,Chennai,Vendor_A,53.6,31.1,0.0,1.057,19379,2304,7.21,0
2024-06-02,FMCG-Health,Hyderabad,Vendor_A,24.8,33.4,0.257,0.931,46368,2010,4.53,0
2024-06-02,FMCG-Health,Bangalore,Vendor_I,53.5,31.3,0.0,1.064,38453,0,4.55,0
2024-06-05,FMCG-Food,Hyderabad,Vendor_O,22.7,35.3,0.357,0.934,14390,0,3.34,3
2024-06-05,FMCG-Food,Chennai,Vendor_A,39.5,34.5,0.0,1.257,11964,0,6.83,0
2024-06-05,FMCG-Food,Pune,Vendor_K,28.8,30.8,0.063,1.135,32722,0,6.33,0
2024-06-05,FMCG-Food,Mumbai,Vendor_K,40.9,31.7,0.0,1.177,23563,335,4.14,0
2024-06-05,FMCG-Beverage,Pune,Vendor_D,61.4,35.9,0.0,1.132,11193,1352,7.39,0
2024-06-05,FMCG-Beverage,Delhi,Vendor_E,44.1,39.0,0.0,1.125,18894,1900,2.73,0
2024-06-05,FMCG-Beverage,Kolkata,Vendor_K,69.9,39.0,0.0,0.993,27601,2162,8.34,0
2024-06-05,FMCG-Beverage,Mumbai,Vendor_A,60.1,38.1,0.0,1.149,13577,0,7.69,0
2024-06-05,FMCG-Personal Care,Chennai,Vendor_O,21.5,35.3,0.392,1.241,45423,0,7.84,2
2024-06-05,FMCG-Personal Care,Pune,Vendor_H,46.2,37.9,0.0,1.152,30994,0,3.37,0
2024-06-05,FMCG-Personal Care,Bangalore,Vendor_F,81.5,33.5,0.0,0.885,12294,0,4.22,0
2024-06-05,FMCG-Personal Care,Hyderabad,Vendor_O,94.8,30.3,0.0,1.152,9760,0,3.96,0
2024-06-05,FMCG-Home Care,Mumbai,Vendor_I,77.6,33.1,0.0,1.064,18076,0,3.42,0
2024-06-05,FMCG-Home Care,Kolkata,Vendor_O,34.3,34.1,0.0,0.924,9346,0,8.12,0
2024-06-05,FMCG-Home Care,Hyderabad,Vendor_C,80.3,36.2,0.0,1.133,41775,0,5.88,0
2024-06-05,FMCG-Home Care,Ahmedabad,Vendor_A,79.0,31.6,0.0,0.942,8875,0,5.9,0
2024-06-05,FMCG-Health,Bangalore,Vendor_N,80.6,25.2,0.0,1.026,14003,1901,7.45,0
2024-06-05,FMCG-Health,Hyderabad,Vendor_E,33.6,25.7,0.0,0.916,20564,2151,7.34,0
2024-06-05,FMCG-Health,Mumbai,Vendor_I,65.8,32.8,0.0,1.255,30998,682,7.75,0
2024-06-05,FMCG-Health,Delhi,Vendor_I,91.6,37.5,0.0,0.929,10401,0,7.23,0
2024-06-08,FMCG-Food,Kolkata,Vendor_J,80.1,28.0,0.0,1.266,30565,661,5.75,0
2024-06-08,FMCG-Food,Chennai,Vendor_M,94.6,25.2,0.0,1.258,44327,2196,4.7,0
2024-06-08,FMCG-Food,Ahmedabad,Vendor_B,30.8,26.1,0.0,1.194,17904,3322,5.03,0
2024-06-08,FMCG-Food,Hyderabad,Vendor_F,32.4,26.3,0.0,0.978,5361,0,6.23,0
2024-06-08,FMCG-Beverage,Kolkata,Vendor_D,40.1,35.6,0.0,1.273,20282,0,2.77,0
2024-06-08,FMCG-Beverage,Bangalore,Vendor_D,27.9,35.7,0.219,1.188,27303,619,8.26,3
2024-06-08,FMCG-Beverage,Pune,Vendor_B,74.9,29.9,0.0,1.223,12955,0,6.16,0
2024-06-08,FMCG-Beverage,Mumbai,Vendor_N,58.6,30.5,0.0,0.917,8904,154,3.35,0
2024-06-08,FMCG-Personal Care,Bangalore,Vendor_O,58.1,34.0,0.0,1.271,30085,1105,8.35,0
2024-06-08,FMCG-Personal Care,Mumbai,Vendor_M,73.0,39.2,0.0,1.077,14207,2313,6.82,0
2024-06-08,FMCG-Personal Care,Chennai,Vendor_J,42.9,27.5,0.0,1.083,30496,0,6.89,0
2024-06-08,FMCG-Personal Care,Pune,Vendor_F,81.1,38.8,0.0,1.118,31649,0,3.9,0
2024-06-08,FMCG-Home Care,Ahmedabad,Vendor_N,52.7,38.6,0.0,0.963,20893,0,3.66,0
2024-06-08,FMCG-Home Care,Delhi,Vendor_M,41.0,29.7,0.0,1.137,47160,844,3.32,0
2024-06-08,FMCG-Home Care,Pune,Vendor_I,36.9,30.5,0.0,1.094,22349,643,8.43,0
2024-06-08,FMCG-Home Care,Kolkata,Vendor_J,67.6,34.6,0.0,0.893,18547,3423,3.96,0
2024-06-08,FMCG-Health,Pune,Vendor_J,56.1,32.8,0.0,1.212,25254,0,4.23,0
2024-06-08,FMCG-Health,Ahmedabad,Vendor_G,56.0,28.3,0.0,0.961,31512,0,7.19,0
2024-06-08,FMCG-Health,Bangalore,Vendor_E,20.7,34.8,0.405,0.981,29001,1908,2.53,5
2024-06-08,FMCG-Health,Chennai,Vendor_C,68.2,34.3,0.0,1.144,42770,0,4.82,0
2024-06-11,FMCG-Food,Delhi,Vendor_B,79.0,37.5,0.0,0.895,24070,0,6.13,0
2024-06-11,FMCG-Food,Chennai,Vendor_N,33.3,33.9,0.017,0.879,35396,0,4.07,0
2024-06-11,FMCG-Food,Hyderabad,Vendor_F,91.7,25.5,0.0,0.983,5674,0,6.44,0
2024-06-11,FMCG-Food,Mumbai,Vendor_C,33.7,27.8,0.0,1.028,46824,3007,5.76,0
2024-06-11,FMCG-Beverage,Hyderabad,Vendor_J,46.3,35.4,0.0,1.069,8927,0,7.45,0
2024-06-11,FMCG-Beverage,Kolkata,Vendor_J,86.6,34.4,0.0,1.009,19260,430,5.18,0
2024-06-11,FMCG-Beverage,Bangalore,Vendor_C,48.5,34.5,0.0,1.107,34715,0,6.99,0
2024-06-11,FMCG-Beverage,Ahmedabad,Vendor_F,32.6,33.8,0.033,1.144,12839,0,5.86,0
2024-06-11,FMCG-Personal Care,Hyderabad,Vendor_I,37.3,33.6,0.0,1.144,27570,0,4.69,0
2024-06-11,FMCG-Personal Care,Chennai,Vendor_G,63.3,39.0,0.0,1.224,31170,1183,6.54,0
2024-06-11,FMCG-Personal Care,Delhi,Vendor_K,38.2,35.4,0.0,0.947,22966,209,4.45,0
2024-06-11,FMCG-Personal Care,Kolkata,Vendor_B,48.8,39.4,0.0,0.988,11993,12,7.32,0
2024-06-11,FMCG-Home Care,Chennai,Vendor_G,61.5,36.3,0.0,1.218,14068,0,3.98,0
2024-06-11,FMCG-Home Care,Delhi,Vendor_J,61.4,37.0,0.0,1.164,35015,0,3.74,0
2024-06-11,FMCG-Home Care,Bangalore,Vendor_N,20.7,30.3,0.316,1.199,20039,3964,6.27,1
2024-06-11,FMCG-Home Care,Mumbai,Vendor_D,35.5,35.1,0.0,0.882,45362,0,7.18,0
2024-06-11,FMCG-Health,Ahmedabad,Vendor_G,91.0,28.9,0.0,1.092,18574,0,6.75,0
2024-06-11,FMCG-Health,Delhi,Vendor_G,25.6,35.3,0.276,1.175,14181,0,7.35,0
2024-06-11,FMCG-Health,Hyderabad,Vendor_F,73.9,35.5,0.0,0.88,32160,730,6.56,0
2024-06-11,FMCG-Health,Kolkata,Vendor_E,36.4,28.4,0.0,0.958,43704,0,8.46,0
2024-06-14,FMCG-Food,Hyderabad,Vendor_I,47.4,37.1,0.0,1.073,41903,1037,4.39,0
2024-06-14,FMCG-Food,Chennai,Vendor_N,92.0,27.1,0.0,1.13,33186,1174,2.75,0
2024-06-14,FMCG-Food,Mumbai,Vendor_N,76.1,26.3,0.0,0.904,33313,0,7.51,0
2024-06-14,FMCG-Food,Kolkata,Vendor_G,42.5,39.4,0.0,1.226,21738,0,4.11,0
2024-06-14,FMCG-Beverage,Kolkata,Vendor_I,81.8,31.5,0.0,1.148,38137,4881,5.16,0
2024-06-14,FMCG-Beverage,Pune,Vendor_L,46.5,32.4,0.0,1.037,45379,649,5.74,0
2024-06-14,FMCG-Beverage,Hyderabad,Vendor_E,64.0,25.9,0.0,0.955,38751,0,6.52,0
2024-06-14,FMCG-Beverage,Chennai,Vendor_J,89.8,28.8,0.0,1.176,23954,1540,5.32,0
2024-06-14,FMCG-Personal Care,Delhi,Vendor_O,72.7,39.4,0.0,1.099,7340,1118,2.92,0
2024-06-14,FMCG-Personal Care,Bangalore,Vendor_H,62.7,35.6,0.0,1.058,15590,2318,4.21,0
2024-06-14,FMCG-Personal Care,Mumbai,Vendor_G,38.8,35.4,0.0,1.227,30070,1196,2.98,0
2024-06-14,FMCG-Personal Care,Ahmedabad,Vendor_L,53.0,32.5,0.0,1.269,17766,0,6.94,0
2024-06-14,FMCG-Home Care,Delhi,Vendor_G,40.7,31.0,0.0,0.874,36708,1780,4.2,0
2024-06-14,FMCG-Home Care,Pune,Vendor_I,47.2,29.0,0.0,0.918,20331,198,6.15,0
2024-06-14,FMCG-Home Care,Bangalore,Vendor_D,78.9,26.8,0.0,1.171,38723,2092,7.55,0
2024-06-14,FMCG-Home Care,Mumbai,Vendor_H,88.2,37.7,0.0,1.154,28716,3095,4.86,0
2024-06-14,FMCG-Health,Hyderabad,Vendor_L,87.1,27.6,0.0,1.129,42300,0,5.67,0
2024-06-14,FMCG-Health,Ahmedabad,Vendor_B,26.1,32.4,0.195,0.968,17555,1751,8.33,1
2024-06-14,FMCG-Health,Pune,Vendor_F,51.3,37.8,0.0,1.213,21464,2067,6.09,0
2024-06-14,FMCG-Health,Bangalore,Vendor_L,91.2,36.4,0.0,0.908,41379,2091,7.76,0
2024-06-17,FMCG-Food,Ahmedabad,Vendor_D,65.1,37.6,0.0,1.162,32309,0,8.06,0
2024-06-17,FMCG-Food,Mumbai,Vendor_C,26.8,29.9,0.101,0.992,23100,520,6.06,0
2024-06-17,FMCG-Food,Chennai,Vendor_B,81.1,37.9,0.0,1.187,25716,1720,6.38,0
2024-06-17,FMCG-Food,Bangalore,Vendor_F,43.9,29.1,0.0,0.881,12666,0,5.83,0
2024-06-17,FMCG-Beverage,Delhi,Vendor_B,38.8,29.1,0.0,1.24,42242,960,2.78,0
2024-06-17,FMCG-Beverage,Pune,Vendor_E,24.6,26.7,0.081,0.979,27114,0,7.61,0
2024-06-17,FMCG-Beverage,Bangalore,Vendor_N,59.8,27.1,0.0,1.215,46842,390,5.33,0
2024-06-17,FMCG-Beverage,Chennai,Vendor_H,29.6,27.2,0.0,0.875,8420,1407,5.28,0
2024-06-17,FMCG-Personal Care,Delhi,Vendor_O,41.0,34.9,0.0,1.216,26415,0,3.02,0
2024-06-17,FMCG-Personal Care,Ahmedabad,Vendor_J,20.3,30.8,0.341,1.123,41467,5431,8.34,2
2024-06-17,FMCG-Personal Care,Bangalore,Vendor_D,23.4,28.8,0.188,1.157,40762,505,6.1,1
2024-06-17,FMCG-Personal Care,Kolkata,Vendor_K,78.5,39.3,0.0,1.143,19068,0,5.72,0
2024-06-17,FMCG-Home Care,Pune,Vendor_C,33.3,27.4,0.0,1.033,43674,868,7.01,0
2024-06-17,FMCG-Home Care,Delhi,Vendor_M,76.6,34.3,0.0,1.176,26628,0,4.52,0
2024-06-17,FMCG-Home Care,Bangalore,Vendor_L,52.4,34.7,0.0,1.1,20793,0,5.02,0
2024-06-17,FMCG-Home Care,Hyderabad,Vendor_N,29.9,25.5,0.0,0.941,46551,0,2.7,0
2024-06-17,FMCG-Health,Ahmedabad,Vendor_F,36.3,26.2,0.0,1.005,8835,0,3.4,0
2024-06-17,FMCG-Health,Delhi,Vendor_O,85.6,29.6,0.0,0.923,39489,0,3.98,0
2024-06-17,FMCG-Health,Kolkata,Vendor_O,22.5,27.6,0.185,0.939,41641,3092,5.86,1
2024-06-17,FMCG-Health,Pune,Vendor_A,84.1,38.3,0.0,1.173,18331,0,6.32,0
2024-06-20,FMCG-Food,Mumbai,Vendor_N,69.5,38.5,0.0,1.213,46465,92,3.78,0
2024-06-20,FMCG-Food,Hyderabad,Vendor_B,75.0,38.5,0.0,1.017,41762,1012,8.23,0
2024-06-20,FMCG-Food,Chennai,Vendor_G,66.2,35.6,0.0,1.047,6133,174,8.37,0
2024-06-20,FMCG-Food,Delhi,Vendor_A,62.9,39.4,0.0,0.882,14848,0,3.71,0
2024-06-20,FMCG-Beverage,Hyderabad,Vendor_O,86.8,35.3,0.0,0.889,8741,1617,7.87,0
2024-06-20,FMCG-Beverage,Chennai,Vendor_L,61.1,36.9,0.0,0.913,17950,0,7.45,0
2024-06-20,FMCG-Beverage,Kolkata,Vendor_I,65.5,38.0,0.0,1.089,27613,0,6.54,0
2024-06-20,FMCG-Beverage,Mumbai,Vendor_I,81.6,31.6,0.0,1.211,14595,0,8.03,0
2024-06-20,FMCG-Personal Care,Mumbai,Vendor_O,76.2,26.6,0.0,0.92,10586,0,6.67,0
2024-06-20,FMCG-Personal Care,Hyderabad,Vendor_K,26.3,26.7,0.014,1.043,36958,0,7.0,0
2024-06-20,FMCG-Personal Care,Pune,Vendor_F,23.0,29.9,0.232,1.078,37155,0,2.89,0
2024-06-20,FMCG-Personal Care,Ahmedabad,Vendor_N,74.4,26.3,0.0,0.982,14093,3041,4.46,0
2024-06-20,FMCG-Home Care,Delhi,Vendor_H,49.2,36.0,0.0,0.912,44936,0,8.07,0
2024-06-20,FMCG-Home Care,Kolkata,Vendor_D,81.4,37.4,0.0,1.209,17583,0,7.53,0
2024-06-20,FMCG-Home Care,Mumbai,Vendor_O,85.7,29.2,0.0,1.248,12062,0,7.22,0
2024-06-20,FMCG-Home Care,Chennai,Vendor_O,73.6,37.7,0.0,1.081,4807,152,2.91,0
2024-06-20,FMCG-Health,Kolkata,Vendor_G,75.5,30.7,0.0,1.011,22334,19,7.09,0
2024-06-20,FMCG-Health,Ahmedabad,Vendor_N,24.6,29.2,0.157,0.923,20749,0,5.72,0
2024-06-20,FMCG-Health,Bangalore,Vendor_O,48.7,37.2,0.0,0.963,37591,1827,7.39,0
2024-06-20,FMCG-Health,Pune,Vendor_H,35.2,27.4,0.0,1.161,13240,0,2.57,0
2024-06-23,FMCG-Food,Hyderabad,Vendor_D,61.9,26.4,0.0,1.083,11077,2511,3.7,0
2024-06-23,FMCG-Food,Kolkata,Vendor_L,64.6,30.0,0.0,1.226,14002,1055,3.41,0
2024-06-23,FMCG-Food,Chennai,Vendor_G,47.6,26.8,0.0,0.95,15762,0,8.45,0
2024-06-23,FMCG-Food,Ahmedabad,Vendor_H,61.9,35.4,0.0,1.181,31072,32,3.04,0
2024-06-23,FMCG-Beverage,Kolkata,Vendor_F,72.7,33.1,0.0,1.049,46380,0,3.41,0
2024-06-23,FMCG-Beverage,Mumbai,Vendor_K,58.6,28.7,0.0,0.989,17129,1477,5.8,0
2024-06-23,FMCG-Beverage,Hyderabad,Vendor_L,38.7,39.1,0.009,1.206,37925,1720,7.53,0
2024-06-23,FMCG-Beverage,Delhi,Vendor_H,43.6,38.2,0.0,1.055,24777,0,4.28,0
2024-06-23,FMCG-Personal Care,Ahmedabad,Vendor_H,66.7,30.0,0.0,1.194,33088,26,8.35,0
2024-06-23,FMCG-Personal Care,Delhi,Vendor_B,39.5,29.4,0.0,1.192,10331,4781,6.61,0
2024-06-23,FMCG-Personal Care,Kolkata,Vendor_N,81.5,29.0,0.0,0.986,19517,1842,3.01,0
2024-06-23,FMCG-Personal Care,Hyderabad,Vendor_H,64.0,28.1,0.0,1.14,4913,0,2.96,0
2024-06-23,FMCG-Home Care,Mumbai,Vendor_M,31.8,31.7,0.0,1.078,16956,739,4.07,0
2024-06-23,FMCG-Home Care,Chennai,Vendor_N,24.7,35.4,0.302,1.258,33020,1101,7.42,2
2024-06-23,FMCG-Home Care,Kolkata,Vendor_O,44.9,28.8,0.0,0.934,42290,1643,5.93,0
2024-06-23,FMCG-Home Care,Delhi,Vendor_G,90.9,35.6,0.0,0.953,47011,1524,4.45,0
2024-06-23,FMCG-Health,Delhi,Vendor_J,64.6,31.2,0.0,1.188,17006,0,4.9,0
2024-06-23,FMCG-Health,Mumbai,Vendor_M,27.5,36.7,0.251,1.11,20315,2057,3.42,0
2024-06-23,FMCG-Health,Ahmedabad,Vendor_C,39.2,30.2,0.0,1.077,25160,483,5.63,0
2024-06-23,FMCG-Health,Chennai,Vendor_F,48.5,28.8,0.0,0.91,10643,1266,7.27,0
2024-06-26,FMCG-Food,Kolkata,Vendor_L,63.4,36.8,0.0,0.892,15016,991,8.18,0
2024-06-26,FMCG-Food,Hyderabad,Vendor_D,50.3,34.5,0.0,1.117,26902,951,6.29,0
2024-06-26,FMCG-Food,Pune,Vendor_M,60.5,36.6,0.0,1.231,45860,1109,2.55,0
2024-06-26,FMCG-Food,Bangalore,Vendor_C,64.1,30.5,0.0,1.111,46753,430,7.39,0
2024-06-26,FMCG-Beverage,Chennai,Vendor_A,50.1,36.2,0.0,0.965,5137,0,4.23,0
2024-06-26,FMCG-Beverage,Mumbai,Vendor_G,62.6,38.7,0.0,1.135,12314,0,4.58,0
2024-06-26,FMCG-Beverage,Bangalore,Vendor_G,57.6,39.1,0.0,1.009,26971,0,2.68,0
2024-06-26,FMCG-Beverage,Delhi,Vendor_E,54.1,32.2,0.0,1.055,39199,0,7.14,0
2024-06-26,FMCG-Personal Care,Chennai,Vendor_N,39.3,30.9,0.0,1.047,31893,0,3.66,0
2024-06-26,FMCG-Personal Care,Kolkata,Vendor_B,26.6,35.8,0.256,0.931,11756,2073,4.73,0
2024-06-26,FMCG-Personal Care,Delhi,Vendor_I,37.2,27.1,0.0,0.911,8547,2668,3.04,0
2024-06-26,FMCG-Personal Care,Mumbai,Vendor_G,46.6,28.2,0.0,1.003,28229,0,6.04,0
2024-06-26,FMCG-Home Care,Mumbai,Vendor_A,25.1,26.4,0.048,0.919,34660,2036,3.03,0
2024-06-26,FMCG-Home Care,Pune,Vendor_I,54.3,33.9,0.0,1.156,18263,0,8.0,0
2024-06-26,FMCG-Home Care,Bangalore,Vendor_J,75.6,32.0,0.0,1.166,37815,2641,6.12,0
2024-06-26,FMCG-Home Care,Hyderabad,Vendor_J,92.9,35.4,0.0,1.238,11472,0,2.96,0
2024-06-26,FMCG-Health,Mumbai,Vendor_M,70.7,30.9,0.0,1.037,44497,627,2.69,0
2024-06-26,FMCG-Health,Pune,Vendor_L,80.8,28.4,0.0,0.984,21181,0,7.92,0
2024-06-26,FMCG-Health,Delhi,Vendor_N,56.6,35.1,0.0,0.956,23029,992,6.33,0
2024-06-26,FMCG-Health,Kolkata,Vendor_C,35.9,39.7,0.095,0.96,35405,0,5.45,1
2024-06-29,FMCG-Food,Delhi,Vendor_K,52.1,30.8,0.0,1.071,20239,0,6.13,0
2024-06-29,FMCG-Food,Kolkata,Vendor_G,35.2,37.0,0.05,1.135,12275,0,5.71,0
2024-06-29,FMCG-Food,Bangalore,Vendor_M,21.6,37.6,0.426,1.148,30134,0,4.98,2
2024-06-29,FMCG-Food,Chennai,Vendor_A,41.3,39.1,0.0,1.09,20621,0,3.71,0
2024-06-29,FMCG-Beverage,Pune,Vendor_D,43.6,33.9,0.0,0.969,14826,2905,2.99,0
2024-06-29,FMCG-Beverage,Kolkata,Vendor_A,81.8,30.9,0.0,1.086,14854,0,7.95,0
2024-06-29,FMCG-Beverage,Chennai,Vendor_J,73.4,32.2,0.0,0.892,8265,0,5.36,0
2024-06-29,FMCG-Beverage,Delhi,Vendor_C,62.0,39.1,0.0,0.873,26231,968,4.18,0
2024-06-29,FMCG-Personal Care,Ahmedabad,Vendor_A,85.5,33.3,0.0,1.222,25763,0,6.92,0
2024-06-29,FMCG-Personal Care,Delhi,Vendor_I,66.9,31.6,0.0,1.144,14594,0,5.89,0
2024-06-29,FMCG-Personal Care,Bangalore,Vendor_F,54.4,32.5,0.0,1.166,40515,1569,7.7,0
2024-06-29,FMCG-Personal Care,Chennai,Vendor_L,38.0,30.4,0.0,1.133,21237,0,5.23,0
2024-06-29,FMCG-Home Care,Kolkata,Vendor_B,59.4,31.2,0.0,1.208,25196,1399,7.2,0
2024-06-29,FMCG-Home Care,Chennai,Vendor_D,86.6,30.8,0.0,1.265,36319,0,3.93,0
2024-06-29,FMCG-Home Care,Pune,Vendor_B,22.2,37.1,0.403,1.161,42028,0,6.61,5
2024-06-29,FMCG-Home Care,Bangalore,Vendor_L,26.5,34.8,0.238,0.996,17235,0,7.07,0
2024-06-29,FMCG-Health,Ahmedabad,Vendor_K,66.3,34.6,0.0,1.174,5788,0,3.08,0
2024-06-29,FMCG-Health,Pune,Vendor_D,67.0,25.0,0.0,1.0,11714,4121,4.38,0
2024-06-29,FMCG-Health,Kolkata,Vendor_K,26.0,37.8,0.311,0.991,33042,0,7.19,3
2024-06-29,FMCG-Health,Bangalore,Vendor_D,94.6,25.1,0.0,1.111,20438,0,5.61,0
2024-07-02,FMCG-Food,Kolkata,Vendor_B,49.5,25.2,0.0,0.994,9289,1838,7.14,0
2024-07-02,FMCG-Food,Bangalore,Vendor_H,73.3,35.9,0.0,0.899,22325,1627,6.31,0
2024-07-02,FMCG-Food,Ahmedabad,Vendor_O,80.1,37.6,0.0,0.906,39351,0,3.81,0
2024-07-02,FMCG-Food,Pune,Vendor_A,66.6,32.9,0.0,1.094,44237,2784,3.28,0
2024-07-02,FMCG-Beverage,Ahmedabad,Vendor_L,35.8,36.1,0.007,0.921,39227,466,6.92,0
2024-07-02,FMCG-Beverage,Pune,Vendor_M,73.8,31.6,0.0,1.282,43719,0,4.2,0
2024-07-02,FMCG-Beverage,Delhi,Vendor_G,51.5,33.8,0.0,1.216,17400,343,4.67,0
2024-07-02,FMCG-Beverage,Hyderabad,Vendor_I,78.1,25.5,0.0,0.892,31373,891,4.18,0
2024-07-02,FMCG-Personal Care,Kolkata,Vendor_J,94.0,26.5,0.0,1.25,34626,902,4.76,0
2024-07-02,FMCG-Personal Care,Chennai,Vendor_O,22.9,34.0,0.327,1.02,26606,249,3.56,2
2024-07-02,FMCG-Personal Care,Hyderabad,Vendor_A,60.3,30.4,0.0,0.988,28764,0,4.34,0
2024-07-02,FMCG-Personal Care,Pune,Vendor_H,58.6,28.9,0.0,1.237,24379,3817,6.31,0
2024-07-02,FMCG-Home Care,Mumbai,Vendor_G,30.6,34.3,0.108,1.017,27534,0,5.97,0
2024-07-02,FMCG-Home Care,Pune,Vendor_O,33.1,27.0,0.0,1.195,33883,0,3.62,0
2024-07-02,FMCG-Home Care,Ahmedabad,Vendor_H,42.3,31.8,0.0,1.131,33992,0,5.19,0
2024-07-02,FMCG-Home Care,Delhi,Vendor_K,46.1,30.8,0.0,1.279,41386,0,4.3,0
2024-07-02,FMCG-Health,Delhi,Vendor_E,43.3,37.1,0.0,0.961,44554,0,6.53,0
2024-07-02,FMCG-Health,Pune,Vendor_L,82.4,26.4,0.0,1.217,19206,0,5.38,0
2024-07-02,FMCG-Health,Chennai,Vendor_G,28.4,38.5,0.263,0.927,17275,4151,3.46,0
2024-07-02,FMCG-Health,Mumbai,Vendor_K,68.5,29.1,0.0,1.268,18982,0,4.16,0
2024-07-05,FMCG-Food,Hyderabad,Vendor_K,63.9,31.0,0.0,0.929,38010,0,3.71,0
2024-07-05,FMCG-Food,Delhi,Vendor_N,31.3,39.7,0.211,0.907,27652,4056,2.56,0
2024-07-05,FMCG-Food,Mumbai,Vendor_N,72.6,28.5,0.0,0.984,7862,254,8.05,0
2024-07-05,FMCG-Food,Bangalore,Vendor_C,52.7,39.6,0.0,1.066,12102,568,3.13,0
2024-07-05,FMCG-Beverage,Mumbai,Vendor_F,88.8,26.0,0.0,1.215,35191,0,5.94,0
2024-07-05,FMCG-Beverage,Pune,Vendor_F,63.9,29.5,0.0,1.15,6582,0,7.38,0
2024-07-05,FMCG-Beverage,Delhi,Vendor_I,67.2,35.4,0.0,1.251,14431,1394,5.15,0
2024-07-05,FMCG-Beverage,Bangalore,Vendor_O,49.1,25.1,0.0,1.004,39053,0,3.07,0
2024-07-05,FMCG-Personal Care,Ahmedabad,Vendor_B,93.2,38.1,0.0,0.986,39243,0,6.03,0
2024-07-05,FMCG-Personal Care,Kolkata,Vendor_F,47.5,38.1,0.0,0.888,23194,1457,3.36,0
2024-07-05,FMCG-Personal Care,Pune,Vendor_D,54.6,39.5,0.0,1.091,27210,0,4.49,0
2024-07-05,FMCG-Personal Care,Mumbai,Vendor_A,55.1,35.5,0.0,0.963,22772,2543,3.64,0
2024-07-05,FMCG-Home Care,Ahmedabad,Vendor_G,70.8,34.1,0.0,0.958,22263,0,5.41,0
2024-07-05,FMCG-Home Care,Hyderabad,Vendor_F,55.1,27.7,0.0,0.878,22178,76,7.55,0
2024-07-05,FMCG-Home Care,Mumbai,Vendor_G,71.0,39.6,0.0,1.028,25556,152,3.14,0
2024-07-05,FMCG-Home Care,Delhi,Vendor_I,63.7,25.4,0.0,0.999,8909,0,4.6,0
2024-07-05,FMCG-Health,Ahmedabad,Vendor_G,22.7,34.5,0.343,1.144,19108,0,7.57,1
2024-07-05,FMCG-Health,Hyderabad,Vendor_G,41.4,28.1,0.0,1.153,13249,0,4.05,0
2024-07-05,FMCG-Health,Bangalore,Vendor_B,70.2,36.7,0.0,0.933,27335,0,8.11,0
2024-07-05,FMCG-Health,Mumbai,Vendor_N,51.0,35.0,0.0,0.908,42214,1947,6.28,0
2024-07-08,FMCG-Food,Hyderabad,Vendor_G,46.0,30.3,0.0,1.085,29284,685,3.14,0
2024-07-08,FMCG-Food,Ahmedabad,Vendor_O,33.6,29.5,0.0,1.094,32019,0,7.45,0
2024-07-08,FMCG-Food,Bangalore,Vendor_I,88.8,32.8,0.0,1.184,36267,0,5.04,0
2024-07-08,FMCG-Food,Mumbai,Vendor_D,50.0,28.3,0.0,1.058,11509,1732,2.95,0
2024-07-08,FMCG-Beverage,Bangalore,Vendor_K,33.5,28.0,0.0,1.132,31145,288,2.91,0
2024-07-08,FMCG-Beverage,Mumbai,Vendor_I,86.4,27.2,0.0,1.054,22537,2014,4.24,0
2024-07-08,FMCG-Beverage,Delhi,Vendor_N,58.7,32.8,0.0,0.902,12987,1235,6.01,0
2024-07-08,FMCG-Beverage,Hyderabad,Vendor_D,30.9,31.9,0.031,1.109,40252,0,4.73,1
2024-07-08,FMCG-Personal Care,Hyderabad,Vendor_G,69.5,25.7,0.0,1.143,21257,2144,5.59,0
2024-07-08,FMCG-Personal Care,Bangalore,Vendor_L,57.5,30.8,0.0,0.978,14504,0,7.65,0
2024-07-08,FMCG-Personal Care,Mumbai,Vendor_E,62.3,32.7,0.0,1.129,37660,0,5.11,0
2024-07-08,FMCG-Personal Care,Delhi,Vendor_K,63.0,35.3,0.0,1.11,25867,116,8.38,0
2024-07-08,FMCG-Home Care,Kolkata,Vendor_F,74.8,34.3,0.0,1.178,43120,0,3.99,0
2024-07-08,FMCG-Home Care,Chennai,Vendor_K,31.5,32.6,0.032,1.048,14749,2654,7.19,0
2024-07-08,FMCG-Home Care,Hyderabad,Vendor_L,90.3,27.3,0.0,1.009,44823,1492,8.42,0
2024-07-08,FMCG-Home Care,Ahmedabad,Vendor_E,85.8,30.9,0.0,1.201,26006,0,4.46,0
2024-07-08,FMCG-Health,Chennai,Vendor_O,44.7,39.2,0.0,1.215,9100,0,6.74,0
2024-07-08,FMCG-Health,Bangalore,Vendor_K,32.3,39.2,0.175,1.117,26197,3408,4.65,0
2024-07-08,FMCG-Health,Hyderabad,Vendor_C,33.3,26.3,0.0,1.091,44983,1323,8.17,0
2024-07-08,FMCG-Health,Mumbai,Vendor_M,46.5,33.1,0.0,0.983,41888,2685,4.27,0
2024-07-11,FMCG-Food,Ahmedabad,Vendor_G,80.2,26.5,0.0,1.17,37133,2368,5.46,0
2024-07-11,FMCG-Food,Pune,Vendor_J,42.5,33.3,0.0,1.067,17176,2017,3.78,0
2024-07-11,FMCG-Food,Mumbai,Vendor_D,77.9,29.8,0.0,1.233,10708,2488,4.45,0
2024-07-11,FMCG-Food,Bangalore,Vendor_C,82.2,36.7,0.0,0.969,24979,3054,7.28,0
2024-07-11,FMCG-Beverage,Chennai,Vendor_K,85.1,25.7,0.0,1.089,17169,0,5.65,0
2024-07-11,FMCG-Beverage,Ahmedabad,Vendor_F,55.9,33.5,0.0,1.007,40641,0,6.74,0
2024-07-11,FMCG-Beverage,Bangalore,Vendor_I,48.7,36.5,0.0,0.89,38868,0,5.99,0
2024-07-11,FMCG-Beverage,Kolkata,Vendor_I,30.2,31.5,0.041,1.106,17015,0,2.89,0
2024-07-11,FMCG-Personal Care,Ahmedabad,Vendor_N,50.1,25.5,0.0,1.092,39725,0,3.27,0
2024-07-11,FMCG-Personal Care,Bangalore,Vendor_C,95.0,34.6,0.0,0.891,12146,2489,2.85,0
2024-07-11,FMCG-Personal Care,Chennai,Vendor_H,68.0,34.0,0.0,1.095,38887,0,4.44,0
2024-07-11,FMCG-Personal Care,Delhi,Vendor_G,28.6,37.2,0.232,1.01,10607,0,4.22,2
2024-07-11,FMCG-Home Care,Bangalore,Vendor_L,66.7,25.3,0.0,0.955,9122,0,5.38,0
2024-07-11,FMCG-Home Care,Delhi,Vendor_O,92.1,26.6,0.0,1.119,7974,0,5.91,0
2024-07-11,FMCG-Home Care,Kolkata,Vendor_G,50.4,35.3,0.0,1.062,12786,3085,3.6,0
2024-07-11,FMCG-Home Care,Chennai,Vendor_H,21.8,35.7,0.391,0.885,18970,0,7.05,3
2024-07-11,FMCG-Health,Delhi,Vendor_H,63.9,38.3,0.0,0.951,16963,0,5.41,0
2024-07-11,FMCG-Health,Chennai,Vendor_D,76.9,37.2,0.0,1.253,28481,0,4.39,0
2024-07-11,FMCG-Health,Mumbai,Vendor_J,63.8,36.8,0.0,1.131,38866,0,6.85,0
2024-07-11,FMCG-Health,Pune,Vendor_B,65.8,25.8,0.0,1.138,20005,0,5.74,0
2024-07-14,FMCG-Food,Chennai,Vendor_C,67.9,30.9,0.0,1.094,42829,0,5.83,0
2024-07-14,FMCG-Food,Bangalore,Vendor_K,27.0,26.8,0.0,1.226,10827,979,6.47,0
2024-07-14,FMCG-Food,Hyderabad,Vendor_B,51.6,38.6,0.0,1.203,26196,0,6.87,0
2024-07-14,FMCG-Food,Ahmedabad,Vendor_D,50.6,37.9,0.0,1.2,5809,607,8.04,0
2024-07-14,FMCG-Beverage,Hyderabad,Vendor_H,36.3,28.0,0.0,1.283,18779,1513,5.26,0
2024-07-14,FMCG-Beverage,Bangalore,Vendor_D,56.3,30.1,0.0,1.041,30317,0,7.59,0
2024-07-14,FMCG-Beverage,Delhi,Vendor_H,64.1,38.4,0.0,1.06,4755,138,7.88,0
2024-07-14,FMCG-Beverage,Ahmedabad,Vendor_M,33.8,26.1,0.0,1.25,31420,180,5.97,0
2024-07-14,FMCG-Personal Care,Kolkata,Vendor_G,54.6,36.9,0.0,0.966,17391,257,7.31,0
2024-07-14,FMCG-Personal Care,Hyderabad,Vendor_E,49.9,25.1,0.0,0.953,13100,0,5.43,0
2024-07-14,FMCG-Personal Care,Delhi,Vendor_K,66.5,27.5,0.0,1.204,22913,0,6.0,0
2024-07-14,FMCG-Personal Care,Chennai,Vendor_K,64.4,25.1,0.0,1.214,32907,0,3.15,0
2024-07-14,FMCG-Home Care,Kolkata,Vendor_L,27.4,26.1,0.0,1.125,38814,372,3.88,0
2024-07-14,FMCG-Home Care,Hyderabad,Vendor_F,74.1,39.5,0.0,0.979,44548,0,7.9,0
2024-07-14,FMCG-Home Care,Pune,Vendor_A,56.6,32.4,0.0,0.891,15875,0,7.53,0
2024-07-14,FMCG-Home Care,Ahmedabad,Vendor_O,67.0,34.9,0.0,1.245,30340,1983,3.91,0
2024-07-14,FMCG-Health,Bangalore,Vendor_K,57.8,39.2,0.0,1.067,33779,4013,3.63,0
2024-07-14,FMCG-Health,Hyderabad,Vendor_K,29.2,32.0,0.085,1.106,25574,4922,7.99,0
2024-07-14,FMCG-Health,Kolkata,Vendor_F,36.9,30.9,0.0,1.048,38240,267,6.46,0
2024-07-14,FMCG-Health,Chennai,Vendor_O,65.1,33.4,0.0,1.102,41528,0,7.29,0
2024-07-17,FMCG-Food,Mumbai,Vendor_B,59.9,29.7,0.0,0.94,9616,2901,4.64,0
2024-07-17,FMCG-Food,Ahmedabad,Vendor_L,46.7,27.3,0.0,1.231,28364,401,7.96,0
2024-07-17,FMCG-Food,Kolkata,Vendor_M,77.5,39.6,0.0,1.04,14253,0,3.1,0
2024-07-17,FMCG-Food,Pune,Vendor_E,53.2,38.7,0.0,1.026,20404,0,5.46,0
2024-07-17,FMCG-Beverage,Ahmedabad,Vendor_C,64.9,33.3,0.0,0.896,9858,0,6.94,0
2024-07-17,FMCG-Beverage,Hyderabad,Vendor_C,27.1,33.3,0.187,1.015,40299,0,7.85,2
2024-07-17,FMCG-Beverage,Chennai,Vendor_J,41.1,33.4,0.0,1.203,40274,389,5.41,0
2024-07-17,FMCG-Beverage,Mumbai,Vendor_L,66.3,32.2,0.0,0.955,4784,0,3.58,0
2024-07-17,FMCG-Personal Care,Hyderabad,Vendor_K,68.2,36.5,0.0,1.213,4533,0,2.9,0
2024-07-17,FMCG-Personal Care,Chennai,Vendor_G,39.9,36.6,0.0,0.959,37987,0,7.54,0
2024-07-17,FMCG-Personal Care,Mumbai,Vendor_M,27.4,35.1,0.219,1.16,19664,0,4.52,1
2024-07-17,FMCG-Personal Care,Ahmedabad,Vendor_B,89.7,37.8,0.0,1.04,9423,2788,7.8,0
2024-07-17,FMCG-Home Care,Kolkata,Vendor_N,34.6,39.5,0.123,1.093,8095,957,2.86,1
2024-07-17,FMCG-Home Care,Mumbai,Vendor_G,91.0,29.3,0.0,1.144,15318,0,3.56,0
2024-07-17,FMCG-Home Care,Pune,Vendor_C,22.3,31.7,0.298,0.958,24496,0,8.48,4
2024-07-17,FMCG-Home Care,Delhi,Vendor_I,29.0,33.5,0.134,1.114,40794,0,5.51,0
2024-07-17,FMCG-Health,Ahmedabad,Vendor_K,29.6,30.6,0.031,1.072,12351,0,7.39,0
2024-07-17,FMCG-Health,Hyderabad,Vendor_M,63.7,35.5,0.0,1.195,43613,0,6.12,0
2024-07-17,FMCG-Health,Delhi,Vendor_M,43.8,31.3,0.0,1.236,6073,0,6.34,0
2024-07-17,FMCG-Health,Mumbai,Vendor_H,78.6,33.8,0.0,0.878,14746,3633,4.52,0
2024-07-20,FMCG-Food,Chennai,Vendor_I,50.9,32.1,0.0,1.128,22692,3218,2.84,0
2024-07-20,FMCG-Food,Kolkata,Vendor_D,56.6,29.9,0.0,1.238,39941,170,7.98,0
2024-07-20,FMCG-Food,Ahmedabad,Vendor_I,71.6,34.3,0.0,0.963,6975,2422,2.68,0
2024-07-20,FMCG-Food,Delhi,Vendor_A,70.5,31.2,0.0,0.897,37281,0,6.16,0
2024-07-20,FMCG-Beverage,Bangalore,Vendor_L,77.0,25.8,0.0,1.129,28024,0,7.3,0
2024-07-20,FMCG-Beverage,Chennai,Vendor_G,55.1,30.7,0.0,1.179,16712,1055,5.07,0
2024-07-20,FMCG-Beverage,Pune,Vendor_I,41.1,25.8,0.0,0.978,34042,722,5.31,0
2024-07-20,FMCG-Beverage,Kolkata,Vendor_C,72.5,31.4,0.0,1.175,41893,0,5.29,0
2024-07-20,FMCG-Personal Care,Delhi,Vendor_L,55.9,39.7,0.0,1.023,21281,0,3.61,0
2024-07-20,FMCG-Personal Care,Ahmedabad,Vendor_O,28.1,28.9,0.025,1.051,44844,1879,4.17,0
2024-07-20,FMCG-Personal Care,Pune,Vendor_G,84.8,34.2,0.0,1.148,33860,0,5.04,0
2024-07-20,FMCG-Personal Care,Kolkata,Vendor_O,75.1,35.3,0.0,1.047,30159,1738,4.86,0
2024-07-20,FMCG-Home Care,Delhi,Vendor_D,57.9,32.5,0.0,1.139,9423,0,5.59,0
2024-07-20,FMCG-Home Care,Kolkata,Vendor_M,22.8,32.3,0.295,1.14,15223,0,3.72,1
2024-07-20,FMCG-Home Care,Chennai,Vendor_G,55.6,31.5,0.0,1.123,25587,1740,5.09,0
2024-07-20,FMCG-Home Care,Ahmedabad,Vendor_G,73.4,27.5,0.0,1.003,32020,743,8.02,0
2024-07-20,FMCG-Health,Hyderabad,Vendor_E,73.8,30.8,0.0,1.176,11735,582,3.67,0
2024-07-20,FMCG-Health,Kolkata,Vendor_E,42.9,28.9,0.0,0.995,15090,2776,5.45,0
2024-07-20,FMCG-Health,Chennai,Vendor_M,43.4,35.9,0.0,1.236,43042,1678,6.47,0
2024-07-20,FMCG-Health,Pune,Vendor_E,79.2,37.3,0.0,1.141,42913,1791,5.2,0
2024-07-23,FMCG-Food,Bangalore,Vendor_J,25.8,38.4,0.328,0.976,40579,0,7.44,1
2024-07-23,FMCG-Food,Kolkata,Vendor_B,32.9,39.9,0.174,1.269,23252,36,3.81,1
2024-07-23,FMCG-Food,Pune,Vendor_O,42.5,33.7,0.0,1.143,10296,1292,6.51,0
2024-07-23,FMCG-Food,Mumbai,Vendor_A,31.7,36.6,0.132,1.017,43921,0,6.9,0
2024-07-23,FMCG-Beverage,Mumbai,Vendor_B,44.2,34.1,0.0,0.983,26241,83,7.81,0
2024-07-23,FMCG-Beverage,Hyderabad,Vendor_B,82.0,34.9,0.0,1.263,44632,0,2.8,0
2024-07-23,FMCG-Beverage,Chennai,Vendor_D,39.4,35.0,0.0,0.939,32295,0,8.19,0
2024-07-23,FMCG-Beverage,Delhi,Vendor_L,36.1,32.5,0.0,1.263,38860,0,5.64,0
2024-07-23,FMCG-Personal Care,Hyderabad,Vendor_I,68.0,30.3,0.0,1.22,27435,2640,8.49,0
2024-07-23,FMCG-Personal Care,Pune,Vendor_C,36.0,31.2,0.0,1.1,32621,1555,6.57,0
2024-07-23,FMCG-Personal Care,Chennai,Vendor_E,25.8,26.0,0.008,1.284,17963,224,4.7,0
2024-07-23,FMCG-Personal Care,Mumbai,Vendor_E,88.5,27.3,0.0,0.941,36097,2493,4.24,0
2024-07-23,FMCG-Home Care,Bangalore,Vendor_G,78.4,36.3,0.0,1.13,36998,0,5.78,0
2024-07-23,FMCG-Home Care,Ahmedabad,Vendor_E,20.2,25.1,0.196,0.882,25099,0,7.75,1
2024-07-23,FMCG-Home Care,Chennai,Vendor_N,80.8,33.9,0.0,1.145,39561,0,6.68,0
2024-07-23,FMCG-Home Care,Kolkata,Vendor_F,20.6,38.8,0.469,1.146,32843,242,3.68,4
2024-07-23,FMCG-Health,Pune,Vendor_C,54.9,33.0,0.0,1.19,37034,4995,3.78,0
2024-07-23,FMCG-Health,Bangalore,Vendor_I,55.1,37.4,0.0,1.248,14556,0,4.53,0
2024-07-23,FMCG-Health,Delhi,Vendor_L,85.6,30.7,0.0,0.989,36470,0,7.09,0
2024-07-23,FMCG-Health,Chennai,Vendor_C,93.8,31.9,0.0,1.014,8087,0,5.04,0
2024-07-26,FMCG-Food,Hyderabad,Vendor_A,46.6,38.2,0.0,0.989,37683,1167,6.77,0
2024-07-26,FMCG-Food,Ahmedabad,Vendor_E,73.9,38.1,0.0,0.888,13139,3547,5.52,0
2024-07-26,FMCG-Food,Mumbai,Vendor_B,26.6,26.3,0.0,0.955,10938,0,7.89,0
2024-07-26,FMCG-Food,Delhi,Vendor_K,74.3,38.3,0.0,0.916,42132,1956,5.92,0
2024-07-26,FMCG-Beverage,Bangalore,Vendor_K,78.2,30.1,0.0,1.134,9860,4474,6.38,0
2024-07-26,FMCG-Beverage,Hyderabad,Vendor_B,76.4,34.5,0.0,1.272,44362,3129,8.33,0
2024-07-26,FMCG-Beverage,Mumbai,Vendor_A,42.0,31.1,0.0,1.241,13264,0,8.32,0
2024-07-26,FMCG-Beverage,Chennai,Vendor_O,89.8,30.7,0.0,0.912,32825,1737,7.79,0
2024-07-26,FMCG-Personal Care,Delhi,Vendor_H,86.0,33.5,0.0,1.123,10727,678,3.15,0
2024-07-26,FMCG-Personal Care,Mumbai,Vendor_B,90.1,37.3,0.0,1.022,33241,0,6.57,0
2024-07-26,FMCG-Personal Care,Hyderabad,Vendor_A,42.4,37.6,0.0,1.19,43865,854,3.03,0
2024-07-26,FMCG-Personal Care,Kolkata,Vendor_G,72.2,37.1,0.0,1.071,31391,0,6.24,0
2024-07-26,FMCG-Home Care,Pune,Vendor_A,24.5,29.0,0.156,1.079,15119,248,3.71,0
2024-07-26,FMCG-Home Care,Mumbai,Vendor_L,47.0,35.9,0.0,1.187,32886,2171,8.03,0
2024-07-26,FMCG-Home Care,Ahmedabad,Vendor_N,34.0,34.6,0.017,0.913,44288,0,4.04,0
2024-07-26,FMCG-Home Care,Bangalore,Vendor_N,34.3,29.3,0.0,0.88,23860,0,7.95,0
2024-07-26,FMCG-Health,Bangalore,Vendor_F,38.9,26.0,0.0,0.954,31468,1052,6.58,0
2024-07-26,FMCG-Health,Kolkata,Vendor_I,76.9,36.2,0.0,1.239,12501,85,7.48,0
2024-07-26,FMCG-Health,Ahmedabad,Vendor_F,36.7,37.4,0.02,1.068,35133,1300,3.02,0
2024-07-26,FMCG-Health,Mumbai,Vendor_I,78.6,37.0,0.0,1.045,32900,0,3.55,0
2024-07-29,FMCG-Food,Chennai,Vendor_N,84.1,34.6,0.0,0.952,42207,2020,6.89,0
2024-07-29,FMCG-Food,Ahmedabad,Vendor_H,51.7,38.1,0.0,1.157,44975,501,7.11,0
2024-07-29,FMCG-Food,Pune,Vendor_O,66.5,29.1,0.0,1.101,32790,1582,7.44,0
2024-07-29,FMCG-Food,Mumbai,Vendor_O,84.4,36.9,0.0,1.262,24640,6298,5.91,0
2024-07-29,FMCG-Beverage,Kolkata,Vendor_B,63.2,36.5,0.0,1.043,38409,2291,2.52,0
2024-07-29,FMCG-Beverage,Mumbai,Vendor_E,53.1,26.0,0.0,0.978,42783,2187,3.87,0
2024-07-29,FMCG-Beverage,Chennai,Vendor_D,20.9,33.7,0.379,0.928,42569,0,3.04,0
2024-07-29,FMCG-Beverage,Hyderabad,Vendor_M,47.7,26.7,0.0,1.069,11737,0,7.39,0
2024-07-29,FMCG-Personal Care,Mumbai,Vendor_G,68.0,27.2,0.0,0.877,44438,3416,6.35,0
2024-07-29,FMCG-Personal Care,Chennai,Vendor_A,77.0,33.9,0.0,1.048,32441,956,6.04,0
2024-07-29,FMCG-Personal Care,Ahmedabad,Vendor_C,79.5,38.3,0.0,1.236,5307,0,6.6,0
2024-07-29,FMCG-Personal Care,Hyderabad,Vendor_M,77.3,36.5,0.0,0.985,20806,0,4.5,0
2024-07-29,FMCG-Home Care,Kolkata,Vendor_A,84.7,30.5,0.0,1.146,40846,2540,4.47,0
2024-07-29,FMCG-Home Care,Delhi,Vendor_I,52.8,27.7,0.0,1.107,24120,0,3.08,0
2024-07-29,FMCG-Home Care,Ahmedabad,Vendor_N,32.3,30.3,0.0,1.247,42410,0,3.38,0
2024-07-29,FMCG-Home Care,Chennai,Vendor_J,94.3,34.2,0.0,1.249,38268,713,6.07,0
2024-07-29,FMCG-Health,Mumbai,Vendor_A,71.4,30.1,0.0,1.248,16472,1316,7.99,0
2024-07-29,FMCG-Health,Bangalore,Vendor_L,53.6,30.4,0.0,0.901,32440,0,5.41,0
2024-07-29,FMCG-Health,Kolkata,Vendor_M,33.2,28.5,0.0,0.97,9254,0,5.72,0
2024-07-29,FMCG-Health,Chennai,Vendor_G,88.3,27.9,0.0,0.915,25180,921,5.71,0
2024-08-01,FMCG-Food,Kolkata,Vendor_N,49.0,31.3,0.0,1.129,30223,0,7.0,0
2024-08-01,FMCG-Food,Chennai,Vendor_N,60.2,25.3,0.0,1.2,7477,0,8.42,0
2024-08-01,FMCG-Food,Pune,Vendor_E,79.5,26.7,0.0,1.258,27675,0,4.76,0
2024-08-01,FMCG-Food,Bangalore,Vendor_I,20.9,28.4,0.265,0.933,22985,1478,4.72,2
2024-08-01,FMCG-Beverage,Pune,Vendor_H,36.6,33.7,0.0,1.226,13362,0,5.39,0
2024-08-01,FMCG-Beverage,Hyderabad,Vendor_C,84.1,26.9,0.0,1.025,27020,184,6.17,0
2024-08-01,FMCG-Beverage,Mumbai,Vendor_L,79.3,31.6,0.0,1.172,30839,2043,5.01,0
2024-08-01,FMCG-Beverage,Kolkata,Vendor_M,45.7,35.9,0.0,0.956,38615,1503,7.5,0
2024-08-01,FMCG-Personal Care,Ahmedabad,Vendor_C,86.4,31.5,0.0,1.016,13480,0,6.46,0
2024-08-01,FMCG-Personal Care,Hyderabad,Vendor_D,93.0,28.1,0.0,1.232,30716,48,4.68,0
2024-08-01,FMCG-Personal Care,Chennai,Vendor_C,47.0,39.3,0.0,1.012,21197,0,7.54,0
2024-08-01,FMCG-Personal Care,Mumbai,Vendor_J,21.2,28.7,0.262,1.178,18875,217,6.24,0
2024-08-01,FMCG-Home Care,Kolkata,Vendor_B,27.8,30.3,0.084,1.265,37680,0,3.91,0
2024-08-01,FMCG-Home Care,Mumbai,Vendor_B,87.9,28.7,0.0,0.914,26585,0,4.46,0
2024-08-01,FMCG-Home Care,Ahmedabad,Vendor_O,93.5,26.8,0.0,0.962,5751,2873,2.53,0
2024-08-01,FMCG-Home Care,Hyderabad,Vendor_A,84.8,26.8,0.0,1.26,18848,0,6.33,0
2024-08-01,FMCG-Health,Hyderabad,Vendor_K,67.7,29.8,0.0,1.171,29421,0,3.29,0
2024-08-01,FMCG-Health,Mumbai,Vendor_B,84.2,38.3,0.0,1.116,41446,422,5.32,0
2024-08-01,FMCG-Health,Ahmedabad,Vendor_F,49.7,27.7,0.0,0.887,39031,0,7.54,0
2024-08-01,FMCG-Health,Kolkata,Vendor_A,46.7,36.6,0.0,1.117,29554,0,5.5,0
2024-08-04,FMCG-Food,Bangalore,Vendor_G,64.3,39.0,0.0,1.206,19744,1841,6.49,0
2024-08-04,FMCG-Food,Delhi,Vendor_G,54.9,29.5,0.0,1.278,30368,0,6.6,0
2024-08-04,FMCG-Food,Pune,Vendor_A,94.6,38.3,0.0,1.196,17745,0,3.25,0
2024-08-04,FMCG-Food,Hyderabad,Vendor_F,35.2,29.5,0.0,0.963,37997,2577,2.89,0
2024-08-04,FMCG-Beverage,Bangalore,Vendor_D,82.8,34.7,0.0,0.981,28571,0,3.97,0
2024-08-04,FMCG-Beverage,Mumbai,Vendor_I,75.4,38.5,0.0,1.159,27551,1448,3.63,0
2024-08-04,FMCG-Beverage,Hyderabad,Vendor_O,56.9,32.1,0.0,0.907,21162,0,6.17,0
2024-08-04,FMCG-Beverage,Kolkata,Vendor_I,41.7,36.9,0.0,1.234,6156,3004,4.9,0
2024-08-04,FMCG-Personal Care,Kolkata,Vendor_G,57.9,29.0,0.0,0.879,26603,0,7.17,0
2024-08-04,FMCG-Personal Care,Delhi,Vendor_A,52.9,38.8,0.0,1.207,38217,0,2.58,0
2024-08-04,FMCG-Personal Care,Pune,Vendor_M,74.7,32.7,0.0,1.071,12010,1775,6.93,0
2024-08-04,FMCG-Personal Care,Hyderabad,Vendor_H,64.2,32.7,0.0,1.228,19569,2479,7.39,0
2024-08-04,FMCG-Home Care,Bangalore,Vendor_E,70.7,33.4,0.0,1.108,4256,3239,3.11,0
2024-08-04,FMCG-Home Care,Ahmedabad,Vendor_I,33.0,39.7,0.167,0.919,33785,0,5.59,0
2024-08-04,FMCG-Home Care,Pune,Vendor_A,33.3,33.7,0.013,1.266,9051,0,6.78,0
2024-08-04,FMCG-Home Care,Hyderabad,Vendor_L,42.6,30.7,0.0,1.147,41762,0,8.49,0
2024-08-04,FMCG-Health,Delhi,Vendor_E,53.5,27.1,0.0,1.27,30384,101,7.57,0
2024-08-04,FMCG-Health,Kolkata,Vendor_D,40.9,33.4,0.0,1.001,16090,383,4.99,0
2024-08-04,FMCG-Health,Hyderabad,Vendor_N,28.0,39.3,0.287,0.942,36719,1107,7.95,1
2024-08-04,FMCG-Health,Ahmedabad,Vendor_F,62.7,30.9,0.0,1.289,25337,0,7.44,0
2024-08-07,FMCG-Food,Hyderabad,Vendor_A,74.8,26.9,0.0,1.108,33776,33,8.42,0
2024-08-07,FMCG-Food,Kolkata,Vendor_E,52.5,25.4,0.0,1.059,14127,0,8.12,0
2024-08-07,FMCG-Food,Mumbai,Vendor_O,41.4,34.3,0.0,0.954,26349,425,2.54,0
2024-08-07,FMCG-Food,Pune,Vendor_J,45.0,30.4,0.0,1.059,37361,0,5.53,0
2024-08-07,FMCG-Beverage,Mumbai,Vendor_F,26.1,27.1,0.036,1.286,35351,3441,6.69,0
2024-08-07,FMCG-Beverage,Delhi,Vendor_J,63.1,37.4,0.0,0.889,31462,0,2.67,0
2024-08-07,FMCG-Beverage,Hyderabad,Vendor_L,39.0,28.2,0.0,0.906,27944,0,5.94,0
2024-08-07,FMCG-Beverage,Pune,Vendor_E,75.8,27.4,0.0,1.155,39772,0,6.8,0
2024-08-07,FMCG-Personal Care,Mumbai,Vendor_A,57.7,30.4,0.0,1.177,37778,0,7.76,0
2024-08-07,FMCG-Personal Care,Pune,Vendor_G,69.9,39.3,0.0,1.255,22272,2391,3.06,0
2024-08-07,FMCG-Personal Care,Hyderabad,Vendor_B,59.7,26.8,0.0,1.226,20391,0,7.83,0
2024-08-07,FMCG-Personal Care,Bangalore,Vendor_E,80.7,25.1,0.0,1.019,13902,967,3.72,0
2024-08-07,FMCG-Home Care,Bangalore,Vendor_O,28.5,34.3,0.168,1.085,34618,173,4.89,1
2024-08-07,FMCG-Home Care,Ahmedabad,Vendor_D,51.4,31.7,0.0,0.978,25768,0,2.69,0
2024-08-07,FMCG-Home Care,Pune,Vendor_B,64.6,26.6,0.0,1.002,36355,3366,2.64,0
2024-08-07,FMCG-Home Care,Hyderabad,Vendor_M,84.1,26.4,0.0,1.144,14686,1091,7.88,0
2024-08-07,FMCG-Health,Mumbai,Vendor_O,42.9,36.2,0.0,0.97,4643,289,7.13,0
2024-08-07,FMCG-Health,Chennai,Vendor_M,74.6,31.6,0.0,0.987,31135,0,7.3,0
2024-08-07,FMCG-Health,Ahmedabad,Vendor_M,93.0,30.1,0.0,0.969,7858,0,5.29,0
2024-08-07,FMCG-Health,Bangalore,Vendor_D,54.8,26.0,0.0,1.269,8163,1455,7.4,0
2024-08-10,FMCG-Food,Ahmedabad,Vendor_F,22.0,30.7,0.284,0.918,6168,1564,5.8,1
2024-08-10,FMCG-Food,Bangalore,Vendor_L,71.7,29.4,0.0,0.912,35341,0,6.39,0
2024-08-10,FMCG-Food,Delhi,Vendor_G,63.9,36.4,0.0,0.985,36965,338,6.82,0
2024-08-10,FMCG-Food,Chennai,Vendor_H,26.9,30.7,0.125,1.152,6749,0,8.41,0
2024-08-10,FMCG-Beverage,Bangalore,Vendor_B,77.8,26.0,0.0,0.936,28442,1630,5.04,0
2024-08-10,FMCG-Beverage,Ahmedabad,Vendor_O,89.0,27.6,0.0,0.914,21861,0,3.25,0
2024-08-10,FMCG-Beverage,Chennai,Vendor_B,94.0,25.7,0.0,1.128,31152,2465,6.3,0
2024-08-10,FMCG-Beverage,Pune,Vendor_G,45.1,26.1,0.0,1.084,23125,3040,3.42,0
2024-08-10,FMCG-Personal Care,Kolkata,Vendor_D,59.4,37.2,0.0,0.897,12642,761,7.89,0
2024-08-10,FMCG-Personal Care,Ahmedabad,Vendor_G,92.4,32.0,0.0,0.941,20543,1960,4.76,0
2024-08-10,FMCG-Personal Care,Delhi,Vendor_G,71.3,35.5,0.0,1.106,34115,1634,3.13,0
2024-08-10,FMCG-Personal Care,Mumbai,Vendor_H,78.9,26.2,0.0,1.265,31558,3,3.92,0
2024-08-10,FMCG-Home Care,Ahmedabad,Vendor_O,72.6,29.7,0.0,1.178,28830,1853,6.25,0
2024-08-10,FMCG-Home Care,Hyderabad,Vendor_F,22.8,34.5,0.34,1.282,21494,1514,5.87,3
2024-08-10,FMCG-Home Care,Kolkata,Vendor_E,67.0,25.2,0.0,1.214,15477,1292,8.11,0
2024-08-10,FMCG-Home Care,Delhi,Vendor_C,28.5,31.5,0.093,1.282,29777,0,3.77,1
2024-08-10,FMCG-Health,Pune,Vendor_K,61.7,36.7,0.0,0.931,41774,0,5.09,0
2024-08-10,FMCG-Health,Kolkata,Vendor_N,43.3,28.1,0.0,0.914,15825,0,3.61,0
2024-08-10,FMCG-Health,Hyderabad,Vendor_G,22.5,39.5,0.431,1.225,7153,0,3.11,0
2024-08-10,FMCG-Health,Chennai,Vendor_E,21.6,28.1,0.229,1.193,37588,845,2.51,2
2024-08-13,FMCG-Food,Pune,Vendor_I,61.9,33.0,0.0,0.978,39604,0,4.27,0
2024-08-13,FMCG-Food,Delhi,Vendor_F,69.9,37.2,0.0,0.884,15170,0,4.59,0
2024-08-13,FMCG-Food,Kolkata,Vendor_E,86.3,40.0,0.0,0.878,22219,0,3.18,0
2024-08-13,FMCG-Food,Bangalore,Vendor_H,87.2,25.5,0.0,0.965,14677,1592,7.07,0
2024-08-13,FMCG-Beverage,Kolkata,Vendor_C,72.0,34.1,0.0,0.982,31371,0,2.59,0
2024-08-13,FMCG-Beverage,Chennai,Vendor_O,49.4,32.1,0.0,1.19,42359,0,3.31,0
2024-08-13,FMCG-Beverage,Ahmedabad,Vendor_I,87.7,38.5,0.0,1.057,5225,0,3.98,0
2024-08-13,FMCG-Beverage,Delhi,Vendor_H,39.5,30.0,0.0,0.994,10283,0,4.25,0
2024-08-13,FMCG-Personal Care,Pune,Vendor_O,87.4,32.0,0.0,1.102,42418,705,3.28,0
2024-08-13,FMCG-Personal Care,Delhi,Vendor_F,71.1,32.2,0.0,0.901,36658,1255,6.47,0
2024-08-13,FMCG-Personal Care,Bangalore,Vendor_M,87.3,33.8,0.0,1.042,37272,2095,3.29,0
2024-08-13,FMCG-Personal Care,Hyderabad,Vendor_J,67.9,37.7,0.0,1.107,4300,5593,7.01,0
2024-08-13,FMCG-Home Care,Chennai,Vendor_O,63.4,35.6,0.0,1.027,29102,0,7.14,0
2024-08-13,FMCG-Home Care,Kolkata,Vendor_O,80.4,26.2,0.0,0.978,23754,0,6.05,0
2024-08-13,FMCG-Home Care,Delhi,Vendor_I,53.5,36.8,0.0,1.173,23957,2561,2.55,0
2024-08-13,FMCG-Home Care,Ahmedabad,Vendor_I,34.6,36.3,0.046,1.158,12191,2252,2.89,1
2024-08-13,FMCG-Health,Delhi,Vendor_J,94.1,34.2,0.0,0.996,11476,1089,3.27,0
2024-08-13,FMCG-Health,Pune,Vendor_D,94.1,31.6,0.0,0.898,12395,0,4.91,0
2024-08-13,FMCG-Health,Kolkata,Vendor_L,80.8,34.8,0.0,1.002,27565,0,6.02,0
2024-08-13,FMCG-Health,Chennai,Vendor_F,90.1,30.1,0.0,1.016,30027,554,4.05,0
2024-08-16,FMCG-Food,Kolkata,Vendor_A,26.3,37.6,0.301,1.252,4982,4137,3.66,1
2024-08-16,FMCG-Food,Hyderabad,Vendor_H,33.7,31.0,0.0,0.96,15213,0,6.9,0
2024-08-16,FMCG-Food,Mumbai,Vendor_M,38.1,35.4,0.0,1.193,28702,0,2.99,0
2024-08-16,FMCG-Food,Ahmedabad,Vendor_G,44.7,38.2,0.0,1.228,20503,727,3.86,0
2024-08-16,FMCG-Beverage,Hyderabad,Vendor_L,76.9,30.4,0.0,0.913,4735,957,3.68,0
2024-08-16,FMCG-Beverage,Kolkata,Vendor_O,20.6,31.7,0.35,1.071,39079,3880,6.6,0
2024-08-16,FMCG-Beverage,Mumbai,Vendor_B,61.2,34.9,0.0,1.136,19656,0,6.52,0
2024-08-16,FMCG-Beverage,Pune,Vendor_F,82.4,25.4,0.0,0.982,34079,0,4.34,0
2024-08-16,FMCG-Personal Care,Mumbai,Vendor_H,60.0,37.3,0.0,1.143,25636,518,6.99,0
2024-08-16,FMCG-Personal Care,Pune,Vendor_D,34.1,29.8,0.0,0.914,18934,1161,6.56,0
2024-08-16,FMCG-Personal Care,Kolkata,Vendor_D,22.1,38.8,0.43,1.148,19674,3365,2.73,1
2024-08-16,FMCG-Personal Care,Bangalore,Vendor_H,72.1,30.3,0.0,0.947,38328,0,5.54,0
2024-08-16,FMCG-Home Care,Hyderabad,Vendor_I,90.4,39.1,0.0,1.048,12155,0,8.18,0
2024-08-16,FMCG-Home Care,Pune,Vendor_C,72.1,29.2,0.0,1.061,10870,0,3.46,0
2024-08-16,FMCG-Home Care,Kolkata,Vendor_A,31.3,32.3,0.03,0.88,34094,1043,5.8,0
2024-08-16,FMCG-Home Care,Chennai,Vendor_K,23.1,35.4,0.347,0.941,9323,0,4.54,1
2024-08-16,FMCG-Health,Chennai,Vendor_E,22.8,38.9,0.413,1.026,22001,4607,8.29,3
2024-08-16,FMCG-Health,Pune,Vendor_K,77.3,33.7,0.0,0.938,36299,846,3.28,0
2024-08-16,FMCG-Health,Bangalore,Vendor_M,44.0,32.6,0.0,0.93,9366,242,7.53,0
2024-08-16,FMCG-Health,Delhi,Vendor_M,39.6,38.7,0.0,1.1,6164,0,4.27,0
2024-08-19,FMCG-Food,Bangalore,Vendor_A,60.3,34.1,0.0,1.225,36715,0,3.39,0
2024-08-19,FMCG-Food,Ahmedabad,Vendor_E,84.1,37.3,0.0,1.101,8363,0,3.71,0
2024-08-19,FMCG-Food,Mumbai,Vendor_N,87.8,31.2,0.0,0.893,10421,0,4.67,0
2024-08-19,FMCG-Food,Pune,Vendor_O,51.2,36.5,0.0,1.109,36622,2413,4.69,0
2024-08-19,FMCG-Beverage,Mumbai,Vendor_J,22.5,32.3,0.303,1.246,32198,64,5.19,1
2024-08-19,FMCG-Beverage,Chennai,Vendor_A,29.0,35.0,0.172,1.087,6806,2748,8.26,0
2024-08-19,FMCG-Beverage,Kolkata,Vendor_M,62.9,28.9,0.0,1.123,9047,255,5.77,0
2024-08-19,FMCG-Beverage,Delhi,Vendor_O,28.6,36.1,0.209,1.059,34472,399,2.63,0
2024-08-19,FMCG-Personal Care,Hyderabad,Vendor_I,79.9,27.7,0.0,1.179,17540,2391,5.23,0
2024-08-19,FMCG-Personal Care,Pune,Vendor_I,20.6,26.3,0.214,1.075,9968,645,8.44,1
2024-08-19,FMCG-Personal Care,Ahmedabad,Vendor_J,68.8,27.8,0.0,1.258,24964,1934,7.92,0
2024-08-19,FMCG-Personal Care,Mumbai,Vendor_O,84.7,36.5,0.0,1.022,8726,0,5.99,0
2024-08-19,FMCG-Home Care,Ahmedabad,Vendor_E,35.4,33.6,0.0,1.11,42235,0,6.55,0
2024-08-19,FMCG-Home Care,Chennai,Vendor_M,32.5,32.1,0.0,0.954,32665,0,6.1,0
2024-08-19,FMCG-Home Care,Bangalore,Vendor_M,93.0,28.7,0.0,1.261,19282,0,3.96,0
2024-08-19,FMCG-Home Care,Pune,Vendor_I,71.2,37.0,0.0,1.26,23785,0,4.82,0
2024-08-19,FMCG-Health,Kolkata,Vendor_L,20.9,25.9,0.192,1.275,32191,0,4.36,0
2024-08-19,FMCG-Health,Hyderabad,Vendor_O,58.6,30.7,0.0,0.989,17908,1802,8.44,0
2024-08-19,FMCG-Health,Delhi,Vendor_D,38.1,27.4,0.0,0.946,11133,0,7.97,0
2024-08-19,FMCG-Health,Ahmedabad,Vendor_F,43.9,26.3,0.0,1.283,22621,186,4.31,0
2024-08-22,FMCG-Food,Hyderabad,Vendor_I,83.8,34.0,0.0,1.251,24452,0,5.48,0
2024-08-22,FMCG-Food,Delhi,Vendor_N,78.4,32.1,0.0,0.958,15323,2538,3.62,0
2024-08-22,FMCG-Food,Kolkata,Vendor_E,80.4,33.9,0.0,1.255,15685,60,7.81,0
2024-08-22,FMCG-Food,Pune,Vendor_A,41.5,35.4,0.0,1.062,22425,1490,2.82,0
2024-08-22,FMCG-Beverage,Ahmedabad,Vendor_N,65.1,34.2,0.0,0.972,24762,390,5.66,0
2024-08-22,FMCG-Beverage,Mumbai,Vendor_K,89.5,33.8,0.0,1.278,38431,0,5.82,0
2024-08-22,FMCG-Beverage,Bangalore,Vendor_F,25.5,38.2,0.334,0.906,15367,136,3.28,2
2024-08-22,FMCG-Beverage,Hyderabad,Vendor_K,58.2,30.1,0.0,0.882,24292,3565,7.8,0
2024-08-22,FMCG-Personal Care,Hyderabad,Vendor_J,31.8,26.8,0.0,1.219,26205,0,5.9,0
2024-08-22,FMCG-Personal Care,Ahmedabad,Vendor_O,38.1,27.0,0.0,1.201,19455,1000,4.09,0
2024-08-22,FMCG-Personal Care,Pune,Vendor_A,88.1,37.6,0.0,1.154,5658,0,4.32,0
2024-08-22,FMCG-Personal Care,Mumbai,Vendor_D,35.4,31.3,0.0,1.225,35620,3586,7.71,0
2024-08-22,FMCG-Home Care,Bangalore,Vendor_N,20.2,29.1,0.306,1.163,37443,0,3.41,4
2024-08-22,FMCG-Home Care,Ahmedabad,Vendor_K,57.0,29.3,0.0,0.948,39630,2090,5.3,0
2024-08-22,FMCG-Home Care,Delhi,Vendor_K,94.1,32.2,0.0,1.083,22225,0,6.26,0
2024-08-22,FMCG-Home Care,Kolkata,Vendor_I,32.6,39.9,0.183,0.985,24188,0,3.21,0
2024-08-22,FMCG-Health,Ahmedabad,Vendor_N,76.6,39.9,0.0,1.196,9938,0,4.15,0
2024-08-22,FMCG-Health,Mumbai,Vendor_D,27.6,25.5,0.0,1.257,6964,0,4.31,0
2024-08-22,FMCG-Health,Delhi,Vendor_I,36.7,32.8,0.0,1.18,25865,2603,2.56,0
2024-08-22,FMCG-Health,Bangalore,Vendor_L,87.8,31.6,0.0,1.136,29323,0,5.22,0
2024-08-25,FMCG-Food,Pune,Vendor_H,51.9,38.4,0.0,0.97,38183,0,3.22,0
2024-08-25,FMCG-Food,Chennai,Vendor_N,86.7,31.7,0.0,0.915,25275,1226,4.09,0
2024-08-25,FMCG-Food,Bangalore,Vendor_J,83.0,34.6,0.0,1.007,16495,0,7.84,0
2024-08-25,FMCG-Food,Ahmedabad,Vendor_C,22.3,37.8,0.412,1.21,39487,931,4.17,2
2024-08-25,FMCG-Beverage,Pune,Vendor_N,75.1,30.2,0.0,0.95,40601,729,3.55,0
2024-08-25,FMCG-Beverage,Hyderabad,Vendor_B,25.7,36.8,0.3,1.273,33442,2840,8.1,1
2024-08-25,FMCG-Beverage,Mumbai,Vendor_C,45.1,31.6,0.0,0.981,9869,1703,5.42,0
2024-08-25,FMCG-Beverage,Bangalore,Vendor_K,52.5,36.2,0.0,1.275,13189,1052,8.31,0
2024-08-25,FMCG-Personal Care,Hyderabad,Vendor_L,49.1,33.4,0.0,0.97,21315,0,5.24,0
2024-08-25,FMCG-Personal Care,Bangalore,Vendor_D,26.0,39.9,0.347,1.271,20038,0,3.85,1
2024-08-25,FMCG-Personal Care,Ahmedabad,Vendor_K,24.6,33.4,0.263,0.903,22495,0,5.06,1
2024-08-25,FMCG-Personal Care,Delhi,Vendor_C,80.9,35.6,0.0,1.138,16037,0,8.45,0
2024-08-25,FMCG-Home Care,Pune,Vendor_E,45.8,27.3,0.0,1.253,17200,1088,4.23,0
2024-08-25,FMCG-Home Care,Mumbai,Vendor_F,57.5,33.6,0.0,0.885,40471,1533,7.0,0
2024-08-25,FMCG-Home Care,Ahmedabad,Vendor_J,41.4,38.2,0.0,1.285,16454,1403,7.34,0
2024-08-25,FMCG-Home Care,Hyderabad,Vendor_I,22.6,29.2,0.226,1.091,39525,0,3.39,0
2024-08-25,FMCG-Health,Ahmedabad,Vendor_O,31.4,33.6,0.067,0.922,12647,2245,6.68,0
2024-08-25,FMCG-Health,Hyderabad,Vendor_O,47.1,32.2,0.0,0.918,5692,840,4.21,0
2024-08-25,FMCG-Health,Chennai,Vendor_G,60.7,33.9,0.0,1.289,28553,1608,5.89,0
2024-08-25,FMCG-Health,Mumbai,Vendor_N,94.0,32.6,0.0,0.878,18887,3659,4.39,0
2024-08-28,FMCG-Food,Pune,Vendor_M,61.5,36.8,0.0,1.002,35480,1588,5.78,0
2024-08-28,FMCG-Food,Delhi,Vendor_O,94.2,35.9,0.0,0.994,13745,0,7.14,0
2024-08-28,FMCG-Food,Kolkata,Vendor_N,59.7,25.9,0.0,0.912,10145,1306,3.34,0
2024-08-28,FMCG-Food,Chennai,Vendor_D,82.4,31.7,0.0,1.259,42105,0,3.53,0
2024-08-28,FMCG-Beverage,Ahmedabad,Vendor_N,72.7,37.2,0.0,1.122,30209,0,3.41,0
2024-08-28,FMCG-Beverage,Chennai,Vendor_A,94.0,31.3,0.0,0.951,11398,0,5.96,0
2024-08-28,FMCG-Beverage,Pune,Vendor_M,25.9,34.0,0.239,0.917,35326,20,6.56,1
2024-08-28,FMCG-Beverage,Hyderabad,Vendor_I,48.8,29.7,0.0,1.139,24441,0,3.16,0
2024-08-28,FMCG-Personal Care,Kolkata,Vendor_D,42.1,28.3,0.0,1.14,20841,0,3.8,0
2024-08-28,FMCG-Personal Care,Chennai,Vendor_B,94.6,26.1,0.0,0.998,38157,0,4.95,0
2024-08-28,FMCG-Personal Care,Delhi,Vendor_L,62.8,29.0,0.0,0.906,7499,2900,4.23,0
2024-08-28,FMCG-Personal Care,Ahmedabad,Vendor_F,39.9,25.3,0.0,1.221,33993,847,7.29,0
2024-08-28,FMCG-Home Care,Kolkata,Vendor_B,33.3,27.1,0.0,0.907,21844,792,2.51,0
2024-08-28,FMCG-Home Care,Chennai,Vendor_C,32.5,29.4,0.0,1.066,7382,0,5.04,0
2024-08-28,FMCG-Home Care,Pune,Vendor_N,66.5,31.7,0.0,1.163,25135,0,4.52,0
2024-08-28,FMCG-Home Care,Ahmedabad,Vendor_L,47.4,36.0,0.0,0.892,21009,0,7.97,0
2024-08-28,FMCG-Health,Chennai,Vendor_J,65.6,29.8,0.0,1.178,29183,3614,3.35,0
2024-08-28,FMCG-Health,Kolkata,Vendor_D,33.9,35.2,0.036,0.932,19603,448,3.08,0
2024-08-28,FMCG-Health,Delhi,Vendor_D,48.0,33.6,0.0,1.186,19695,2226,3.71,0
2024-08-28,FMCG-Health,Bangalore,Vendor_G,83.2,29.0,0.0,1.267,8407,0,7.3,0
2024-08-31,FMCG-Food,Mumbai,Vendor_H,71.4,37.9,0.0,1.004,23685,554,6.91,0
2024-08-31,FMCG-Food,Chennai,Vendor_C,66.2,37.4,0.0,1.147,19707,0,6.31,0
2024-08-31,FMCG-Food,Ahmedabad,Vendor_A,25.8,29.7,0.132,1.207,5296,325,6.64,0
2024-08-31,FMCG-Food,Kolkata,Vendor_N,81.6,25.8,0.0,1.002,17656,659,5.39,0
2024-08-31,FMCG-Beverage,Mumbai,Vendor_L,42.2,38.3,0.0,1.046,29639,0,6.97,0
2024-08-31,FMCG-Beverage,Bangalore,Vendor_M,59.3,32.1,0.0,1.173,12023,0,7.98,0
2024-08-31,FMCG-Beverage,Ahmedabad,Vendor_M,71.9,39.5,0.0,1.115,33577,808,3.24,0
2024-08-31,FMCG-Beverage,Chennai,Vendor_I,58.9,28.4,0.0,0.968,37386,0,3.7,0
2024-08-31,FMCG-Personal Care,Kolkata,Vendor_I,54.3,38.7,0.0,1.279,29767,0,6.54,0
2024-08-31,FMCG-Personal Care,Ahmedabad,Vendor_L,48.6,30.1,0.0,1.23,40227,0,7.61,0
2024-08-31,FMCG-Personal Care,Chennai,Vendor_H,93.2,35.0,0.0,1.127,38574,0,7.73,0
2024-08-31,FMCG-Personal Care,Delhi,Vendor_O,30.7,30.2,0.0,0.938,25507,0,3.64,0
2024-08-31,FMCG-Home Care,Kolkata,Vendor_E,27.7,31.7,0.126,0.881,34023,0,2.93,2
2024-08-31,FMCG-Home Care,Bangalore,Vendor_A,55.3,34.1,0.0,1.258,36420,0,8.4,0
2024-08-31,FMCG-Home Care,Hyderabad,Vendor_I,58.8,27.1,0.0,1.257,17248,1548,2.8,0
2024-08-31,FMCG-Home Care,Mumbai,Vendor_J,90.5,32.4,0.0,1.24,24781,0,7.28,0
2024-08-31,FMCG-Health,Ahmedabad,Vendor_L,37.5,27.6,0.0,1.135,29854,0,3.75,0
2024-08-31,FMCG-Health,Mumbai,Vendor_H,75.1,25.1,0.0,1.06,18124,1169,5.4,0
2024-08-31,FMCG-Health,Delhi,Vendor_C,24.8,39.5,0.371,0.963,14831,1397,8.19,1
2024-08-31,FMCG-Health,Pune,Vendor_G,69.6,38.9,0.0,1.266,21854,2416,6.51,0
2024-09-03,FMCG-Food,Chennai,Vendor_A,79.6,37.7,0.0,1.233,47005,0,3.29,0
2024-09-03,FMCG-Food,Pune,Vendor_M,81.1,28.1,0.0,0.987,8597,0,7.62,0
2024-09-03,FMCG-Food,Delhi,Vendor_E,56.2,38.0,0.0,1.013,16206,0,2.68,0
2024-09-03,FMCG-Food,Kolkata,Vendor_J,88.9,33.3,0.0,0.943,40111,0,7.45,0
2024-09-03,FMCG-Beverage,Mumbai,Vendor_J,41.2,33.5,0.0,1.22,12691,0,2.96,0
2024-09-03,FMCG-Beverage,Chennai,Vendor_O,88.1,26.1,0.0,0.904,44842,897,6.35,0
2024-09-03,FMCG-Beverage,Pune,Vendor_F,29.6,34.4,0.141,1.058,24031,0,8.08,0
2024-09-03,FMCG-Beverage,Kolkata,Vendor_A,59.6,32.3,0.0,0.903,23880,575,2.99,0
2024-09-03,FMCG-Personal Care,Mumbai,Vendor_C,58.5,25.6,0.0,0.998,16958,1851,5.78,0
2024-09-03,FMCG-Personal Care,Pune,Vendor_B,38.1,35.5,0.0,1.061,25693,3130,5.35,0
2024-09-03,FMCG-Personal Care,Chennai,Vendor_J,24.0,26.7,0.101,0.887,24073,0,4.42,0
2024-09-03,FMCG-Personal Care,Hyderabad,Vendor_G,80.9,33.1,0.0,1.071,13387,0,4.87,0
2024-09-03,FMCG-Home Care,Bangalore,Vendor_N,41.3,34.2,0.0,0.923,49564,41,3.94,0
2024-09-03,FMCG-Home Care,Chennai,Vendor_N,94.5,29.2,0.0,0.979,6825,0,3.93,0
2024-09-03,FMCG-Home Care,Hyderabad,Vendor_F,69.4,28.7,0.0,0.943,12507,0,6.14,0
2024-09-03,FMCG-Home Care,Mumbai,Vendor_C,93.1,31.3,0.0,0.939,32681,1592,7.61,0
2024-09-03,FMCG-Health,Delhi,Vendor_G,64.5,28.3,0.0,1.097,46604,0,5.6,0
2024-09-03,FMCG-Health,Chennai,Vendor_J,76.9,30.8,0.0,1.028,9095,0,5.48,0
2024-09-03,FMCG-Health,Pune,Vendor_F,85.6,27.7,0.0,1.123,18609,2113,6.6,0
2024-09-03,FMCG-Health,Bangalore,Vendor_J,34.5,33.1,0.0,1.252,48456,0,7.54,0
2024-09-06,FMCG-Food,Chennai,Vendor_B,93.9,25.3,0.0,1.196,12374,57,5.99,0
2024-09-06,FMCG-Food,Kolkata,Vendor_F,21.1,30.3,0.301,0.903,13456,220,3.16,1
2024-09-06,FMCG-Food,Bangalore,Vendor_D,83.1,32.2,0.0,1.017,19692,0,3.04,0
2024-09-06,FMCG-Food,Hyderabad,Vendor_N,38.4,33.8,0.0,1.011,11392,847,8.43,0
2024-09-06,FMCG-Beverage,Bangalore,Vendor_M,37.7,32.1,0.0,0.934,5287,0,6.53,0
2024-09-06,FMCG-Beverage,Kolkata,Vendor_C,48.4,33.5,0.0,1.147,42521,0,3.2,0
2024-09-06,FMCG-Beverage,Mumbai,Vendor_L,86.1,25.6,0.0,0.961,45971,1265,4.59,0
2024-09-06,FMCG-Beverage,Chennai,Vendor_A,28.6,27.8,0.0,0.888,21707,290,7.73,0
2024-09-06,FMCG-Personal Care,Delhi,Vendor_I,93.2,28.2,0.0,1.128,12743,0,5.73,0
2024-09-06,FMCG-Personal Care,Mumbai,Vendor_L,32.6,37.3,0.127,1.064,38846,0,3.71,0
2024-09-06,FMCG-Personal Care,Pune,Vendor_K,42.3,26.3,0.0,0.951,23553,0,6.06,0
2024-09-06,FMCG-Personal Care,Ahmedabad,Vendor_E,38.0,34.7,0.0,1.012,43382,0,2.81,0
2024-09-06,FMCG-Home Care,Delhi,Vendor_E,54.7,26.1,0.0,1.159,24301,0,8.45,0
2024-09-06,FMCG-Home Care,Pune,Vendor_B,54.1,35.4,0.0,1.04,27782,0,5.18,0
2024-09-06,FMCG-Home Care,Mumbai,Vendor_F,79.0,37.9,0.0,1.086,47089,1459,3.25,0
2024-09-06,FMCG-Home Care,Ahmedabad,Vendor_F,42.9,33.2,0.0,1.225,30137,0,8.27,0
2024-09-06,FMCG-Health,Hyderabad,Vendor_M,72.4,26.8,0.0,1.169,6319,2389,7.58,0
2024-09-06,FMCG-Health,Ahmedabad,Vendor_L,94.7,25.2,0.0,1.092,6197,1673,4.29,0
2024-09-06,FMCG-Health,Pune,Vendor_A,23.9,27.1,0.118,1.115,5559,0,3.04,2
2024-09-06,FMCG-Health,Delhi,Vendor_A,62.0,32.9,0.0,0.885,15013,3727,6.54,0
2024-09-09,FMCG-Food,Kolkata,Vendor_L,39.0,39.8,0.018,0.951,29171,0,3.65,0
2024-09-09,FMCG-Food,Bangalore,Vendor_F,31.0,36.3,0.147,1.029,34662,2362,6.48,0
2024-09-09,FMCG-Food,Ahmedabad,Vendor_A,32.0,29.2,0.0,1.063,44459,0,5.55,0
2024-09-09,FMCG-Food,Mumbai,Vendor_C,41.9,32.5,0.0,0.922,15024,668,2.79,0
2024-09-09,FMCG-Beverage,Bangalore,Vendor_B,68.7,27.8,0.0,1.136,40813,887,2.87,0
2024-09-09,FMCG-Beverage,Mumbai,Vendor_H,82.8,25.4,0.0,1.157,43926,2650,5.89,0
2024-09-09,FMCG-Beverage,Delhi,Vendor_I,48.6,39.1,0.0,1.009,20586,173,7.25,0
2024-09-09,FMCG-Beverage,Ahmedabad,Vendor_F,72.5,34.9,0.0,0.885,40450,1227,7.96,0
2024-09-09,FMCG-Personal Care,Chennai,Vendor_O,49.1,34.5,0.0,1.259,18551,3914,5.16,0
2024-09-09,FMCG-Personal Care,Pune,Vendor_D,91.2,37.2,0.0,1.215,32091,0,2.99,0
2024-09-09,FMCG-Personal Care,Hyderabad,Vendor_H,78.0,29.9,0.0,0.994,47637,0,7.1,0
2024-09-09,FMCG-Personal Care,Ahmedabad,Vendor_I,36.6,33.9,0.0,1.177,39450,1602,8.23,0
2024-09-09,FMCG-Home Care,Pune,Vendor_B,53.0,28.4,0.0,0.932,18691,0,3.83,0
2024-09-09,FMCG-Home Care,Bangalore,Vendor_J,42.4,31.9,0.0,0.995,23762,0,8.21,0
2024-09-09,FMCG-Home Care,Chennai,Vendor_M,67.6,35.8,0.0,1.21,9354,0,3.41,0
2024-09-09,FMCG-Home Care,Delhi,Vendor_B,44.1,36.5,0.0,0.968,36222,766,3.99,0
2024-09-09,FMCG-Health,Delhi,Vendor_K,31.6,25.5,0.0,1.224,36224,1051,3.77,0
2024-09-09,FMCG-Health,Kolkata,Vendor_J,79.0,25.2,0.0,1.267,25546,0,7.56,0
2024-09-09,FMCG-Health,Mumbai,Vendor_M,37.0,36.7,0.0,1.23,23563,856,3.13,0
2024-09-09,FMCG-Health,Chennai,Vendor_B,80.3,30.7,0.0,1.038,34203,0,6.76,0
2024-09-12,FMCG-Food,Chennai,Vendor_D,25.0,33.8,0.261,0.989,20969,2511,4.07,4
2024-09-12,FMCG-Food,Delhi,Vendor_C,51.2,39.3,0.0,0.983,24088,1418,6.5,0
2024-09-12,FMCG-Food,Mumbai,Vendor_E,50.4,35.4,0.0,1.028,11910,3148,3.49,0
2024-09-12,FMCG-Food,Pune,Vendor_H,63.0,37.9,0.0,0.899,41219,0,5.86,0
2024-09-12,FMCG-Beverage,Hyderabad,Vendor_I,61.4,27.9,0.0,1.046,39379,0,6.13,0
2024-09-12,FMCG-Beverage,Pune,Vendor_D,71.8,30.9,0.0,0.977,26659,2297,5.94,0
2024-09-12,FMCG-Beverage,Bangalore,Vendor_J,23.8,34.3,0.306,1.272,39268,0,3.29,3
2024-09-12,FMCG-Beverage,Kolkata,Vendor_M,44.0,31.0,0.0,1.11,16326,1324,2.77,0
2024-09-12,FMCG-Personal Care,Chennai,Vendor_G,42.2,35.9,0.0,0.952,30018,0,7.82,0
2024-09-12,FMCG-Personal Care,Kolkata,Vendor_M,71.9,33.4,0.0,0.973,42713,0,3.28,0
2024-09-12,FMCG-Personal Care,Ahmedabad,Vendor_G,35.6,36.8,0.034,1.176,26152,571,7.03,0
2024-09-12,FMCG-Personal Care,Pune,Vendor_D,48.7,34.0,0.0,1.044,38772,0,6.67,0
2024-09-12,FMCG-Home Care,Bangalore,Vendor_F,67.5,38.6,0.0,1.233,27054,326,2.8,0
2024-09-12,FMCG-Home Care,Hyderabad,Vendor_L,92.2,27.3,0.0,1.209,12629,0,5.89,0
2024-09-12,FMCG-Home Care,Delhi,Vendor_O,53.6,33.0,0.0,1.231,9634,170,3.35,0
2024-09-12,FMCG-Home Care,Chennai,Vendor_J,24.8,35.7,0.305,1.167,17498,0,3.32,2
2024-09-12,FMCG-Health,Delhi,Vendor_D,26.3,25.4,0.0,0.898,6994,0,3.14,0
2024-09-12,FMCG-Health,Pune,Vendor_K,56.5,33.8,0.0,1.011,44754,0,2.56,0
2024-09-12,FMCG-Health,Bangalore,Vendor_L,77.9,27.0,0.0,0.968,36100,921,7.6,0
2024-09-12,FMCG-Health,Mumbai,Vendor_E,57.6,30.1,0.0,1.093,46547,9,6.97,0
2024-09-15,FMCG-Food,Bangalore,Vendor_A,70.3,27.8,0.0,1.275,36154,0,3.97,0
2024-09-15,FMCG-Food,Kolkata,Vendor_N,46.1,40.0,0.0,1.007,49611,0,4.3,0
2024-09-15,FMCG-Food,Chennai,Vendor_K,31.6,27.8,0.0,1.067,44095,1679,5.43,0
2024-09-15,FMCG-Food,Delhi,Vendor_J,84.6,27.1,0.0,0.918,12437,0,6.2,0
2024-09-15,FMCG-Beverage,Pune,Vendor_D,59.8,36.0,0.0,1.143,26181,0,3.67,0
2024-09-15,FMCG-Beverage,Bangalore,Vendor_D,53.8,34.4,0.0,1.122,26672,2292,4.73,0
2024-09-15,FMCG-Beverage,Mumbai,Vendor_D,87.4,31.6,0.0,1.237,49671,0,2.67,0
2024-09-15,FMCG-Beverage,Kolkata,Vendor_E,31.0,28.1,0.0,1.062,41054,0,6.23,0
2024-09-15,FMCG-Personal Care,Hyderabad,Vendor_B,36.8,30.3,0.0,1.1,42809,0,5.15,0
2024-09-15,FMCG-Personal Care,Delhi,Vendor_E,89.2,34.3,0.0,1.273,22505,1332,5.47,0
2024-09-15,FMCG-Personal Care,Chennai,Vendor_B,52.1,38.2,0.0,1.17,38199,1467,6.84,0
2024-09-15,FMCG-Personal Care,Mumbai,Vendor_N,76.0,27.0,0.0,0.947,6770,0,6.95,0
2024-09-15,FMCG-Home Care,Mumbai,Vendor_I,60.8,39.5,0.0,1.049,47786,0,4.55,0
2024-09-15,FMCG-Home Care,Ahmedabad,Vendor_H,65.7,39.8,0.0,1.294,24157,0,3.65,0
2024-09-15,FMCG-Home Care,Chennai,Vendor_M,64.6,33.0,0.0,1.082,49467,2356,2.53,0
2024-09-15,FMCG-Home Care,Pune,Vendor_N,47.7,30.6,0.0,1.049,46615,0,2.74,0
2024-09-15,FMCG-Health,Ahmedabad,Vendor_B,61.5,28.4,0.0,0.969,38847,2116,3.44,0
2024-09-15,FMCG-Health,Hyderabad,Vendor_L,55.6,34.9,0.0,1.172,34428,0,4.93,0
2024-09-15,FMCG-Health,Delhi,Vendor_M,31.1,31.8,0.024,1.187,37933,0,4.08,1
2024-09-15,FMCG-Health,Chennai,Vendor_L,56.0,30.0,0.0,0.966,48477,2943,7.72,0
2024-09-18,FMCG-Food,Delhi,Vendor_L,50.8,35.5,0.0,1.156,24062,1983,5.06,0
2024-09-18,FMCG-Food,Bangalore,Vendor_J,35.7,37.9,0.058,1.242,49408,3104,2.7,1
2024-09-18,FMCG-Food,Hyderabad,Vendor_L,66.6,34.0,0.0,0.954,43074,364,3.19,0
2024-09-18,FMCG-Food,Chennai,Vendor_B,44.3,38.7,0.0,1.271,21998,2727,6.76,0
2024-09-18,FMCG-Beverage,Delhi,Vendor_A,87.9,32.6,0.0,1.143,30650,1861,8.28,0
2024-09-18,FMCG-Beverage,Kolkata,Vendor_A,62.2,32.9,0.0,1.291,23071,1225,4.28,0
2024-09-18,FMCG-Beverage,Hyderabad,Vendor_K,21.0,33.2,0.368,0.963,8011,2783,3.67,4
2024-09-18,FMCG-Beverage,Bangalore,Vendor_O,79.4,25.8,0.0,1.184,48293,523,3.88,0
2024-09-18,FMCG-Personal Care,Ahmedabad,Vendor_M,55.4,38.4,0.0,1.035,43484,911,7.85,0
2024-09-18,FMCG-Personal Care,Chennai,Vendor_J,29.3,37.2,0.211,1.046,22543,0,6.08,1
2024-09-18,FMCG-Personal Care,Hyderabad,Vendor_A,66.0,36.7,0.0,1.057,31576,404,7.8,0
2024-09-18,FMCG-Personal Care,Kolkata,Vendor_D,20.8,36.9,0.435,1.102,47256,1504,6.78,0
2024-09-18,FMCG-Home Care,Ahmedabad,Vendor_F,21.8,32.1,0.321,1.092,24300,3726,3.97,2
2024-09-18,FMCG-Home Care,Delhi,Vendor_L,29.0,35.9,0.193,1.118,6526,0,7.17,3
2024-09-18,FMCG-Home Care,Chennai,Vendor_K,38.2,35.1,0.0,0.98,41329,1003,5.22,0
2024-09-18,FMCG-Home Care,Bangalore,Vendor_H,23.2,29.9,0.223,1.278,13336,0,7.11,3
2024-09-18,FMCG-Health,Bangalore,Vendor_E,50.9,34.8,0.0,1.179,17967,1020,3.26,0
2024-09-18,FMCG-Health,Chennai,Vendor_E,80.3,31.0,0.0,1.032,9287,2237,7.43,0
2024-09-18,FMCG-Health,Ahmedabad,Vendor_A,31.8,32.4,0.017,0.9,17085,0,3.79,0
2024-09-18,FMCG-Health,Mumbai,Vendor_N,56.3,32.1,0.0,1.202,36085,5078,6.25,0
2024-09-21,FMCG-Food,Ahmedabad,Vendor_M,70.4,31.3,0.0,1.292,22838,0,5.9,0
2024-09-21,FMCG-Food,Bangalore,Vendor_N,48.1,32.3,0.0,0.91,31540,3311,6.17,0
2024-09-21,FMCG-Food,Delhi,Vendor_G,70.3,27.1,0.0,1.115,5950,2290,6.84,0
2024-09-21,FMCG-Food,Chennai,Vendor_N,23.9,25.6,0.063,1.251,48160,0,6.16,0
2024-09-21,FMCG-Beverage,Kolkata,Vendor_E,31.1,29.2,0.0,1.219,15159,2985,4.46,0
2024-09-21,FMCG-Beverage,Bangalore,Vendor_F,90.5,25.5,0.0,1.056,26629,0,7.39,0
2024-09-21,FMCG-Beverage,Pune,Vendor_F,58.0,29.5,0.0,1.133,9470,2853,3.29,0
2024-09-21,FMCG-Beverage,Delhi,Vendor_O,92.0,34.6,0.0,1.117,10551,0,7.18,0
2024-09-21,FMCG-Personal Care,Kolkata,Vendor_A,71.1,26.7,0.0,0.922,44308,2599,7.77,0
2024-09-21,FMCG-Personal Care,Chennai,Vendor_A,71.7,28.6,0.0,1.145,32515,1547,2.93,0
2024-09-21,FMCG-Personal Care,Bangalore,Vendor_N,91.4,35.9,0.0,0.959,36152,3766,3.69,0
2024-09-21,FMCG-Personal Care,Delhi,Vendor_A,31.9,28.7,0.0,1.108,27339,0,3.32,0
2024-09-21,FMCG-Home Care,Ahmedabad,Vendor_G,93.5,36.9,0.0,1.23,37497,0,5.34,0
2024-09-21,FMCG-Home Care,Delhi,Vendor_O,39.9,33.4,0.0,1.017,46354,0,5.79,0
2024-09-21,FMCG-Home Care,Mumbai,Vendor_K,62.2,33.0,0.0,1.17,27967,0,2.91,0
2024-09-21,FMCG-Home Care,Bangalore,Vendor_B,38.1,38.4,0.009,1.231,34046,0,7.57,1
2024-09-21,FMCG-Health,Bangalore,Vendor_J,38.6,33.5,0.0,1.033,33999,0,6.51,0
2024-09-21,FMCG-Health,Kolkata,Vendor_A,72.9,33.3,0.0,1.133,9727,982,6.74,0
2024-09-21,FMCG-Health,Chennai,Vendor_N,42.7,39.5,0.0,0.904,6099,1978,7.42,0
2024-09-21,FMCG-Health,Pune,Vendor_G,80.2,36.8,0.0,0.904,34669,644,7.54,0
2024-09-24,FMCG-Food,Bangalore,Vendor_K,48.0,31.8,0.0,0.957,15221,0,8.22,0
2024-09-24,FMCG-Food,Chennai,Vendor_D,31.7,39.5,0.197,0.945,9846,2506,4.44,0
2024-09-24,FMCG-Food,Pune,Vendor_F,35.0,36.1,0.031,0.886,18848,1425,6.16,0
2024-09-24,FMCG-Food,Hyderabad,Vendor_K,44.3,36.5,0.0,1.079,23022,0,4.02,0
2024-09-24,FMCG-Beverage,Ahmedabad,Vendor_O,52.2,35.6,0.0,1.186,36353,2587,3.79,0
2024-09-24,FMCG-Beverage,Mumbai,Vendor_A,43.4,31.4,0.0,1.077,37992,76,4.69,0
2024-09-24,FMCG-Beverage,Chennai,Vendor_E,38.7,35.9,0.0,0.931,14897,1767,7.3,0
2024-09-24,FMCG-Beverage,Kolkata,Vendor_F,81.9,39.0,0.0,0.993,12523,0,6.79,0
2024-09-24,FMCG-Personal Care,Bangalore,Vendor_G,28.6,39.0,0.268,1.166,30954,294,2.74,0
2024-09-24,FMCG-Personal Care,Chennai,Vendor_G,27.4,29.8,0.081,1.231,28825,0,3.34,0
2024-09-24,FMCG-Personal Care,Ahmedabad,Vendor_L,23.8,26.4,0.099,0.926,27234,0,6.3,1
2024-09-24,FMCG-Personal Care,Delhi,Vendor_E,29.7,37.2,0.2,1.202,37073,1211,7.74,2
2024-09-24,FMCG-Home Care,Delhi,Vendor_H,64.2,28.1,0.0,1.263,22439,599,6.35,0
2024-09-24,FMCG-Home Care,Pune,Vendor_I,78.3,31.7,0.0,1.037,7836,0,5.66,0
2024-09-24,FMCG-Home Care,Kolkata,Vendor_L,76.1,34.7,0.0,1.135,49564,0,8.01,0
2024-09-24,FMCG-Home Care,Mumbai,Vendor_C,27.9,36.6,0.237,1.23,38553,2026,4.1,2
2024-09-24,FMCG-Health,Hyderabad,Vendor_H,59.3,36.3,0.0,1.275,18707,2275,5.87,0
2024-09-24,FMCG-Health,Delhi,Vendor_M,48.1,31.1,0.0,0.927,24057,0,7.81,0
2024-09-24,FMCG-Health,Pune,Vendor_B,22.6,30.6,0.261,1.05,11045,782,7.75,2
2024-09-24,FMCG-Health,Kolkata,Vendor_E,32.6,36.4,0.104,1.251,43904,0,7.68,0
2024-09-27,FMCG-Food,Delhi,Vendor_H,23.5,39.7,0.407,0.925,20291,851,4.52,1
2024-09-27,FMCG-Food,Mumbai,Vendor_O,24.6,31.1,0.21,0.93,5205,543,6.57,2
2024-09-27,FMCG-Food,Kolkata,Vendor_E,45.5,32.6,0.0,1.041,28289,0,6.84,0
2024-09-27,FMCG-Food,Ahmedabad,Vendor_M,61.7,26.6,0.0,1.288,5040,0,2.52,0
2024-09-27,FMCG-Beverage,Chennai,Vendor_O,24.3,37.5,0.353,1.04,36480,1406,5.16,1
2024-09-27,FMCG-Beverage,Bangalore,Vendor_H,45.9,34.1,0.0,1.233,35040,814,7.74,0
2024-09-27,FMCG-Beverage,Mumbai,Vendor_F,46.4,33.0,0.0,1.249,15843,2067,2.59,0
2024-09-27,FMCG-Beverage,Hyderabad,Vendor_C,91.9,31.1,0.0,1.191,39019,0,7.48,0
2024-09-27,FMCG-Personal Care,Bangalore,Vendor_M,23.8,29.2,0.185,0.899,42358,0,4.86,3
2024-09-27,FMCG-Personal Care,Pune,Vendor_I,40.7,33.0,0.0,0.883,47666,3894,6.61,0
2024-09-27,FMCG-Personal Care,Delhi,Vendor_L,62.0,37.0,0.0,1.13,45586,731,7.99,0
2024-09-27,FMCG-Personal Care,Chennai,Vendor_B,52.8,39.5,0.0,0.941,43415,0,5.77,0
2024-09-27,FMCG-Home Care,Chennai,Vendor_O,73.1,31.5,0.0,1.26,20599,994,6.8,0
2024-09-27,FMCG-Home Care,Pune,Vendor_K,21.6,34.3,0.369,1.077,40836,0,6.56,1
2024-09-27,FMCG-Home Care,Delhi,Vendor_E,62.7,29.0,0.0,0.99,27378,2484,5.92,0
2024-09-27,FMCG-Home Care,Mumbai,Vendor_G,75.5,34.2,0.0,1.157,40985,0,5.55,0
2024-09-27,FMCG-Health,Bangalore,Vendor_N,81.2,37.0,0.0,0.918,27410,364,5.88,0
2024-09-27,FMCG-Health,Delhi,Vendor_G,80.3,37.7,0.0,0.942,44730,434,8.37,0
2024-09-27,FMCG-Health,Pune,Vendor_B,40.4,34.2,0.0,1.173,5785,1485,3.04,0
2024-09-27,FMCG-Health,Chennai,Vendor_I,35.3,38.4,0.081,0.98,13542,239,4.64,0
2024-09-30,FMCG-Food,Kolkata,Vendor_N,93.1,34.6,0.0,0.949,10655,92,5.69,0
2024-09-30,FMCG-Food,Bangalore,Vendor_I,51.9,39.8,0.0,0.999,19519,506,8.08,0
2024-09-30,FMCG-Food,Delhi,Vendor_N,53.6,35.7,0.0,1.047,32551,0,5.07,0
2024-09-30,FMCG-Food,Chennai,Vendor_H,69.2,26.4,0.0,1.138,45143,0,6.89,0
2024-09-30,FMCG-Beverage,Kolkata,Vendor_K,30.6,32.3,0.053,1.261,27074,0,7.27,1
2024-09-30,FMCG-Beverage,Mumbai,Vendor_M,25.0,27.1,0.078,1.113,29159,0,5.61,0
2024-09-30,FMCG-Beverage,Bangalore,Vendor_H,36.3,36.2,0.0,1.001,35406,0,3.18,0
2024-09-30,FMCG-Beverage,Chennai,Vendor_H,38.4,33.2,0.0,0.904,11445,0,3.54,0
2024-09-30,FMCG-Personal Care,Hyderabad,Vendor_E,28.2,27.4,0.0,0.888,8234,0,6.21,0
2024-09-30,FMCG-Personal Care,Chennai,Vendor_F,53.4,26.4,0.0,1.102,25630,0,7.17,0
2024-09-30,FMCG-Personal Care,Ahmedabad,Vendor_G,47.7,29.0,0.0,1.196,46210,0,5.28,0
2024-09-30,FMCG-Personal Care,Mumbai,Vendor_E,54.7,36.7,0.0,0.91,18517,130,5.2,0
2024-09-30,FMCG-Home Care,Kolkata,Vendor_N,76.6,28.4,0.0,1.02,7606,1353,6.43,0
2024-09-30,FMCG-Home Care,Ahmedabad,Vendor_N,38.2,31.9,0.0,1.258,33110,347,6.03,0
2024-09-30,FMCG-Home Care,Mumbai,Vendor_M,63.6,32.6,0.0,1.0,5140,0,2.69,0
2024-09-30,FMCG-Home Care,Bangalore,Vendor_L,37.8,26.4,0.0,0.92,25256,0,2.57,0
2024-09-30,FMCG-Health,Hyderabad,Vendor_L,80.7,27.7,0.0,0.936,45069,0,6.45,0
2024-09-30,FMCG-Health,Delhi,Vendor_J,24.5,29.1,0.161,1.067,21687,1209,5.22,1
2024-09-30,FMCG-Health,Mumbai,Vendor_N,36.9,30.2,0.0,0.983,37110,1716,7.55,0
2024-09-30,FMCG-Health,Ahmedabad,Vendor_I,86.6,33.6,0.0,1.156,28232,0,3.88,0
2024-10-03,FMCG-Food,Ahmedabad,Vendor_D,43.3,29.4,0.0,0.998,32254,2013,3.63,0
2024-10-03,FMCG-Food,Mumbai,Vendor_K,86.4,25.7,0.0,1.101,12810,1138,2.81,0
2024-10-03,FMCG-Food,Delhi,Vendor_E,83.3,32.4,0.0,1.079,16917,0,2.74,0
2024-10-03,FMCG-Food,Kolkata,Vendor_A,91.7,38.5,0.0,1.033,57085,493,3.15,0
2024-10-03,FMCG-Beverage,Kolkata,Vendor_M,45.8,39.8,0.0,1.247,22889,739,8.03,0
2024-10-03,FMCG-Beverage,Hyderabad,Vendor_D,33.9,31.6,0.0,1.265,58686,0,7.9,0
2024-10-03,FMCG-Beverage,Chennai,Vendor_G,63.0,28.3,0.0,1.025,52187,0,6.02,0
2024-10-03,FMCG-Beverage,Ahmedabad,Vendor_E,46.0,38.4,0.0,1.244,16732,947,7.89,0
2024-10-03,FMCG-Personal Care,Pune,Vendor_K,57.3,26.9,0.0,1.089,57524,0,4.49,0
2024-10-03,FMCG-Personal Care,Delhi,Vendor_F,77.6,27.3,0.0,0.935,56708,3024,3.91,0
2024-10-03,FMCG-Personal Care,Mumbai,Vendor_G,78.3,26.5,0.0,0.969,57627,3442,8.47,0
2024-10-03,FMCG-Personal Care,Kolkata,Vendor_D,21.5,33.2,0.352,1.278,30160,943,6.84,1
2024-10-03,FMCG-Home Care,Mumbai,Vendor_G,45.0,28.4,0.0,1.227,49130,1903,4.97,0
2024-10-03,FMCG-Home Care,Bangalore,Vendor_H,78.9,35.6,0.0,1.008,26086,0,8.36,0
2024-10-03,FMCG-Home Care,Hyderabad,Vendor_I,94.5,39.5,0.0,1.257,62356,0,5.0,0
2024-10-03,FMCG-Home Care,Delhi,Vendor_K,84.4,26.1,0.0,1.125,41144,615,4.28,0
2024-10-03,FMCG-Health,Bangalore,Vendor_E,61.1,29.7,0.0,1.137,28628,0,6.95,0
2024-10-03,FMCG-Health,Ahmedabad,Vendor_E,81.0,28.2,0.0,1.1,34797,380,7.29,0
2024-10-03,FMCG-Health,Pune,Vendor_G,26.3,37.1,0.292,0.893,33663,0,6.5,2
2024-10-03,FMCG-Health,Kolkata,Vendor_B,72.1,35.9,0.0,1.061,11410,570,3.69,0
2024-10-06,FMCG-Food,Ahmedabad,Vendor_K,26.7,30.0,0.108,1.177,45147,447,4.26,0
2024-10-06,FMCG-Food,Hyderabad,Vendor_B,49.9,27.4,0.0,1.0,27700,0,6.38,0
2024-10-06,FMCG-Food,Mumbai,Vendor_A,30.4,40.0,0.24,1.027,47953,0,6.46,0
2024-10-06,FMCG-Food,Pune,Vendor_C,58.2,37.7,0.0,1.119,59338,0,6.14,0
2024-10-06,FMCG-Beverage,Ahmedabad,Vendor_N,66.3,28.5,0.0,1.023,16516,1113,4.08,0
2024-10-06,FMCG-Beverage,Kolkata,Vendor_H,63.9,30.0,0.0,1.007,40792,4633,4.62,0
2024-10-06,FMCG-Beverage,Chennai,Vendor_D,79.6,25.6,0.0,1.09,50788,809,4.15,0
2024-10-06,FMCG-Beverage,Mumbai,Vendor_O,32.2,33.0,0.023,1.287,41761,0,5.06,0
2024-10-06,FMCG-Personal Care,Ahmedabad,Vendor_G,82.1,27.8,0.0,1.301,17792,1562,3.03,0
2024-10-06,FMCG-Personal Care,Delhi,Vendor_M,39.4,33.7,0.0,1.243,19240,712,4.73,0
2024-10-06,FMCG-Personal Care,Kolkata,Vendor_E,61.8,29.3,0.0,1.176,26051,0,5.77,0
2024-10-06,FMCG-Personal Care,Hyderabad,Vendor_J,83.1,37.3,0.0,1.099,42344,298,8.41,0
2024-10-06,FMCG-Home Care,Bangalore,Vendor_F,83.8,32.9,0.0,1.241,11392,0,6.99,0
2024-10-06,FMCG-Home Care,Delhi,Vendor_L,38.3,28.6,0.0,1.23,38092,0,6.65,0
2024-10-06,FMCG-Home Care,Chennai,Vendor_J,34.1,26.9,0.0,0.902,7300,0,2.53,0
2024-10-06,FMCG-Home Care,Mumbai,Vendor_J,26.0,31.1,0.166,1.035,21429,0,6.91,1
2024-10-06,FMCG-Health,Chennai,Vendor_L,32.4,34.7,0.065,1.217,29486,0,2.93,1
2024-10-06,FMCG-Health,Pune,Vendor_I,76.6,36.9,0.0,1.242,43471,0,2.82,0
2024-10-06,FMCG-Health,Kolkata,Vendor_B,93.5,38.6,0.0,1.197,51501,0,5.94,0
2024-10-06,FMCG-Health,Delhi,Vendor_M,79.6,36.8,0.0,1.197,47479,1062,4.78,0
2024-10-09,FMCG-Food,Chennai,Vendor_G,34.5,32.1,0.0,0.914,29760,322,6.15,0
2024-10-09,FMCG-Food,Kolkata,Vendor_M,44.6,32.8,0.0,0.958,59364,0,4.19,0
2024-10-09,FMCG-Food,Pune,Vendor_H,73.1,35.5,0.0,1.023,18632,1296,8.34,0
2024-10-09,FMCG-Food,Hyderabad,Vendor_K,73.8,32.1,0.0,1.072,59433,605,7.96,0
2024-10-09,FMCG-Beverage,Ahmedabad,Vendor_F,44.6,27.6,0.0,1.186,52677,1011,6.42,0
2024-10-09,FMCG-Beverage,Bangalore,Vendor_C,36.1,31.8,0.0,0.927,38369,779,3.41,0
2024-10-09,FMCG-Beverage,Pune,Vendor_C,77.6,28.2,0.0,1.11,40056,0,6.56,0
2024-10-09,FMCG-Beverage,Kolkata,Vendor_O,32.2,27.0,0.0,1.059,47247,0,7.64,0
2024-10-09,FMCG-Personal Care,Delhi,Vendor_A,77.8,25.6,0.0,1.124,24458,0,4.83,0
2024-10-09,FMCG-Personal Care,Mumbai,Vendor_C,43.3,34.9,0.0,1.005,22117,0,3.64,0
2024-10-09,FMCG-Personal Care,Chennai,Vendor_O,81.1,36.8,0.0,1.003,39246,0,4.7,0
2024-10-09,FMCG-Personal Care,Ahmedabad,Vendor_K,45.6,39.8,0.0,0.924,15870,1253,2.67,0
2024-10-09,FMCG-Home Care,Mumbai,Vendor_K,20.8,40.0,0.481,1.21,42825,1024,2.7,1
2024-10-09,FMCG-Home Care,Ahmedabad,Vendor_O,91.0,36.0,0.0,0.94,53564,2613,7.71,0
2024-10-09,FMCG-Home Care,Kolkata,Vendor_H,48.0,32.4,0.0,1.095,40168,0,5.33,0
2024-10-09,FMCG-Home Care,Delhi,Vendor_H,47.7,35.4,0.0,1.271,33077,228,4.58,0
2024-10-09,FMCG-Health,Bangalore,Vendor_B,64.0,28.7,0.0,1.256,16842,1570,6.27,0
2024-10-09,FMCG-Health,Ahmedabad,Vendor_M,21.5,40.0,0.462,0.916,28265,0,4.1,1
2024-10-09,FMCG-Health,Delhi,Vendor_D,89.0,31.6,0.0,1.201,21890,0,5.74,0
2024-10-09,FMCG-Health,Kolkata,Vendor_D,83.6,38.3,0.0,1.159,40966,285,3.48,0
2024-10-12,FMCG-Food,Bangalore,Vendor_K,47.8,31.8,0.0,1.151,10620,0,7.13,0
2024-10-12,FMCG-Food,Kolkata,Vendor_J,75.7,31.5,0.0,1.225,10464,0,4.58,0
2024-10-12,FMCG-Food,Mumbai,Vendor_O,62.7,39.1,0.0,0.919,33435,1080,6.42,0
2024-10-12,FMCG-Food,Chennai,Vendor_K,75.8,30.9,0.0,1.005,41418,847,3.47,0
2024-10-12,FMCG-Beverage,Pune,Vendor_O,44.0,36.1,0.0,0.955,25752,2822,2.87,0
2024-10-12,FMCG-Beverage,Bangalore,Vendor_J,35.6,26.0,0.0,1.064,57106,1674,6.68,0
2024-10-12,FMCG-Beverage,Mumbai,Vendor_C,29.8,35.2,0.155,1.116,46258,816,6.62,0
2024-10-12,FMCG-Beverage,Hyderabad,Vendor_O,40.2,32.4,0.0,1.054,52170,3315,8.37,0
2024-10-12,FMCG-Personal Care,Bangalore,Vendor_K,92.6,29.1,0.0,1.087,33009,398,5.72,0
2024-10-12,FMCG-Personal Care,Ahmedabad,Vendor_K,90.8,32.5,0.0,1.081,60278,0,7.42,0
2024-10-12,FMCG-Personal Care,Hyderabad,Vendor_I,29.4,26.8,0.0,0.946,36016,0,6.7,0
2024-10-12,FMCG-Personal Care,Mumbai,Vendor_O,92.6,39.0,0.0,1.121,6856,419,5.25,0
2024-10-12,FMCG-Home Care,Kolkata,Vendor_E,53.3,35.2,0.0,1.058,49912,392,6.95,0
2024-10-12,FMCG-Home Care,Pune,Vendor_B,28.5,32.2,0.113,0.981,23076,0,7.08,0
2024-10-12,FMCG-Home Care,Mumbai,Vendor_B,61.6,28.2,0.0,1.286,36954,0,3.87,0
2024-10-12,FMCG-Home Care,Ahmedabad,Vendor_C,78.7,32.2,0.0,0.896,41397,220,2.73,0
2024-10-12,FMCG-Health,Bangalore,Vendor_G,41.9,30.4,0.0,0.996,53276,56,7.92,0
2024-10-12,FMCG-Health,Kolkata,Vendor_G,54.2,36.3,0.0,1.245,15973,846,8.17,0
2024-10-12,FMCG-Health,Delhi,Vendor_C,38.4,27.4,0.0,1.033,6999,962,5.91,0
2024-10-12,FMCG-Health,Hyderabad,Vendor_B,43.6,32.5,0.0,1.069,55540,497,5.7,0
2024-10-15,FMCG-Food,Ahmedabad,Vendor_E,65.5,28.4,0.0,0.925,51870,0,7.3,0
2024-10-15,FMCG-Food,Pune,Vendor_C,88.4,27.1,0.0,1.273,12162,0,3.43,0
2024-10-15,FMCG-Food,Chennai,Vendor_F,85.0,29.8,0.0,1.138,13123,2009,7.49,0
2024-10-15,FMCG-Food,Kolkata,Vendor_H,84.3,28.4,0.0,1.14,15704,0,6.77,0
2024-10-15,FMCG-Beverage,Kolkata,Vendor_K,35.3,28.5,0.0,1.08,33723,3144,3.4,0
2024-10-15,FMCG-Beverage,Bangalore,Vendor_O,47.1,26.8,0.0,1.106,53637,308,7.7,0
2024-10-15,FMCG-Beverage,Ahmedabad,Vendor_B,92.3,32.3,0.0,1.203,21463,105,4.59,0
2024-10-15,FMCG-Beverage,Delhi,Vendor_A,86.1,29.1,0.0,1.092,17210,1519,3.11,0
2024-10-15,FMCG-Personal Care,Mumbai,Vendor_O,50.0,30.3,0.0,1.086,24428,0,7.43,0
2024-10-15,FMCG-Personal Care,Bangalore,Vendor_D,79.3,36.3,0.0,1.177,59684,1147,3.31,0
2024-10-15,FMCG-Personal Care,Kolkata,Vendor_H,85.8,26.1,0.0,0.918,28661,230,2.56,0
2024-10-15,FMCG-Personal Care,Chennai,Vendor_L,29.0,35.7,0.187,1.069,20832,821,2.53,0
2024-10-15,FMCG-Home Care,Kolkata,Vendor_A,77.9,28.2,0.0,1.239,61803,0,7.58,0
2024-10-15,FMCG-Home Care,Delhi,Vendor_N,28.3,34.3,0.174,1.228,25844,0,6.23,1
2024-10-15,FMCG-Home Care,Pune,Vendor_C,76.9,36.6,0.0,1.119,34934,0,4.49,0
2024-10-15,FMCG-Home Care,Mumbai,Vendor_O,84.1,33.6,0.0,1.2,60269,0,5.95,0
2024-10-15,FMCG-Health,Ahmedabad,Vendor_N,32.4,25.8,0.0,1.082,7727,0,4.39,0
2024-10-15,FMCG-Health,Mumbai,Vendor_L,23.8,37.8,0.369,1.037,35855,2634,3.96,4
2024-10-15,FMCG-Health,Bangalore,Vendor_G,27.2,39.3,0.308,1.238,40562,503,5.98,2
2024-10-15,FMCG-Health,Hyderabad,Vendor_K,49.5,26.9,0.0,1.198,36094,0,4.4,0
2024-10-18,FMCG-Food,Mumbai,Vendor_G,21.1,29.3,0.281,1.025,29505,1501,5.56,2
2024-10-18,FMCG-Food,Hyderabad,Vendor_F,89.6,32.4,0.0,1.254,7000,0,2.55,0
2024-10-18,FMCG-Food,Ahmedabad,Vendor_H,52.6,36.6,0.0,1.034,38079,0,6.06,0
2024-10-18,FMCG-Food,Pune,Vendor_G,73.5,32.8,0.0,0.999,21259,0,8.28,0
2024-10-18,FMCG-Beverage,Ahmedabad,Vendor_A,78.6,30.0,0.0,1.135,28525,0,6.91,0
2024-10-18,FMCG-Beverage,Hyderabad,Vendor_B,25.5,27.5,0.071,1.076,18539,0,3.61,1
2024-10-18,FMCG-Beverage,Bangalore,Vendor_D,35.5,38.2,0.072,1.036,10006,1550,5.9,0
2024-10-18,FMCG-Beverage,Chennai,Vendor_G,73.8,27.1,0.0,0.9,17052,0,7.03,0
2024-10-18,FMCG-Personal Care,Pune,Vendor_L,88.3,26.9,0.0,1.205,42676,0,4.98,0
2024-10-18,FMCG-Personal Care,Ahmedabad,Vendor_K,52.8,35.0,0.0,0.909,15664,1044,5.95,0
2024-10-18,FMCG-Personal Care,Hyderabad,Vendor_G,64.2,32.5,0.0,0.948,49410,2956,6.3,0
2024-10-18,FMCG-Personal Care,Chennai,Vendor_H,48.5,30.1,0.0,1.3,52787,0,5.01,0
2024-10-18,FMCG-Home Care,Hyderabad,Vendor_L,82.2,31.3,0.0,1.14,25279,0,2.7,0
2024-10-18,FMCG-Home Care,Ahmedabad,Vendor_I,79.6,29.6,0.0,1.294,52967,2079,6.22,0
2024-10-18,FMCG-Home Care,Mumbai,Vendor_N,92.7,39.3,0.0,1.251,11420,0,5.73,0
2024-10-18,FMCG-Home Care,Pune,Vendor_A,43.9,35.3,0.0,0.956,26461,4641,6.16,0
2024-10-18,FMCG-Health,Kolkata,Vendor_N,94.1,25.2,0.0,1.274,18687,0,6.59,0
2024-10-18,FMCG-Health,Chennai,Vendor_A,68.6,35.2,0.0,1.092,25112,1451,6.98,0
2024-10-18,FMCG-Health,Bangalore,Vendor_B,54.7,34.4,0.0,1.262,6759,0,4.95,0
2024-10-18,FMCG-Health,Pune,Vendor_I,47.1,31.0,0.0,1.1,34588,0,7.59,0
2024-10-21,FMCG-Food,Mumbai,Vendor_C,61.3,36.4,0.0,1.131,39121,0,5.47,0
2024-10-21,FMCG-Food,Bangalore,Vendor_A,30.6,27.5,0.0,0.913,42610,0,5.34,0
2024-10-21,FMCG-Food,Pune,Vendor_E,21.1,27.4,0.23,0.888,21730,1656,6.74,2
2024-10-21,FMCG-Food,Kolkata,Vendor_H,88.1,34.3,0.0,0.939,48354,1602,5.22,0
2024-10-21,FMCG-Beverage,Kolkata,Vendor_L,33.0,31.2,0.0,0.889,53765,984,7.74,0
2024-10-21,FMCG-Beverage,Mumbai,Vendor_D,20.1,38.1,0.472,1.027,29998,3628,5.27,2
2024-10-21,FMCG-Beverage,Pune,Vendor_N,47.1,28.1,0.0,1.248,41269,0,3.18,0
2024-10-21,FMCG-Beverage,Chennai,Vendor_A,45.7,25.9,0.0,1.109,8470,0,2.81,0
2024-10-21,FMCG-Personal Care,Pune,Vendor_O,61.9,27.7,0.0,1.153,33203,0,5.77,0
2024-10-21,FMCG-Personal Care,Kolkata,Vendor_H,42.2,30.2,0.0,1.167,55433,0,3.9,0
2024-10-21,FMCG-Personal Care,Mumbai,Vendor_H,68.9,31.0,0.0,1.057,12202,0,6.89,0
2024-10-21,FMCG-Personal Care,Chennai,Vendor_A,23.2,33.9,0.316,1.059,29441,2485,7.09,0
2024-10-21,FMCG-Home Care,Pune,Vendor_A,73.2,32.4,0.0,1.123,38559,0,5.06,0
2024-10-21,FMCG-Home Care,Kolkata,Vendor_G,67.6,29.8,0.0,1.159,60599,1261,6.59,0
2024-10-21,FMCG-Home Care,Bangalore,Vendor_H,82.7,39.1,0.0,0.988,45138,0,5.23,0
2024-10-21,FMCG-Home Care,Hyderabad,Vendor_G,70.3,28.0,0.0,1.064,55984,0,7.3,0
2024-10-21,FMCG-Health,Mumbai,Vendor_M,47.5,30.3,0.0,1.279,56373,2061,3.64,0
2024-10-21,FMCG-Health,Pune,Vendor_F,31.1,25.4,0.0,1.285,51702,0,7.61,0
2024-10-21,FMCG-Health,Kolkata,Vendor_I,48.8,25.6,0.0,1.073,57763,0,8.4,0
2024-10-21,FMCG-Health,Bangalore,Vendor_C,60.6,37.3,0.0,1.142,57113,1914,6.9,0
2024-10-24,FMCG-Food,Ahmedabad,Vendor_B,71.6,25.4,0.0,1.19,29580,0,6.46,0
2024-10-24,FMCG-Food,Pune,Vendor_G,89.4,30.9,0.0,0.908,39819,0,8.02,0
2024-10-24,FMCG-Food,Chennai,Vendor_B,35.3,31.5,0.0,1.18,33349,3413,7.45,0
2024-10-24,FMCG-Food,Bangalore,Vendor_F,94.0,39.3,0.0,0.901,56393,1598,7.11,0
2024-10-24,FMCG-Beverage,Delhi,Vendor_N,70.8,30.7,0.0,1.066,33402,1660,3.27,0
2024-10-24,FMCG-Beverage,Ahmedabad,Vendor_F,56.3,39.0,0.0,1.167,53261,0,7.12,0
2024-10-24,FMCG-Beverage,Kolkata,Vendor_J,81.9,36.5,0.0,1.247,21364,1281,8.04,0
2024-10-24,FMCG-Beverage,Pune,Vendor_A,62.5,39.6,0.0,1.129,41029,0,2.7,0
2024-10-24,FMCG-Personal Care,Chennai,Vendor_N,75.9,32.8,0.0,1.225,39916,0,3.46,0
2024-10-24,FMCG-Personal Care,Hyderabad,Vendor_A,77.0,35.3,0.0,0.891,32815,1895,2.88,0
2024-10-24,FMCG-Personal Care,Kolkata,Vendor_E,32.5,26.0,0.0,0.89,38036,0,6.01,0
2024-10-24,FMCG-Personal Care,Delhi,Vendor_F,67.6,39.0,0.0,1.176,14267,0,7.13,0
2024-10-24,FMCG-Home Care,Ahmedabad,Vendor_D,79.8,35.7,0.0,1.083,29295,639,5.28,0
2024-10-24,FMCG-Home Care,Kolkata,Vendor_D,74.5,38.4,0.0,1.184,15402,0,8.42,0
2024-10-24,FMCG-Home Care,Bangalore,Vendor_I,67.4,35.2,0.0,1.121,59343,14,5.11,0
2024-10-24,FMCG-Home Care,Hyderabad,Vendor_H,58.0,29.8,0.0,0.989,53887,771,6.65,0
2024-10-24,FMCG-Health,Chennai,Vendor_M,41.0,39.2,0.0,0.918,12069,603,3.22,0
2024-10-24,FMCG-Health,Ahmedabad,Vendor_F,38.1,31.3,0.0,1.297,14247,0,5.7,0
2024-10-24,FMCG-Health,Hyderabad,Vendor_I,66.0,29.1,0.0,1.152,39468,0,2.6,0
2024-10-24,FMCG-Health,Kolkata,Vendor_O,94.1,28.9,0.0,1.23,54230,792,3.13,0
2024-10-27,FMCG-Food,Chennai,Vendor_C,73.0,30.6,0.0,1.136,40883,678,4.44,0
2024-10-27,FMCG-Food,Bangalore,Vendor_L,36.4,25.4,0.0,1.051,35038,580,3.52,0
2024-10-27,FMCG-Food,Delhi,Vendor_H,30.1,34.8,0.135,1.058,6872,228,3.28,0
2024-10-27,FMCG-Food,Pune,Vendor_E,52.4,34.7,0.0,1.137,55219,2676,7.56,0
2024-10-27,FMCG-Beverage,Kolkata,Vendor_N,89.8,30.7,0.0,1.025,53974,2649,3.11,0
2024-10-27,FMCG-Beverage,Hyderabad,Vendor_O,61.8,29.2,0.0,1.275,44295,0,4.32,0
2024-10-27,FMCG-Beverage,Bangalore,Vendor_L,37.9,29.8,0.0,1.022,34449,0,7.24,0
2024-10-27,FMCG-Beverage,Chennai,Vendor_E,53.4,31.0,0.0,1.018,54870,0,5.52,0
2024-10-27,FMCG-Personal Care,Delhi,Vendor_L,88.1,33.7,0.0,0.932,29553,0,7.85,0
2024-10-27,FMCG-Personal Care,Mumbai,Vendor_A,83.3,25.9,0.0,0.97,36015,0,3.59,0
2024-10-27,FMCG-Personal Care,Kolkata,Vendor_M,71.9,31.4,0.0,0.899,59084,0,7.85,0
2024-10-27,FMCG-Personal Care,Bangalore,Vendor_J,23.7,36.5,0.351,0.922,45352,2854,6.64,4
2024-10-27,FMCG-Home Care,Delhi,Vendor_I,83.6,31.7,0.0,0.99,13373,914,3.75,0
2024-10-27,FMCG-Home Care,Mumbai,Vendor_F,54.1,27.7,0.0,1.281,31382,360,5.75,0
2024-10-27,FMCG-Home Care,Pune,Vendor_K,47.8,30.7,0.0,1.269,38901,211,7.95,0
2024-10-27,FMCG-Home Care,Hyderabad,Vendor_O,31.4,26.7,0.0,1.025,23593,1113,2.8,0
2024-10-27,FMCG-Health,Bangalore,Vendor_I,50.9,37.3,0.0,0.992,52831,2636,3.01,0
2024-10-27,FMCG-Health,Chennai,Vendor_K,56.0,36.0,0.0,1.09,37469,1554,3.58,0
2024-10-27,FMCG-Health,Mumbai,Vendor_K,33.2,39.6,0.162,0.897,25569,0,8.12,0
2024-10-27,FMCG-Health,Hyderabad,Vendor_E,28.6,33.7,0.151,1.227,58564,3075,3.39,1
2024-10-30,FMCG-Food,Delhi,Vendor_F,51.8,36.3,0.0,1.263,27795,0,3.51,0
2024-10-30,FMCG-Food,Kolkata,Vendor_B,86.2,33.1,0.0,1.237,55321,0,5.1,0
2024-10-30,FMCG-Food,Ahmedabad,Vendor_B,71.6,33.9,0.0,1.074,51901,0,8.06,0
2024-10-30,FMCG-Food,Hyderabad,Vendor_I,21.3,27.4,0.224,0.954,55032,469,7.05,2
2024-10-30,FMCG-Beverage,Delhi,Vendor_M,81.6,31.9,0.0,0.953,38566,0,8.19,0
2024-10-30,FMCG-Beverage,Pune,Vendor_L,43.9,32.8,0.0,1.14,17996,0,6.62,0
2024-10-30,FMCG-Beverage,Hyderabad,Vendor_I,80.8,38.1,0.0,1.226,18218,0,7.73,0
2024-10-30,FMCG-Beverage,Kolkata,Vendor_O,32.3,27.1,0.0,0.987,60643,0,7.07,0
2024-10-30,FMCG-Personal Care,Hyderabad,Vendor_M,83.7,32.5,0.0,1.257,23816,5207,7.94,0
2024-10-30,FMCG-Personal Care,Kolkata,Vendor_I,72.6,33.4,0.0,0.922,12250,19,3.15,0
2024-10-30,FMCG-Personal Care,Pune,Vendor_G,75.3,32.0,0.0,0.958,57454,2530,8.34,0
2024-10-30,FMCG-Personal Care,Ahmedabad,Vendor_I,92.3,39.2,0.0,0.909,61516,2069,3.8,0
2024-10-30,FMCG-Home Care,Chennai,Vendor_L,42.7,26.1,0.0,1.109,47426,0,7.48,0
2024-10-30,FMCG-Home Care,Delhi,Vendor_O,36.9,30.0,0.0,1.265,25245,111,6.65,0
2024-10-30,FMCG-Home Care,Kolkata,Vendor_O,34.3,36.5,0.061,1.151,14335,1045,3.26,0
2024-10-30,FMCG-Home Care,Ahmedabad,Vendor_B,38.1,28.9,0.0,1.236,34286,724,5.71,0
2024-10-30,FMCG-Health,Bangalore,Vendor_K,27.8,26.2,0.0,1.211,60729,724,3.01,0
2024-10-30,FMCG-Health,Kolkata,Vendor_G,72.6,37.7,0.0,0.952,61999,1504,6.11,0
2024-10-30,FMCG-Health,Hyderabad,Vendor_G,74.2,26.3,0.0,1.09,8930,0,6.85,0
2024-10-30,FMCG-Health,Ahmedabad,Vendor_I,75.8,34.1,0.0,1.256,22142,795,4.58,0
2024-11-02,FMCG-Food,Pune,Vendor_B,47.6,31.9,0.0,1.004,33084,0,7.57,0
2024-11-02,FMCG-Food,Kolkata,Vendor_F,66.0,37.5,0.0,1.038,11858,0,5.04,0
2024-11-02,FMCG-Food,Bangalore,Vendor_D,65.5,36.5,0.0,1.099,66811,871,2.52,0
2024-11-02,FMCG-Food,Hyderabad,Vendor_I,75.2,34.6,0.0,1.02,28342,0,4.05,0
2024-11-02,FMCG-Beverage,Chennai,Vendor_H,57.3,25.3,0.0,1.132,29003,0,4.88,0
2024-11-02,FMCG-Beverage,Bangalore,Vendor_D,43.1,26.2,0.0,1.178,51447,958,6.15,0
2024-11-02,FMCG-Beverage,Kolkata,Vendor_L,31.0,37.3,0.169,1.261,21919,1429,4.22,0
2024-11-02,FMCG-Beverage,Ahmedabad,Vendor_F,66.4,27.7,0.0,1.217,25489,1602,6.18,0
2024-11-02,FMCG-Personal Care,Chennai,Vendor_B,22.9,27.8,0.176,0.948,33106,0,3.8,1
2024-11-02,FMCG-Personal Care,Mumbai,Vendor_G,66.9,30.8,0.0,1.125,56913,1568,3.55,0
2024-11-02,FMCG-Personal Care,Ahmedabad,Vendor_J,53.3,33.5,0.0,0.941,57812,3973,4.44,0
2024-11-02,FMCG-Personal Care,Bangalore,Vendor_F,28.1,36.9,0.239,1.162,61093,1776,8.39,1
2024-11-02,FMCG-Home Care,Bangalore,Vendor_M,47.2,32.2,0.0,0.944,59261,518,6.3,0
2024-11-02,FMCG-Home Care,Kolkata,Vendor_A,60.7,36.4,0.0,1.088,63510,0,3.84,0
2024-11-02,FMCG-Home Care,Mumbai,Vendor_C,49.2,26.0,0.0,0.996,48151,4082,5.6,0
2024-11-02,FMCG-Home Care,Ahmedabad,Vendor_M,25.4,27.3,0.069,1.166,48459,1730,6.13,0
2024-11-02,FMCG-Health,Kolkata,Vendor_H,89.3,29.3,0.0,0.921,57938,0,7.64,0
2024-11-02,FMCG-Health,Mumbai,Vendor_N,42.7,28.4,0.0,0.964,55714,0,2.73,0
2024-11-02,FMCG-Health,Pune,Vendor_M,86.6,38.1,0.0,0.941,29662,305,5.99,0
2024-11-02,FMCG-Health,Hyderabad,Vendor_N,54.3,26.0,0.0,1.302,21779,690,3.94,0
2024-11-05,FMCG-Food,Ahmedabad,Vendor_I,70.1,25.4,0.0,1.097,22091,411,2.85,0
2024-11-05,FMCG-Food,Delhi,Vendor_I,60.8,30.9,0.0,1.208,53647,3555,7.28,0
2024-11-05,FMCG-Food,Hyderabad,Vendor_I,50.6,39.1,0.0,1.121,39946,2655,4.81,0
2024-11-05,FMCG-Food,Mumbai,Vendor_L,38.0,25.4,0.0,1.155,31895,10,8.2,0
2024-11-05,FMCG-Beverage,Bangalore,Vendor_M,28.5,25.7,0.0,1.148,59844,0,5.01,0
2024-11-05,FMCG-Beverage,Chennai,Vendor_G,63.3,32.3,0.0,1.073,14027,0,4.63,0
2024-11-05,FMCG-Beverage,Pune,Vendor_I,47.2,27.5,0.0,1.244,14893,65,7.24,0
2024-11-05,FMCG-Beverage,Kolkata,Vendor_F,32.0,29.6,0.0,1.106,12296,0,5.27,0
2024-11-05,FMCG-Personal Care,Hyderabad,Vendor_H,27.2,34.1,0.202,1.066,21675,1810,3.49,1
2024-11-05,FMCG-Personal Care,Chennai,Vendor_L,47.7,37.7,0.0,1.259,16227,1380,3.72,0
2024-11-05,FMCG-Personal Care,Mumbai,Vendor_N,86.5,27.2,0.0,1.127,30641,0,6.3,0
2024-11-05,FMCG-Personal Care,Kolkata,Vendor_N,83.8,38.9,0.0,1.225,27532,2945,3.76,0
2024-11-05,FMCG-Home Care,Bangalore,Vendor_N,50.6,29.1,0.0,0.912,23103,0,5.57,0
2024-11-05,FMCG-Home Care,Hyderabad,Vendor_I,77.8,29.3,0.0,0.967,25879,3211,4.32,0
2024-11-05,FMCG-Home Care,Pune,Vendor_O,87.9,29.5,0.0,1.277,7775,1488,3.12,0
2024-11-05,FMCG-Home Care,Chennai,Vendor_E,36.3,25.8,0.0,0.917,37066,4483,7.7,0
2024-11-05,FMCG-Health,Chennai,Vendor_H,79.4,32.6,0.0,1.113,36786,0,8.03,0
2024-11-05,FMCG-Health,Delhi,Vendor_F,58.4,39.6,0.0,1.284,66168,283,5.45,0
2024-11-05,FMCG-Health,Mumbai,Vendor_N,85.7,34.2,0.0,1.19,35550,0,6.88,0
2024-11-05,FMCG-Health,Kolkata,Vendor_A,24.1,30.0,0.197,1.243,23959,0,2.99,1
2024-11-08,FMCG-Food,Ahmedabad,Vendor_E,44.3,36.8,0.0,1.223,47326,1979,4.72,0
2024-11-08,FMCG-Food,Chennai,Vendor_B,26.3,33.7,0.218,0.991,37417,0,8.01,1
2024-11-08,FMCG-Food,Pune,Vendor_B,69.6,29.0,0.0,1.186,34456,0,6.67,0
2024-11-08,FMCG-Food,Kolkata,Vendor_N,36.1,38.0,0.051,1.072,54400,2003,4.91,0
2024-11-08,FMCG-Beverage,Delhi,Vendor_I,20.4,28.4,0.281,0.979,39413,0,4.32,0
2024-11-08,FMCG-Beverage,Mumbai,Vendor_A,47.0,36.6,0.0,1.147,11995,1041,5.74,0
2024-11-08,FMCG-Beverage,Bangalore,Vendor_I,38.8,33.4,0.0,1.089,27103,702,6.88,0
2024-11-08,FMCG-Beverage,Hyderabad,Vendor_D,32.5,26.8,0.0,1.098,19463,414,7.03,0
2024-11-08,FMCG-Personal Care,Ahmedabad,Vendor_L,94.5,26.5,0.0,0.916,8533,3496,6.17,0
2024-11-08,FMCG-Personal Care,Chennai,Vendor_L,48.8,34.8,0.0,0.954,62565,0,2.97,0
2024-11-08,FMCG-Personal Care,Mumbai,Vendor_D,71.0,31.3,0.0,1.175,51262,0,5.0,0
2024-11-08,FMCG-Personal Care,Bangalore,Vendor_F,77.6,39.8,0.0,0.963,31799,151,7.87,0
2024-11-08,FMCG-Home Care,Kolkata,Vendor_L,72.3,39.2,0.0,1.305,40838,0,8.28,0
2024-11-08,FMCG-Home Care,Pune,Vendor_G,71.8,32.7,0.0,0.899,46101,1807,7.19,0
2024-11-08,FMCG-Home Care,Mumbai,Vendor_F,33.4,39.1,0.147,1.039,48889,15,4.93,0
2024-11-08,FMCG-Home Care,Delhi,Vendor_O,56.4,37.7,0.0,1.262,66408,89,6.29,0
2024-11-08,FMCG-Health,Ahmedabad,Vendor_M,83.4,32.3,0.0,1.095,34219,2676,6.5,0
2024-11-08,FMCG-Health,Mumbai,Vendor_J,20.3,32.1,0.367,1.036,28777,2828,4.18,2
2024-11-08,FMCG-Health,Hyderabad,Vendor_F,58.4,25.3,0.0,1.098,24262,0,8.09,0
2024-11-08,FMCG-Health,Kolkata,Vendor_D,27.7,39.9,0.307,1.162,54116,0,8.35,3
2024-11-11,FMCG-Food,Kolkata,Vendor_E,66.9,29.6,0.0,1.262,19269,1108,7.96,0
2024-11-11,FMCG-Food,Pune,Vendor_H,89.4,38.8,0.0,0.92,64991,288,7.79,0
2024-11-11,FMCG-Food,Delhi,Vendor_I,21.6,27.5,0.213,0.943,58631,0,8.45,1
2024-11-11,FMCG-Food,Hyderabad,Vendor_B,63.4,35.0,0.0,1.182,60945,0,7.23,0
2024-11-11,FMCG-Beverage,Delhi,Vendor_G,23.9,38.6,0.38,1.034,19285,0,6.52,1
2024-11-11,FMCG-Beverage,Hyderabad,Vendor_O,20.4,27.2,0.251,1.164,25134,1578,3.29,2
2024-11-11,FMCG-Beverage,Pune,Vendor_L,56.5,37.8,0.0,1.032,27429,2327,7.45,0
2024-11-11,FMCG-Beverage,Chennai,Vendor_N,25.0,37.0,0.324,1.101,37807,3559,2.61,2
2024-11-11,FMCG-Personal Care,Chennai,Vendor_C,72.3,36.9,0.0,1.102,36575,2134,6.06,0
2024-11-11,FMCG-Personal Care,Hyderabad,Vendor_E,26.7,28.6,0.068,0.984,30972,1395,7.37,0
2024-11-11,FMCG-Personal Care,Ahmedabad,Vendor_B,35.8,31.1,0.0,1.075,48332,0,5.12,0
2024-11-11,FMCG-Personal Care,Kolkata,Vendor_D,68.8,32.2,0.0,1.113,32292,0,2.95,0
2024-11-11,FMCG-Home Care,Bangalore,Vendor_I,29.3,26.0,0.0,1.143,12452,1955,6.81,0
2024-11-11,FMCG-Home Care,Hyderabad,Vendor_H,32.1,26.2,0.0,0.92,43950,0,6.29,0
2024-11-11,FMCG-Home Care,Ahmedabad,Vendor_C,58.6,32.9,0.0,1.124,15473,648,4.12,0
2024-11-11,FMCG-Home Care,Mumbai,Vendor_L,37.1,27.9,0.0,0.97,47781,1651,2.51,0
2024-11-11,FMCG-Health,Mumbai,Vendor_H,81.1,28.8,0.0,1.077,16451,2915,5.12,0
2024-11-11,FMCG-Health,Ahmedabad,Vendor_B,65.8,28.7,0.0,0.893,66633,475,4.66,0
2024-11-11,FMCG-Health,Bangalore,Vendor_K,92.6,37.6,0.0,1.108,55973,0,7.49,0
2024-11-11,FMCG-Health,Delhi,Vendor_L,37.0,39.5,0.063,0.995,40923,88,6.83,1
2024-11-14,FMCG-Food,Chennai,Vendor_D,57.4,38.2,0.0,0.934,17952,2133,5.85,0
2024-11-14,FMCG-Food,Ahmedabad,Vendor_K,74.1,30.8,0.0,0.982,15144,1576,5.74,0
2024-11-14,FMCG-Food,Delhi,Vendor_G,25.5,27.4,0.068,1.074,52694,0,6.88,0
2024-11-14,FMCG-Food,Mumbai,Vendor_L,94.8,32.1,0.0,1.223,53092,0,7.22,0
2024-11-14,FMCG-Beverage,Delhi,Vendor_J,83.0,37.3,0.0,0.892,29336,0,7.66,0
2024-11-14,FMCG-Beverage,Bangalore,Vendor_A,21.5,25.7,0.165,1.191,44967,0,7.92,1
2024-11-14,FMCG-Beverage,Kolkata,Vendor_F,68.5,39.0,0.0,1.018,42411,0,7.61,0
2024-11-14,FMCG-Beverage,Hyderabad,Vendor_K,51.8,34.5,0.0,0.921,33957,38,6.33,0
2024-11-14,FMCG-Personal Care,Mumbai,Vendor_G,37.6,35.0,0.0,0.891,25120,0,2.74,0
2024-11-14,FMCG-Personal Care,Kolkata,Vendor_I,39.2,34.2,0.0,1.11,27962,2394,8.41,0
2024-11-14,FMCG-Personal Care,Delhi,Vendor_E,50.6,29.1,0.0,1.206,41205,1713,4.55,0
2024-11-14,FMCG-Personal Care,Chennai,Vendor_O,77.0,27.9,0.0,0.898,65011,0,5.26,0
2024-11-14,FMCG-Home Care,Ahmedabad,Vendor_C,89.8,25.9,0.0,0.986,25274,2499,4.98,0
2024-11-14,FMCG-Home Care,Kolkata,Vendor_N,77.9,29.1,0.0,1.229,16980,3166,2.68,0
2024-11-14,FMCG-Home Care,Mumbai,Vendor_M,69.4,39.1,0.0,1.023,64085,0,2.5,0
2024-11-14,FMCG-Home Care,Delhi,Vendor_K,27.6,26.2,0.0,1.199,52122,0,3.17,0
2024-11-14,FMCG-Health,Pune,Vendor_H,80.1,25.6,0.0,1.006,30341,0,7.47,0
2024-11-14,FMCG-Health,Ahmedabad,Vendor_B,86.1,32.6,0.0,1.069,36147,0,4.97,0
2024-11-14,FMCG-Health,Bangalore,Vendor_F,36.3,39.8,0.088,1.049,11408,0,5.52,0
2024-11-14,FMCG-Health,Hyderabad,Vendor_J,38.9,32.4,0.0,1.115,15805,202,8.1,0
2024-11-17,FMCG-Food,Mumbai,Vendor_F,45.5,34.4,0.0,1.055,57117,0,5.14,0
2024-11-17,FMCG-Food,Chennai,Vendor_J,69.4,39.8,0.0,1.046,14672,326,2.67,0
2024-11-17,FMCG-Food,Pune,Vendor_G,46.0,30.8,0.0,1.279,42568,1004,7.55,0
2024-11-17,FMCG-Food,Hyderabad,Vendor_B,73.7,37.7,0.0,0.959,31987,473,4.75,0
2024-11-17,FMCG-Beverage,Hyderabad,Vendor_H,66.3,26.7,0.0,1.192,61555,760,5.17,0
2024-11-17,FMCG-Beverage,Pune,Vendor_N,66.8,38.7,0.0,1.265,56541,2224,5.72,0
2024-11-17,FMCG-Beverage,Ahmedabad,Vendor_O,42.7,28.0,0.0,1.037,17278,0,3.71,0
2024-11-17,FMCG-Beverage,Mumbai,Vendor_C,64.0,39.4,0.0,1.028,38753,1399,6.14,0
2024-11-17,FMCG-Personal Care,Ahmedabad,Vendor_G,31.1,28.9,0.0,1.12,34215,0,3.7,0
2024-11-17,FMCG-Personal Care,Mumbai,Vendor_L,36.2,26.7,0.0,1.082,53502,0,7.18,0
2024-11-17,FMCG-Personal Care,Hyderabad,Vendor_J,28.3,26.0,0.0,1.048,6973,242,4.83,0
2024-11-17,FMCG-Personal Care,Chennai,Vendor_N,85.5,36.1,0.0,1.296,9494,822,3.79,0
2024-11-17,FMCG-Home Care,Kolkata,Vendor_E,81.3,35.1,0.0,1.293,52493,1058,5.97,0
2024-11-17,FMCG-Home Care,Ahmedabad,Vendor_H,53.7,28.3,0.0,1.162,36723,0,3.84,0
2024-11-17,FMCG-Home Care,Bangalore,Vendor_B,34.6,37.1,0.066,1.281,55980,3262,4.19,0
2024-11-17,FMCG-Home Care,Mumbai,Vendor_H,64.8,28.7,0.0,0.94,62694,0,2.77,0
2024-11-17,FMCG-Health,Bangalore,Vendor_M,47.9,28.1,0.0,1.206,26904,0,5.14,0
2024-11-17,FMCG-Health,Kolkata,Vendor_D,34.4,35.2,0.024,1.064,51849,1807,4.1,0
2024-11-17,FMCG-Health,Delhi,Vendor_F,44.7,34.0,0.0,1.277,32943,0,6.2,0
2024-11-17,FMCG-Health,Pune,Vendor_E,33.3,30.7,0.0,1.067,65001,1208,6.1,0
2024-11-20,FMCG-Food,Delhi,Vendor_A,87.2,25.4,0.0,1.169,64944,0,5.59,0
2024-11-20,FMCG-Food,Bangalore,Vendor_H,82.7,38.1,0.0,0.951,10414,0,2.86,0
2024-11-20,FMCG-Food,Mumbai,Vendor_L,30.5,34.3,0.111,0.984,14042,0,4.9,2
2024-11-20,FMCG-Food,Ahmedabad,Vendor_N,65.5,33.4,0.0,1.299,29782,0,6.28,0
2024-11-20,FMCG-Beverage,Hyderabad,Vendor_M,39.6,30.4,0.0,1.121,24008,0,5.74,0
2024-11-20,FMCG-Beverage,Bangalore,Vendor_C,37.4,35.6,0.0,1.068,7772,471,3.87,0
2024-11-20,FMCG-Beverage,Mumbai,Vendor_E,70.2,29.8,0.0,1.191,12590,151,4.77,0
2024-11-20,FMCG-Beverage,Kolkata,Vendor_O,38.0,25.7,0.0,0.899,62571,3849,4.5,0
2024-11-20,FMCG-Personal Care,Chennai,Vendor_E,57.7,27.9,0.0,0.998,16312,0,4.18,0
2024-11-20,FMCG-Personal Care,Mumbai,Vendor_C,76.0,35.4,0.0,0.925,20799,973,7.98,0
2024-11-20,FMCG-Personal Care,Kolkata,Vendor_N,38.5,33.0,0.0,0.992,53039,0,6.61,0
2024-11-20,FMCG-Personal Care,Pune,Vendor_F,47.6,32.9,0.0,1.024,11431,0,6.39,0
2024-11-20,FMCG-Home Care,Hyderabad,Vendor_A,40.4,37.5,0.0,0.913,49984,0,3.13,0
2024-11-20,FMCG-Home Care,Kolkata,Vendor_F,81.1,33.9,0.0,1.014,45260,0,5.25,0
2024-11-20,FMCG-Home Care,Chennai,Vendor_L,58.5,37.2,0.0,1.116,56512,94,8.05,0
2024-11-20,FMCG-Home Care,Ahmedabad,Vendor_G,40.8,30.1,0.0,1.001,36069,503,7.87,0
2024-11-20,FMCG-Health,Ahmedabad,Vendor_E,29.9,35.8,0.164,1.2,42801,254,3.85,0
2024-11-20,FMCG-Health,Chennai,Vendor_H,45.9,36.2,0.0,1.149,41501,0,3.21,0
2024-11-20,FMCG-Health,Bangalore,Vendor_M,25.9,36.4,0.29,1.197,30108,0,8.26,1
2024-11-20,FMCG-Health,Pune,Vendor_L,80.3,26.8,0.0,0.961,58342,2837,5.13,0
2024-11-23,FMCG-Food,Bangalore,Vendor_E,48.7,31.4,0.0,1.013,20215,0,6.83,0
2024-11-23,FMCG-Food,Delhi,Vendor_B,58.1,29.0,0.0,1.075,26713,0,7.08,0
2024-11-23,FMCG-Food,Ahmedabad,Vendor_D,83.6,34.3,0.0,0.948,18306,564,5.71,0
2024-11-23,FMCG-Food,Kolkata,Vendor_H,23.1,32.9,0.297,1.273,15329,1206,4.47,0
2024-11-23,FMCG-Beverage,Ahmedabad,Vendor_C,57.6,37.3,0.0,1.099,11144,595,6.37,0
2024-11-23,FMCG-Beverage,Pune,Vendor_L,70.7,40.0,0.0,0.951,40317,4335,3.18,0
2024-11-23,FMCG-Beverage,Hyderabad,Vendor_E,30.9,38.9,0.206,0.95,43228,2143,3.2,1
2024-11-23,FMCG-Beverage,Bangalore,Vendor_D,67.9,35.4,0.0,1.236,12944,330,4.5,0
2024-11-23,FMCG-Personal Care,Chennai,Vendor_D,50.3,34.9,0.0,0.927,62273,2640,5.33,0
2024-11-23,FMCG-Personal Care,Pune,Vendor_H,56.1,36.8,0.0,1.25,47412,3188,7.02,0
2024-11-23,FMCG-Personal Care,Bangalore,Vendor_B,25.7,38.9,0.339,0.981,64357,0,5.97,4
2024-11-23,FMCG-Personal Care,Ahmedabad,Vendor_O,71.6,38.9,0.0,1.279,25261,0,4.25,0
2024-11-23,FMCG-Home Care,Delhi,Vendor_G,92.5,32.0,0.0,1.119,10129,90,5.01,0
2024-11-23,FMCG-Home Care,Mumbai,Vendor_A,43.4,26.7,0.0,0.922,21957,0,8.03,0
2024-11-23,FMCG-Home Care,Kolkata,Vendor_A,47.5,25.4,0.0,0.917,53394,1525,4.43,0
2024-11-23,FMCG-Home Care,Chennai,Vendor_A,68.7,27.5,0.0,1.275,52608,4073,5.59,0
2024-11-23,FMCG-Health,Kolkata,Vendor_L,43.1,34.5,0.0,1.109,37924,0,7.81,0
2024-11-23,FMCG-Health,Mumbai,Vendor_D,77.3,33.9,0.0,0.963,63906,0,4.89,0
2024-11-23,FMCG-Health,Bangalore,Vendor_F,76.7,29.1,0.0,0.9,31642,0,8.05,0
2024-11-23,FMCG-Health,Hyderabad,Vendor_F,41.8,35.5,0.0,1.166,34875,630,6.54,0
2024-11-26,FMCG-Food,Hyderabad,Vendor_I,67.1,26.6,0.0,1.128,30041,906,5.42,0
2024-11-26,FMCG-Food,Pune,Vendor_C,58.8,33.0,0.0,0.978,64516,3205,4.42,0
2024-11-26,FMCG-Food,Chennai,Vendor_L,42.4,28.1,0.0,1.197,9522,1631,4.63,0
2024-11-26,FMCG-Food,Ahmedabad,Vendor_F,61.7,37.0,0.0,1.068,61457,0,5.46,0
2024-11-26,FMCG-Beverage,Ahmedabad,Vendor_L,57.8,29.8,0.0,1.293,11126,0,4.4,0
2024-11-26,FMCG-Beverage,Pune,Vendor_D,21.0,38.9,0.46,0.942,24598,811,6.39,2
2024-11-26,FMCG-Beverage,Hyderabad,Vendor_F,53.0,37.1,0.0,0.911,24116,0,7.11,0
2024-11-26,FMCG-Beverage,Mumbai,Vendor_G,29.7,37.3,0.202,1.023,53848,0,3.59,2
2024-11-26,FMCG-Personal Care,Mumbai,Vendor_K,76.9,39.4,0.0,1.037,63953,276,7.52,0
2024-11-26,FMCG-Personal Care,Delhi,Vendor_O,61.9,34.3,0.0,0.905,25545,505,2.53,0
2024-11-26,FMCG-Personal Care,Pune,Vendor_M,88.4,37.7,0.0,1.223,44466,3818,5.77,0
2024-11-26,FMCG-Personal Care,Hyderabad,Vendor_H,64.7,31.8,0.0,1.001,51513,0,5.43,0
2024-11-26,FMCG-Home Care,Hyderabad,Vendor_O,28.8,27.4,0.0,1.04,45324,195,5.94,0
2024-11-26,FMCG-Home Care,Delhi,Vendor_J,60.6,32.5,0.0,1.045,37738,1691,8.31,0
2024-11-26,FMCG-Home Care,Pune,Vendor_D,80.9,27.6,0.0,0.904,41687,0,7.74,0
2024-11-26,FMCG-Home Care,Mumbai,Vendor_L,61.4,39.6,0.0,1.091,31764,124,5.57,0
2024-11-26,FMCG-Health,Pune,Vendor_E,31.5,37.7,0.165,0.896,30158,1328,7.15,3
2024-11-26,FMCG-Health,Kolkata,Vendor_D,91.1,28.7,0.0,1.091,60392,0,2.91,0
2024-11-26,FMCG-Health,Mumbai,Vendor_K,44.8,28.0,0.0,1.231,60815,576,7.24,0
2024-11-26,FMCG-Health,Hyderabad,Vendor_E,55.9,26.2,0.0,1.009,63476,0,5.64,0
2024-11-29,FMCG-Food,Mumbai,Vendor_M,50.6,26.2,0.0,1.051,58907,0,4.03,0
2024-11-29,FMCG-Food,Delhi,Vendor_G,21.2,36.7,0.421,0.896,64236,0,6.69,4
2024-11-29,FMCG-Food,Chennai,Vendor_K,45.3,38.0,0.0,1.182,16462,2288,5.4,0
2024-11-29,FMCG-Food,Kolkata,Vendor_H,54.4,28.6,0.0,1.125,15649,0,7.31,0
2024-11-29,FMCG-Beverage,Hyderabad,Vendor_N,47.5,36.6,0.0,1.044,43766,3064,6.5,0
2024-11-29,FMCG-Beverage,Mumbai,Vendor_M,46.2,26.1,0.0,1.26,57048,680,7.24,0
2024-11-29,FMCG-Beverage,Delhi,Vendor_K,84.0,27.7,0.0,0.914,14440,0,3.07,0
2024-11-29,FMCG-Beverage,Kolkata,Vendor_F,83.1,34.2,0.0,1.289,44445,752,8.37,0
2024-11-29,FMCG-Personal Care,Pune,Vendor_A,65.6,28.6,0.0,1.165,17611,0,6.66,0
2024-11-29,FMCG-Personal Care,Kolkata,Vendor_K,73.4,25.7,0.0,1.132,49701,1303,8.17,0
2024-11-29,FMCG-Personal Care,Hyderabad,Vendor_J,81.2,29.0,0.0,1.302,9107,2912,8.26,0
2024-11-29,FMCG-Personal Care,Mumbai,Vendor_L,57.1,34.1,0.0,1.259,41329,0,3.93,0
2024-11-29,FMCG-Home Care,Kolkata,Vendor_K,34.6,28.6,0.0,1.025,37939,250,3.22,0
2024-11-29,FMCG-Home Care,Delhi,Vendor_N,22.4,38.9,0.424,0.977,51702,0,5.61,6
2024-11-29,FMCG-Home Care,Pune,Vendor_I,45.2,36.7,0.0,1.047,10150,0,6.01,0
2024-11-29,FMCG-Home Care,Chennai,Vendor_E,50.3,36.5,0.0,0.961,58919,0,5.67,0
2024-11-29,FMCG-Health,Delhi,Vendor_J,34.1,39.0,0.126,1.132,40686,0,5.99,0
2024-11-29,FMCG-Health,Pune,Vendor_H,55.7,27.7,0.0,1.08,41528,0,6.67,0
2024-11-29,FMCG-Health,Chennai,Vendor_H,95.0,37.2,0.0,1.244,27457,0,3.66,0
2024-11-29,FMCG-Health,Mumbai,Vendor_M,23.0,30.8,0.253,1.119,30055,586,5.87,1
2024-12-02,FMCG-Food,Kolkata,Vendor_F,37.8,30.5,0.0,1.311,12920,867,3.48,0
2024-12-02,FMCG-Food,Ahmedabad,Vendor_F,61.7,35.2,0.0,1.182,38794,2907,6.52,0
2024-12-02,FMCG-Food,Mumbai,Vendor_O,74.9,26.4,0.0,0.953,39999,2935,7.42,0
2024-12-02,FMCG-Food,Chennai,Vendor_M,94.1,27.0,0.0,1.287,16445,3886,7.54,0
2024-12-02,FMCG-Beverage,Hyderabad,Vendor_M,57.5,27.4,0.0,1.154,9796,0,2.6,0
2024-12-02,FMCG-Beverage,Mumbai,Vendor_F,47.8,39.5,0.0,1.257,31881,827,3.47,0
2024-12-02,FMCG-Beverage,Ahmedabad,Vendor_H,71.3,30.3,0.0,1.038,52424,1147,4.88,0
2024-12-02,FMCG-Beverage,Bangalore,Vendor_E,28.1,31.0,0.093,1.005,34833,0,4.45,0
2024-12-02,FMCG-Personal Care,Mumbai,Vendor_I,74.3,29.7,0.0,1.155,13673,0,7.6,0
2024-12-02,FMCG-Personal Care,Hyderabad,Vendor_N,89.8,39.5,0.0,1.239,38506,530,4.14,0
2024-12-02,FMCG-Personal Care,Bangalore,Vendor_F,34.9,25.8,0.0,1.21,41276,0,5.55,0
2024-12-02,FMCG-Personal Care,Ahmedabad,Vendor_G,57.2,31.8,0.0,0.927,59348,537,6.83,0
2024-12-02,FMCG-Home Care,Ahmedabad,Vendor_L,25.5,27.9,0.085,1.224,45849,2688,4.38,0
2024-12-02,FMCG-Home Care,Mumbai,Vendor_F,91.4,38.5,0.0,1.293,18752,0,5.93,0
2024-12-02,FMCG-Home Care,Chennai,Vendor_A,42.7,36.3,0.0,1.302,21538,0,6.51,0
2024-12-02,FMCG-Home Care,Bangalore,Vendor_L,40.1,28.8,0.0,0.937,41498,707,2.83,0
2024-12-02,FMCG-Health,Mumbai,Vendor_D,50.3,29.8,0.0,1.017,22089,734,3.67,0
2024-12-02,FMCG-Health,Pune,Vendor_B,85.0,30.3,0.0,1.216,28034,0,4.51,0
2024-12-02,FMCG-Health,Chennai,Vendor_F,31.0,26.5,0.0,1.04,50151,1658,5.18,0
2024-12-02,FMCG-Health,Kolkata,Vendor_O,51.2,30.9,0.0,1.107,42898,143,2.61,0
2024-12-05,FMCG-Food,Kolkata,Vendor_E,88.1,33.4,0.0,0.963,8515,0,4.27,0
2024-12-05,FMCG-Food,Pune,Vendor_B,92.7,29.8,0.0,1.223,45787,0,2.72,0
2024-12-05,FMCG-Food,Ahmedabad,Vendor_F,56.5,37.2,0.0,0.916,51540,0,6.34,0
2024-12-05,FMCG-Food,Hyderabad,Vendor_N,70.9,37.3,0.0,1.036,37274,228,5.75,0
2024-12-05,FMCG-Beverage,Chennai,Vendor_K,89.9,29.0,0.0,1.058,6881,0,2.85,0
2024-12-05,FMCG-Beverage,Bangalore,Vendor_D,49.0,32.4,0.0,0.901,56389,0,3.83,0
2024-12-05,FMCG-Beverage,Kolkata,Vendor_N,74.1,32.1,0.0,1.199,9971,0,4.05,0
2024-12-05,FMCG-Beverage,Mumbai,Vendor_C,70.6,35.2,0.0,0.919,54061,1450,5.09,0
2024-12-05,FMCG-Personal Care,Mumbai,Vendor_A,54.9,34.5,0.0,1.083,7104,258,3.02,0
2024-12-05,FMCG-Personal Care,Kolkata,Vendor_H,32.0,38.3,0.164,0.938,52911,1977,3.44,0
2024-12-05,FMCG-Personal Care,Ahmedabad,Vendor_N,34.0,36.2,0.061,0.928,14405,1693,7.5,0
2024-12-05,FMCG-Personal Care,Bangalore,Vendor_A,53.1,28.8,0.0,1.052,6819,1499,5.96,0
2024-12-05,FMCG-Home Care,Delhi,Vendor_B,38.5,28.0,0.0,1.205,44403,1117,3.59,0
2024-12-05,FMCG-Home Care,Ahmedabad,Vendor_F,87.3,37.2,0.0,0.946,52874,1106,6.26,0
2024-12-05,FMCG-Home Care,Mumbai,Vendor_O,68.7,25.9,0.0,1.205,28061,2112,6.91,0
2024-12-05,FMCG-Home Care,Kolkata,Vendor_E,91.7,32.7,0.0,1.041,9864,2665,2.82,0
2024-12-05,FMCG-Health,Ahmedabad,Vendor_H,87.7,36.1,0.0,1.253,36804,0,5.19,0
2024-12-05,FMCG-Health,Bangalore,Vendor_D,52.2,27.3,0.0,0.97,26510,0,3.81,0
2024-12-05,FMCG-Health,Chennai,Vendor_N,21.2,38.5,0.449,1.294,32457,1412,3.94,0
2024-12-05,FMCG-Health,Pune,Vendor_O,53.4,33.1,0.0,0.933,56279,487,3.61,0
2024-12-08,FMCG-Food,Ahmedabad,Vendor_F,68.7,25.7,0.0,1.169,31513,0,7.02,0
2024-12-08,FMCG-Food,Chennai,Vendor_A,61.2,29.0,0.0,0.912,9399,0,4.57,0
2024-12-08,FMCG-Food,Mumbai,Vendor_M,82.7,33.2,0.0,1.164,30730,1069,6.94,0
2024-12-08,FMCG-Food,Pune,Vendor_B,89.2,38.2,0.0,0.922,13425,0,4.93,0
2024-12-08,FMCG-Beverage,Mumbai,Vendor_C,48.6,38.8,0.0,1.291,37680,301,7.37,0
2024-12-08,FMCG-Beverage,Hyderabad,Vendor_E,26.8,30.0,0.107,1.171,52935,194,7.41,1
2024-12-08,FMCG-Beverage,Pune,Vendor_K,51.6,29.6,0.0,1.149,41882,770,2.58,0
2024-12-08,FMCG-Beverage,Kolkata,Vendor_A,46.2,37.1,0.0,1.169,22345,1387,6.64,0
2024-12-08,FMCG-Personal Care,Mumbai,Vendor_N,45.1,37.3,0.0,0.946,21012,0,6.18,0
2024-12-08,FMCG-Personal Care,Chennai,Vendor_H,85.2,39.2,0.0,0.967,46099,920,6.09,0
2024-12-08,FMCG-Personal Care,Pune,Vendor_L,55.2,37.6,0.0,1.174,45648,150,3.39,0
2024-12-08,FMCG-Personal Care,Bangalore,Vendor_M,28.5,39.8,0.283,1.173,19127,743,7.12,3
2024-12-08,FMCG-Home Care,Bangalore,Vendor_K,31.2,39.6,0.213,1.159,48925,0,7.22,0
2024-12-08,FMCG-Home Care,Ahmedabad,Vendor_F,29.2,38.0,0.23,1.231,48115,0,3.39,1
2024-12-08,FMCG-Home Care,Pune,Vendor_H,87.9,32.0,0.0,1.05,54624,0,8.35,0
2024-12-08,FMCG-Home Care,Kolkata,Vendor_B,51.8,34.0,0.0,1.088,15886,2044,8.34,0
2024-12-08,FMCG-Health,Delhi,Vendor_H,45.3,35.7,0.0,0.976,25025,0,7.29,0
2024-12-08,FMCG-Health,Hyderabad,Vendor_F,73.4,33.3,0.0,1.157,16764,428,8.06,0
2024-12-08,FMCG-Health,Pune,Vendor_N,93.0,30.9,0.0,1.293,16326,1161,6.48,0
2024-12-08,FMCG-Health,Chennai,Vendor_H,71.1,32.7,0.0,1.262,28242,0,3.72,0
2024-12-11,FMCG-Food,Kolkata,Vendor_A,83.3,28.2,0.0,1.007,30236,1903,6.47,0
2024-12-11,FMCG-Food,Ahmedabad,Vendor_L,67.5,39.7,0.0,1.21,47771,0,5.96,0
2024-12-11,FMCG-Food,Bangalore,Vendor_M,51.2,30.4,0.0,1.007,22458,0,3.07,0
2024-12-11,FMCG-Food,Mumbai,Vendor_L,27.7,26.7,0.0,1.273,40246,0,7.68,0
2024-12-11,FMCG-Beverage,Chennai,Vendor_G,75.6,31.2,0.0,1.029,59699,450,2.82,0
2024-12-11,FMCG-Beverage,Ahmedabad,Vendor_G,86.9,28.5,0.0,1.175,39729,0,8.48,0
2024-12-11,FMCG-Beverage,Delhi,Vendor_I,39.1,32.8,0.0,0.979,55946,0,6.59,0
2024-12-11,FMCG-Beverage,Bangalore,Vendor_K,43.6,38.8,0.0,1.101,34279,0,7.54,0
2024-12-11,FMCG-Personal Care,Mumbai,Vendor_J,21.6,25.1,0.138,0.9,11058,0,5.72,2
2024-12-11,FMCG-Personal Care,Hyderabad,Vendor_M,59.6,27.3,0.0,1.18,6558,1441,8.09,0
2024-12-11,FMCG-Personal Care,Ahmedabad,Vendor_E,90.7,32.4,0.0,1.144,8795,0,7.67,0
2024-12-11,FMCG-Personal Care,Delhi,Vendor_N,61.8,27.7,0.0,1.039,11628,0,7.23,0
2024-12-11,FMCG-Home Care,Ahmedabad,Vendor_K,46.1,39.7,0.0,1.07,17175,1591,3.92,0
2024-12-11,FMCG-Home Care,Delhi,Vendor_F,80.9,38.1,0.0,1.036,37414,0,4.41,0
2024-12-11,FMCG-Home Care,Bangalore,Vendor_B,32.6,27.5,0.0,1.196,48998,0,5.11,0
2024-12-11,FMCG-Home Care,Pune,Vendor_E,40.8,27.2,0.0,1.21,23771,0,4.58,0
2024-12-11,FMCG-Health,Delhi,Vendor_B,60.1,31.6,0.0,1.05,26928,892,5.11,0
2024-12-11,FMCG-Health,Mumbai,Vendor_I,88.1,34.5,0.0,1.27,14124,0,4.83,0
2024-12-11,FMCG-Health,Ahmedabad,Vendor_K,28.5,37.2,0.232,1.208,44805,0,6.91,0
2024-12-11,FMCG-Health,Bangalore,Vendor_K,30.4,32.4,0.063,1.052,56710,595,8.37,2
2024-12-14,FMCG-Food,Chennai,Vendor_M,69.7,25.7,0.0,0.941,13415,803,2.8,0
2024-12-14,FMCG-Food,Mumbai,Vendor_G,33.6,27.6,0.0,0.978,35064,0,5.24,0
2024-12-14,FMCG-Food,Pune,Vendor_L,75.6,36.1,0.0,1.27,32312,189,2.82,0
2024-12-14,FMCG-Food,Delhi,Vendor_K,88.3,36.1,0.0,1.102,37931,0,3.57,0
2024-12-14,FMCG-Beverage,Delhi,Vendor_N,20.7,31.9,0.352,1.223,35677,2340,7.08,0
2024-12-14,FMCG-Beverage,Kolkata,Vendor_F,26.8,27.8,0.037,1.147,28576,0,4.39,0
2024-12-14,FMCG-Beverage,Chennai,Vendor_D,27.2,28.4,0.04,0.92,31211,0,2.73,0
2024-12-14,FMCG-Beverage,Mumbai,Vendor_C,43.6,32.2,0.0,1.161,45589,0,7.45,0
2024-12-14,FMCG-Personal Care,Ahmedabad,Vendor_M,74.9,29.6,0.0,1.3,15082,0,5.7,0
2024-12-14,FMCG-Personal Care,Delhi,Vendor_J,59.5,26.1,0.0,1.028,47525,2534,5.2,0
2024-12-14,FMCG-Personal Care,Mumbai,Vendor_O,71.5,35.8,0.0,0.944,51420,0,3.01,0
2024-12-14,FMCG-Personal Care,Hyderabad,Vendor_F,52.3,36.5,0.0,1.128,36095,4813,6.06,0
2024-12-14,FMCG-Home Care,Delhi,Vendor_O,23.4,36.7,0.362,1.022,52190,3264,4.95,2
2024-12-14,FMCG-Home Care,Chennai,Vendor_A,61.1,39.6,0.0,1.183,23592,2658,2.87,0
2024-12-14,FMCG-Home Care,Bangalore,Vendor_L,93.9,37.4,0.0,0.965,39535,1213,6.02,0
2024-12-14,FMCG-Home Care,Kolkata,Vendor_J,42.0,37.9,0.0,1.206,44589,1070,2.93,0
2024-12-14,FMCG-Health,Bangalore,Vendor_K,53.1,28.2,0.0,1.077,57805,2491,3.05,0
2024-12-14,FMCG-Health,Delhi,Vendor_I,94.1,31.6,0.0,1.206,31388,0,2.85,0
2024-12-14,FMCG-Health,Chennai,Vendor_B,38.1,29.8,0.0,1.266,41161,1838,7.69,0
2024-12-14,FMCG-Health,Pune,Vendor_G,51.5,34.1,0.0,1.262,45902,0,8.37,0
2024-12-17,FMCG-Food,Delhi,Vendor_D,81.7,31.8,0.0,1.074,39661,835,6.33,0
2024-12-17,FMCG-Food,Kolkata,Vendor_I,33.3,26.0,0.0,1.025,59426,1123,4.61,0
2024-12-17,FMCG-Food,Ahmedabad,Vendor_L,74.5,28.9,0.0,1.21,6259,2292,8.07,0
2024-12-17,FMCG-Food,Pune,Vendor_J,90.2,27.3,0.0,0.926,36341,1415,4.95,0
2024-12-17,FMCG-Beverage,Hyderabad,Vendor_C,30.6,29.9,0.0,1.162,33043,408,3.57,0
2024-12-17,FMCG-Beverage,Chennai,Vendor_B,80.9,25.0,0.0,1.126,18939,0,2.68,0
2024-12-17,FMCG-Beverage,Bangalore,Vendor_G,80.5,35.8,0.0,1.044,43408,0,4.79,0
2024-12-17,FMCG-Beverage,Ahmedabad,Vendor_D,31.3,27.4,0.0,0.92,30956,0,4.8,0
2024-12-17,FMCG-Personal Care,Ahmedabad,Vendor_F,45.4,33.8,0.0,1.122,49725,0,3.92,0
2024-12-17,FMCG-Personal Care,Mumbai,Vendor_H,45.8,31.5,0.0,0.963,37864,3486,7.79,0
2024-12-17,FMCG-Personal Care,Kolkata,Vendor_G,82.1,25.1,0.0,1.014,39598,1997,5.28,0
2024-12-17,FMCG-Personal Care,Chennai,Vendor_J,87.9,39.8,0.0,1.054,46657,509,5.6,0
2024-12-17,FMCG-Home Care,Kolkata,Vendor_B,83.1,31.5,0.0,0.928,44276,1629,5.75,0
2024-12-17,FMCG-Home Care,Hyderabad,Vendor_K,70.8,37.0,0.0,0.992,30998,1506,4.03,0
2024-12-17,FMCG-Home Care,Mumbai,Vendor_L,42.2,29.2,0.0,1.026,28057,0,8.18,0
2024-12-17,FMCG-Home Care,Bangalore,Vendor_M,68.4,39.0,0.0,1.049,50354,1273,5.43,0
2024-12-17,FMCG-Health,Bangalore,Vendor_N,77.1,30.4,0.0,1.15,14227,2539,4.16,0
2024-12-17,FMCG-Health,Ahmedabad,Vendor_C,32.1,37.0,0.134,1.091,46499,0,7.01,0
2024-12-17,FMCG-Health,Kolkata,Vendor_J,39.9,32.0,0.0,1.103,58046,0,4.33,0
2024-12-17,FMCG-Health,Chennai,Vendor_G,81.7,35.2,0.0,1.179,49052,0,7.3,0
2024-12-20,FMCG-Food,Bangalore,Vendor_F,82.4,29.1,0.0,1.211,20909,0,3.76,0
2024-12-20,FMCG-Food,Ahmedabad,Vendor_I,62.8,35.5,0.0,1.133,58449,0,5.64,0
2024-12-20,FMCG-Food,Delhi,Vendor_K,73.6,27.3,0.0,1.017,28090,0,2.78,0
2024-12-20,FMCG-Food,Mumbai,Vendor_K,52.6,32.0,0.0,1.026,33786,0,3.83,0
2024-12-20,FMCG-Beverage,Pune,Vendor_G,47.4,36.0,0.0,0.936,39077,0,5.75,0
2024-12-20,FMCG-Beverage,Delhi,Vendor_O,77.8,39.6,0.0,1.11,53584,0,4.66,0
2024-12-20,FMCG-Beverage,Kolkata,Vendor_N,91.6,39.8,0.0,1.197,55756,672,3.91,0
2024-12-20,FMCG-Beverage,Ahmedabad,Vendor_I,29.8,27.9,0.0,1.01,42790,3539,3.97,0
2024-12-20,FMCG-Personal Care,Ahmedabad,Vendor_K,65.7,30.8,0.0,1.021,49156,0,3.52,0
2024-12-20,FMCG-Personal Care,Bangalore,Vendor_B,81.9,37.7,0.0,1.166,39044,0,4.99,0
2024-12-20,FMCG-Personal Care,Kolkata,Vendor_C,66.7,28.1,0.0,1.242,35002,1596,4.7,0
2024-12-20,FMCG-Personal Care,Pune,Vendor_N,47.6,31.3,0.0,1.125,15920,810,7.95,0
2024-12-20,FMCG-Home Care,Ahmedabad,Vendor_J,81.4,32.0,0.0,1.312,7791,912,8.2,0
2024-12-20,FMCG-Home Care,Kolkata,Vendor_K,50.1,36.1,0.0,0.949,57575,1397,6.2,0
2024-12-20,FMCG-Home Care,Pune,Vendor_A,30.9,31.9,0.031,1.26,7034,0,3.1,0
2024-12-20,FMCG-Home Care,Mumbai,Vendor_L,79.8,36.9,0.0,0.909,26985,0,7.37,0
2024-12-20,FMCG-Health,Ahmedabad,Vendor_K,45.1,39.0,0.0,0.924,35681,0,4.67,0
2024-12-20,FMCG-Health,Mumbai,Vendor_C,50.6,31.1,0.0,1.185,43243,4487,2.73,0
2024-12-20,FMCG-Health,Bangalore,Vendor_M,32.5,31.4,0.0,1.149,28129,0,6.27,0
2024-12-20,FMCG-Health,Kolkata,Vendor_L,28.5,40.0,0.287,1.197,43345,0,3.71,1
2024-12-23,FMCG-Food,Pune,Vendor_G,30.0,29.2,0.0,1.15,17384,1433,5.05,0
2024-12-23,FMCG-Food,Mumbai,Vendor_J,62.1,37.2,0.0,1.004,26165,249,5.32,0
2024-12-23,FMCG-Food,Bangalore,Vendor_E,43.2,31.4,0.0,0.913,16654,0,5.38,0
2024-12-23,FMCG-Food,Ahmedabad,Vendor_M,45.8,39.0,0.0,1.276,43785,0,8.34,0
2024-12-23,FMCG-Beverage,Bangalore,Vendor_D,34.4,26.4,0.0,0.937,14896,3179,6.7,0
2024-12-23,FMCG-Beverage,Ahmedabad,Vendor_F,51.8,33.1,0.0,0.96,35109,0,6.31,0
2024-12-23,FMCG-Beverage,Hyderabad,Vendor_E,50.8,32.3,0.0,0.987,17885,0,4.25,0
2024-12-23,FMCG-Beverage,Pune,Vendor_O,89.5,36.4,0.0,1.024,35578,1953,4.74,0
2024-12-23,FMCG-Personal Care,Ahmedabad,Vendor_E,46.8,30.6,0.0,1.08,42717,0,3.23,0
2024-12-23,FMCG-Personal Care,Hyderabad,Vendor_J,69.7,35.8,0.0,1.1,57526,0,2.89,0
2024-12-23,FMCG-Personal Care,Pune,Vendor_M,22.8,29.4,0.226,1.144,50940,0,6.29,2
2024-12-23,FMCG-Personal Care,Mumbai,Vendor_O,27.2,29.4,0.072,0.904,34296,3004,6.14,1
2024-12-23,FMCG-Home Care,Bangalore,Vendor_I,54.4,36.3,0.0,1.185,42848,0,7.32,0
2024-12-23,FMCG-Home Care,Kolkata,Vendor_B,58.6,28.0,0.0,1.194,18949,0,5.4,0
2024-12-23,FMCG-Home Care,Delhi,Vendor_H,29.2,30.2,0.034,1.097,43847,0,3.42,0
2024-12-23,FMCG-Home Care,Pune,Vendor_J,86.9,35.3,0.0,1.193,40468,983,7.33,0
2024-12-23,FMCG-Health,Ahmedabad,Vendor_J,58.7,27.1,0.0,1.241,40039,1678,3.83,0
2024-12-23,FMCG-Health,Delhi,Vendor_M,56.7,38.7,0.0,1.182,52637,0,6.84,0
2024-12-23,FMCG-Health,Hyderabad,Vendor_F,34.1,37.8,0.099,1.311,20726,0,2.86,0
2024-12-23,FMCG-Health,Pune,Vendor_E,33.4,31.5,0.0,1.091,42287,0,5.49,0
2024-12-26,FMCG-Food,Chennai,Vendor_N,55.5,28.7,0.0,1.249,32930,0,6.76,0
2024-12-26,FMCG-Food,Delhi,Vendor_J,72.0,32.7,0.0,1.095,9261,0,3.71,0
2024-12-26,FMCG-Food,Bangalore,Vendor_J,48.2,33.6,0.0,0.985,58667,2860,7.05,0
2024-12-26,FMCG-Food,Kolkata,Vendor_B,62.9,39.0,0.0,1.131,19584,0,7.05,0
2024-12-26,FMCG-Beverage,Hyderabad,Vendor_N,85.2,28.3,0.0,1.125,45574,3400,3.11,0
2024-12-26,FMCG-Beverage,Bangalore,Vendor_N,34.8,34.9,0.001,1.286,33896,0,4.2,0
2024-12-26,FMCG-Beverage,Chennai,Vendor_L,27.4,31.1,0.118,1.228,28576,0,2.86,0
2024-12-26,FMCG-Beverage,Mumbai,Vendor_O,27.3,31.8,0.142,1.259,22946,0,4.19,0
2024-12-26,FMCG-Personal Care,Mumbai,Vendor_J,76.2,28.2,0.0,1.033,6218,0,5.52,0
2024-12-26,FMCG-Personal Care,Delhi,Vendor_O,83.4,29.5,0.0,1.156,19997,0,6.11,0
2024-12-26,FMCG-Personal Care,Kolkata,Vendor_B,25.4,26.4,0.036,1.162,24165,0,7.75,0
2024-12-26,FMCG-Personal Care,Chennai,Vendor_B,45.0,26.7,0.0,1.015,49059,0,4.24,0
2024-12-26,FMCG-Home Care,Delhi,Vendor_K,93.4,26.2,0.0,1.196,39249,938,4.46,0
2024-12-26,FMCG-Home Care,Bangalore,Vendor_F,54.0,35.2,0.0,1.177,53282,0,7.28,0
2024-12-26,FMCG-Home Care,Chennai,Vendor_G,69.7,28.1,0.0,1.21,16686,0,4.55,0
2024-12-26,FMCG-Home Care,Ahmedabad,Vendor_M,71.4,34.0,0.0,0.99,22333,0,3.55,0
2024-12-26,FMCG-Health,Pune,Vendor_M,48.2,26.3,0.0,1.042,33829,2088,3.35,0
2024-12-26,FMCG-Health,Hyderabad,Vendor_C,41.3,31.2,0.0,1.035,43460,922,6.37,0
2024-12-26,FMCG-Health,Chennai,Vendor_G,57.9,30.7,0.0,0.937,22874,0,4.91,0
2024-12-26,FMCG-Health,Ahmedabad,Vendor_E,68.6,33.9,0.0,1.013,14951,1014,3.68,0
2024-12-29,FMCG-Food,Hyderabad,Vendor_H,38.6,38.4,0.0,1.169,27821,1830,4.06,0
2024-12-29,FMCG-Food,Kolkata,Vendor_F,74.4,32.9,0.0,1.225,24393,0,7.05,0
2024-12-29,FMCG-Food,Ahmedabad,Vendor_N,81.0,31.1,0.0,1.276,26001,986,6.51,0
2024-12-29,FMCG-Food,Bangalore,Vendor_N,76.7,35.0,0.0,0.908,20542,0,4.85,0
2024-12-29,FMCG-Beverage,Pune,Vendor_N,92.0,39.8,0.0,0.911,39895,2565,5.62,0
2024-12-29,FMCG-Beverage,Chennai,Vendor_L,36.6,35.2,0.0,1.301,41631,0,2.71,0
2024-12-29,FMCG-Beverage,Mumbai,Vendor_M,57.8,39.1,0.0,1.168,55181,0,7.27,0
2024-12-29,FMCG-Beverage,Delhi,Vendor_G,92.7,39.2,0.0,1.158,10372,532,4.3,0
2024-12-29,FMCG-Personal Care,Kolkata,Vendor_O,23.8,35.7,0.332,1.144,55733,0,7.28,1
2024-12-29,FMCG-Personal Care,Delhi,Vendor_H,53.7,30.8,0.0,1.002,25221,3341,3.15,0
2024-12-29,FMCG-Personal Care,Hyderabad,Vendor_E,53.9,37.1,0.0,1.037,23556,0,7.81,0
2024-12-29,FMCG-Personal Care,Pune,Vendor_J,75.0,26.7,0.0,1.309,57579,946,7.05,0
2024-12-29,FMCG-Home Care,Ahmedabad,Vendor_N,80.2,35.7,0.0,1.287,11422,0,2.98,0
2024-12-29,FMCG-Home Care,Hyderabad,Vendor_N,55.2,35.1,0.0,0.956,17897,1660,4.51,0
2024-12-29,FMCG-Home Care,Pune,Vendor_A,25.9,28.6,0.095,0.99,8565,977,8.45,0
2024-12-29,FMCG-Home Care,Chennai,Vendor_E,82.7,31.1,0.0,1.174,37506,0,3.55,0
2024-12-29,FMCG-Health,Kolkata,Vendor_M,37.4,29.2,0.0,1.158,22123,920,2.9,0
2024-12-29,FMCG-Health,Chennai,Vendor_G,20.6,33.0,0.375,1.093,46226,1679,7.85,2
2024-12-29,FMCG-Health,Delhi,Vendor_K,48.5,25.5,0.0,1.231,48116,0,5.38,0
2024-12-29,FMCG-Health,Mumbai,Vendor_B,45.2,35.0,0.0,0.902,22103,1243,6.42,0
